actual_irrigation_demand,predicted_irrigation_demand,irrigation_recommendation
20.976671970394033,23.278305,MEDIUM
22.392313828760287,20.598682,MEDIUM
20.74400254393528,20.643389,MEDIUM
18.935480478380637,20.31984,MEDIUM
21.714179785578967,19.333344,MEDIUM
19.16506745561664,19.813187,MEDIUM
20.69938399196316,19.71693,MEDIUM
22.44060808641538,19.66126,MEDIUM
22.448900150180847,20.544971,MEDIUM
21.410855694641327,21.501137,MEDIUM
23.46426888000362,21.44828,MEDIUM
21.795889554594876,22.08831,MEDIUM
25.077864351840134,22.020555,MEDIUM
21.415270370887185,23.258804,MEDIUM
23.091079189726944,22.550049,MEDIUM
22.344788590590774,22.42099,MEDIUM
22.686487622423844,22.215225,MEDIUM
19.804662277588687,22.220951,MEDIUM
23.506495330104737,21.017242,MEDIUM
23.24471654522038,21.603394,MEDIUM
22.482131201099463,22.11577,MEDIUM
23.11918576810392,22.37588,MEDIUM
22.412248582526836,22.451103,MEDIUM
21.188932498239165,22.334753,MEDIUM
18.638904836506814,21.599117,MEDIUM
22.745559505881406,19.900372,MEDIUM
21.207360877078884,20.550924,MEDIUM
21.227503774396286,20.498386,MEDIUM
20.2374040108074,20.662956,MEDIUM
14.84819557530101,20.48913,MEDIUM
14.34047880222824,15.118372,MEDIUM
12.388299284173463,13.90086,MEDIUM
13.098165561686683,13.7701435,MEDIUM
13.824425938199907,13.447969,MEDIUM
11.316986614871942,13.369549,MEDIUM
12.268125842925734,12.902056,MEDIUM
13.937738612070229,12.643587,MEDIUM
13.264889027921054,13.1136875,MEDIUM
12.888318177115618,13.292894,MEDIUM
10.617436129416674,13.259609,MEDIUM
11.181933297046616,12.443596,MEDIUM
15.432859572644364,11.9099045,MEDIUM
11.18424058794502,13.479834,MEDIUM
14.448488984547506,12.749115,MEDIUM
15.800618834903055,13.579256,MEDIUM
15.749314015722018,14.205254,MEDIUM
15.118522013663654,15.094631,MEDIUM
14.604515021515084,15.342958,MEDIUM
13.059290281172245,15.293207,MEDIUM
13.45639440777064,14.61203,MEDIUM
15.633810527489164,14.178482,MEDIUM
15.458162605683931,14.582533,MEDIUM
13.640178583131807,14.89642,MEDIUM
15.13039855301587,14.603292,MEDIUM
14.393782515598206,14.929298,MEDIUM
13.296445816561258,14.890062,MEDIUM
11.282216875467594,14.368982,MEDIUM
12.931778100883795,13.303686,MEDIUM
10.631110155220142,13.053814,MEDIUM
12.128775555225484,12.151787,MEDIUM
10.845144499193244,13.238079,MEDIUM
10.718869236496328,12.840559,MEDIUM
13.972006151860711,12.608192,MEDIUM
10.440946849371006,13.178669,MEDIUM
9.592020795985272,12.504133,MEDIUM
10.347296878380247,11.741674,MEDIUM
14.09298988807975,11.2449,MEDIUM
11.88971838286433,12.581013,MEDIUM
13.103220982960641,12.520521,MEDIUM
11.778029711526546,12.969,MEDIUM
12.608708058249517,12.585882,MEDIUM
11.777723773496948,12.995794,MEDIUM
14.90131678410741,12.955135,MEDIUM
10.87411636433178,13.962786,MEDIUM
13.220743837340237,13.182461,MEDIUM
15.507711893322023,13.567032,MEDIUM
11.115347222735814,14.276184,MEDIUM
14.71909799901908,13.794863,MEDIUM
14.43565302874151,14.401415,MEDIUM
12.0934333004475,14.575338,MEDIUM
16.422914056576598,14.058723,MEDIUM
14.821084660310715,15.263561,MEDIUM
13.397400856074155,15.298498,MEDIUM
11.284816971368114,15.000565,MEDIUM
12.333356711054464,13.886198,MEDIUM
10.141225635951,13.620449,MEDIUM
13.431364538865836,12.532625,MEDIUM
14.528582523034334,12.916559,MEDIUM
14.825552641354985,13.520706,MEDIUM
20.728946153659123,13.970394,MEDIUM
22.91296899684289,18.048168,MEDIUM
18.323827986537935,20.554996,MEDIUM
20.8881289709216,20.094982,MEDIUM
19.846212821351585,20.394287,MEDIUM
18.93867522459723,20.113426,MEDIUM
21.52489886795619,19.563068,MEDIUM
19.09991876446089,19.981144,MEDIUM
20.84219701130461,19.542864,MEDIUM
24.272153292869817,20.055056,MEDIUM
22.366947142822482,22.087036,MEDIUM
21.953409930381078,22.395563,MEDIUM
20.831307817127,22.372314,MEDIUM
25.365601564107394,21.831854,MEDIUM
22.968485357342132,23.240355,MEDIUM
24.933383416599796,22.978115,MEDIUM
22.83408090784696,23.876328,MEDIUM
21.449162301799014,23.618786,MEDIUM
24.170853917529136,22.908024,MEDIUM
23.673813906283897,23.178154,MEDIUM
25.312953035214594,23.105316,MEDIUM
23.862488954645233,23.96748,MEDIUM
23.16600913270929,23.683475,MEDIUM
24.430169707155237,23.433018,MEDIUM
21.06025452779895,23.33099,MEDIUM
21.44428272738181,22.343195,MEDIUM
21.356047180635343,21.761604,MEDIUM
21.757069743520127,21.149975,MEDIUM
23.286842953764644,21.127472,MEDIUM
20.614003872769928,21.75116,MEDIUM
15.794439580197404,21.220232,MEDIUM
15.464875032637465,17.461933,MEDIUM
14.860569957643063,15.981665,MEDIUM
15.349151572699933,15.526413,MEDIUM
12.619943720515288,15.25429,MEDIUM
13.698456803044708,14.528906,MEDIUM
13.614275748870634,14.489073,MEDIUM
13.057339877956425,14.318975,MEDIUM
17.35644960015714,14.142244,MEDIUM
15.22247458043605,15.6949215,MEDIUM
11.54733504894183,15.730713,MEDIUM
16.571761021148582,14.683176,MEDIUM
13.396104258755454,15.7315445,MEDIUM
17.58852352152858,15.128618,MEDIUM
17.967925407266158,16.387531,MEDIUM
15.148083438493892,16.906511,MEDIUM
14.799962108859305,16.824968,MEDIUM
16.68923177995591,16.246046,MEDIUM
18.49139298522277,16.446005,MEDIUM
18.113897077447795,17.133263,MEDIUM
18.580928862781796,17.72742,MEDIUM
15.897095989226031,18.366018,MEDIUM
19.23456791358251,17.800217,MEDIUM
17.25170683122426,18.466797,MEDIUM
17.652748968122296,17.924482,MEDIUM
14.76210666001656,17.847614,MEDIUM
14.540119825388018,16.596935,MEDIUM
13.187608999369933,15.924538,MEDIUM
12.906354992209765,15.002333,MEDIUM
14.815739970403964,14.24629,MEDIUM
35.76634565106734,14.4814625,MEDIUM
37.722413358780784,35.0387,HIGH
34.841735926243665,34.710453,HIGH
34.4741667981027,34.479763,HIGH
35.36564752100046,34.0822,HIGH
37.05605417077517,34.1791,HIGH
36.66817829854397,35.402256,HIGH
33.90042055988784,34.33958,HIGH
33.03712818416598,32.996384,HIGH
34.10438872473575,32.71294,HIGH
35.04192467033819,32.18604,HIGH
37.04047127139611,32.10942,HIGH
36.605213947390304,33.47386,HIGH
35.94847341986117,34.863083,HIGH
36.01831837097507,35.518024,HIGH
36.44756364500112,35.713097,HIGH
38.276701147680896,35.918568,HIGH
37.99336266523635,36.888115,HIGH
38.0693629661036,37.324924,HIGH
35.723764878664426,38.100628,HIGH
40.47424210784863,37.33354,HIGH
37.772953968718554,37.9063,HIGH
39.35493956946279,36.846508,HIGH
37.792021494471015,37.059258,HIGH
35.21034583695171,36.927834,HIGH
35.48813332272696,35.443886,HIGH
35.327498915618605,34.832478,HIGH
33.573342303574364,32.655056,HIGH
35.65522773536632,32.283207,HIGH
35.29831049246429,32.04458,HIGH
3.0386986079185405,32.97861,HIGH
1.6912340607356438,3.4636197,LOW
1.9969409815219787,2.2366452,LOW
0.0,1.0700979,LOW
0.0,0.9679812,LOW
0.0,1.0455632,LOW
0.0,1.1642478,LOW
0.0,1.402422,LOW
0.0,1.2374296,LOW
0.860633695439434,1.1589527,LOW
0.0,1.1625712,LOW
0.0,1.160396,LOW
4.382245054620588,1.0959265,LOW
4.317511756622849,1.4480034,LOW
2.4320874274969047,1.8611774,LOW
2.925257043205562,2.1707296,LOW
1.1808311360874661,2.121419,LOW
2.112823219841312,2.1406984,LOW
5.24343217099951,2.6159742,LOW
4.640469054465575,3.5086584,LOW
4.568941177586877,3.5707893,LOW
2.5457079274036296,3.7982469,LOW
3.372066910206211,3.474556,LOW
1.892204163396359,3.7561307,LOW
3.8448965496111764,3.7549474,LOW
1.3222384193921215,3.7408447,LOW
2.770786812812082,3.1525877,LOW
1.4888857373784692,2.8016574,LOW
2.111921378003096,2.4352293,LOW
0.0,2.358756,LOW
13.461103187890426,2.0162015,LOW
10.290614215018953,14.2875805,MEDIUM
13.158892100853949,11.537056,MEDIUM
12.794013509958997,11.586189,MEDIUM
12.123779433782294,11.669252,MEDIUM
11.119426072186256,11.7633915,MEDIUM
10.215149880806818,12.079117,MEDIUM
8.017727174281125,11.894159,MEDIUM
10.030615671138593,10.837969,MEDIUM
8.528431539071425,10.701355,MEDIUM
12.219861648059545,10.481682,MEDIUM
11.487811745053447,10.851557,MEDIUM
12.891026391318864,11.038038,MEDIUM
11.41687316608585,11.672665,MEDIUM
13.487238971315977,11.723824,MEDIUM
14.053065163179118,12.82933,MEDIUM
10.690816031229792,13.438574,MEDIUM
14.41002231915342,13.116434,MEDIUM
14.93526148328906,13.882893,MEDIUM
14.87743405666936,14.2821865,MEDIUM
13.480782494876799,14.820961,MEDIUM
16.569384443184624,14.687376,MEDIUM
11.09038439707903,15.717058,MEDIUM
12.99689791899795,14.195442,MEDIUM
12.715159884578483,13.995575,MEDIUM
12.855823949972153,13.647703,MEDIUM
11.254600312670688,13.530582,MEDIUM
10.669372715645801,13.000994,MEDIUM
12.004163718121774,12.383867,MEDIUM
12.832459112029667,12.393139,MEDIUM
2.843833984247855,12.60574,MEDIUM
0.0,4.155655,LOW
1.5085384327479865,1.4480565,LOW
1.713791574893163,0.9734992,LOW
3.0249832521030147,1.112464,LOW
0.0,1.7212441,LOW
0.564773098751397,1.7580476,LOW
1.3518979138526728,1.512038,LOW
0.0,1.5759914,LOW
0.0,1.5680443,LOW
1.816784691441546,1.3935251,LOW
0.7756261553878705,1.3598131,LOW
0.0,1.3786787,LOW
1.3412387598482525,1.3215071,LOW
1.2684145221123941,1.2780586,LOW
1.4730574625303827,1.2912685,LOW
3.8454076995084385,1.4572169,LOW
3.3426762371053194,1.7396805,LOW
3.7195278399406924,1.9188405,LOW
4.609358496449241,2.5200982,LOW
3.109906847552132,3.2248125,LOW
1.310784331255574,3.463094,LOW
1.4734159298584792,3.4292154,LOW
2.539343266056063,3.0345957,LOW
2.654525029653829,2.9320476,LOW
0.0,2.847224,LOW
2.37124587826853,1.9707791,LOW
1.7829081601749923,1.910951,LOW
0.0,1.8890566,LOW
0.0,1.7157565,LOW
26.30832964982172,1.47783,LOW
28.26588007498708,27.86997,HIGH
25.984776148129605,26.378372,HIGH
26.82498658915997,26.232258,HIGH
26.44789775863281,25.721214,HIGH
26.496236279601142,25.541023,HIGH
26.80122996568748,25.58952,HIGH
27.26985015327508,25.836586,HIGH
28.29417923412276,26.164127,HIGH
26.654387324780338,26.725376,HIGH
27.786902292942447,26.467163,HIGH
28.215918974931316,26.627672,HIGH
29.42384788532724,26.775902,HIGH
29.43466737958781,27.50547,HIGH
27.362323841154797,28.186481,HIGH
30.653046560856506,28.26961,HIGH
31.207062952852887,29.467009,HIGH
28.097402068772915,30.10714,HIGH
30.75306163361756,29.027958,HIGH
28.67019489810921,29.309494,HIGH
30.563972206118198,28.60994,HIGH
30.85206496224651,29.02695,HIGH
30.97173768654601,29.25394,HIGH
30.470784545370268,29.874643,HIGH
28.942854030700108,29.783651,HIGH
28.25643464742011,29.11172,HIGH
28.496232913631584,27.973328,HIGH
25.853674829465163,26.692541,HIGH
26.98581298165031,25.634628,HIGH
26.421965947693085,25.16792,HIGH
8.322484289769779,24.94339,MEDIUM
7.900128475087582,6.731208,LOW
5.6583532397561545,6.6593494,LOW
7.005369127021581,6.1080184,LOW
2.897634363239318,5.9961267,LOW
3.944042786129243,4.3387456,LOW
6.5371746839813,3.6604495,LOW
4.91738479668637,5.916414,LOW
6.863253428646795,5.8028617,LOW
5.97337486158348,6.0440946,LOW
5.671076527884528,5.999095,LOW
7.206220173896163,6.160261,LOW
3.6789906649780324,6.6011295,LOW
6.283716285938212,6.270683,LOW
8.342328528629476,6.353076,LOW
7.505263230648142,6.9676447,LOW
7.7614423185823185,7.215156,LOW
5.9985860396153505,7.447293,LOW
9.016172189346296,7.271274,LOW
6.171677993720081,7.8720064,LOW
9.09644976724499,8.017004,LOW
8.884224455232856,8.518344,LOW
7.818716160814402,8.510086,LOW
8.75032088342198,8.635723,LOW
7.135810384866081,8.808098,LOW
6.961975675457541,8.642212,LOW
7.550652948043094,8.414158,LOW
3.773965728507571,8.386349,LOW
6.438728460961109,7.190707,LOW
2.436347668353747,6.940902,LOW
16.13015835171073,5.6796117,LOW
16.28483861309225,16.46542,MEDIUM
15.552030098930958,15.486633,MEDIUM
15.575511330960538,14.979933,MEDIUM
17.027482337013495,14.749523,MEDIUM
12.82968746259428,15.595631,MEDIUM
17.29732689241236,14.920967,MEDIUM
14.011958585550007,16.244852,MEDIUM
15.595501824850166,15.544003,MEDIUM
16.503925410842626,15.701809,MEDIUM
17.389843544567682,15.966076,MEDIUM
16.648905583352118,16.572142,MEDIUM
17.509484839287445,16.651316,MEDIUM
18.472725676134857,17.096457,MEDIUM
18.102603257073504,17.71652,MEDIUM
14.735012365613795,18.01715,MEDIUM
19.150238891190817,16.908184,MEDIUM
17.65726122038471,17.839542,MEDIUM
20.875786067347082,17.79863,MEDIUM
19.966774725414094,18.915133,MEDIUM
21.91151050759919,19.262892,MEDIUM
17.34985375767289,20.259348,MEDIUM
19.529742614065,19.34993,MEDIUM
20.39975674509157,18.964893,MEDIUM
18.829033610791406,19.264242,MEDIUM
17.32917747303128,19.093994,MEDIUM
19.07188070852765,18.107368,MEDIUM
17.676445012566464,18.191753,MEDIUM
14.403313681515833,17.968441,MEDIUM
16.42802228783615,16.421497,MEDIUM
29.602746337241335,16.103334,MEDIUM
29.50510855775314,28.138823,HIGH
28.033786739559986,28.965855,HIGH
29.538733849383576,28.178669,HIGH
27.89656019694892,28.452818,HIGH
28.442248895274556,28.191717,HIGH
25.457736564651647,28.137833,HIGH
27.992214650046837,26.164095,HIGH
27.524628715548687,26.097681,HIGH
26.04549569810253,26.188667,HIGH
27.13297509209728,25.860653,HIGH
28.514901584201716,25.79403,HIGH
27.163567137089057,26.603767,HIGH
28.932108640747188,26.738354,HIGH
29.88742221298267,27.453382,HIGH
30.808000919479863,28.34843,HIGH
33.068296798028236,29.373001,HIGH
30.872609731518104,30.805885,HIGH
30.885248016548083,30.837572,HIGH
30.934679923438306,30.791954,HIGH
30.562911564364498,30.765083,HIGH
30.577496153740526,30.355656,HIGH
29.43660218667303,29.974201,HIGH
30.284641441250468,28.974022,HIGH
28.627236839868413,28.579105,HIGH
28.259691893161403,27.58471,HIGH
29.68438668859294,27.212856,HIGH
27.080841233904735,27.28302,HIGH
29.167679879696163,26.745964,HIGH
28.12247425679054,27.091618,HIGH
6.452048822902361,26.765415,HIGH
7.072751807484396,5.315544,LOW
4.750095368540264,5.530304,LOW
4.429734861164912,4.847173,LOW
5.043692991181608,4.382144,LOW
3.652135092117419,3.5431557,LOW
3.118320528652135,3.891691,LOW
6.894918528830708,4.7453456,LOW
3.6942989204789036,5.229312,LOW
3.249284292539933,5.0431128,LOW
4.848874069716086,4.6931176,LOW
3.514611489605521,4.5989656,LOW
2.486729055640474,4.534279,LOW
4.041547394083802,4.1808186,LOW
6.743689776632635,4.00922,LOW
7.168203346221331,4.627897,LOW
5.8109640444841535,5.4913683,LOW
7.9666948004491545,5.817798,LOW
7.5618142418175935,6.350391,LOW
7.30974916567546,6.933295,LOW
9.308276049936639,7.504128,LOW
5.940673382189801,8.250699,LOW
5.416675223392032,7.89953,LOW
6.725671373682195,7.3531685,LOW
8.816027063250495,7.3845572,LOW
5.470776818225606,7.8280406,LOW
6.313523322889829,7.513494,LOW
5.20496656681115,7.0766,LOW
3.3615999552424842,6.7238703,LOW
5.364980994221365,5.987885,LOW
30.614458398804665,5.8455195,LOW
27.55610463784897,31.748497,HIGH
27.54372637420272,27.80095,HIGH
27.350609689253456,27.304356,HIGH
28.294105909591586,26.896698,HIGH
26.938899017500855,27.26316,HIGH
28.205225088057396,27.129961,HIGH
26.784478776322654,25.979218,HIGH
26.07585753068434,26.34634,HIGH
29.780880084978108,25.90528,HIGH
25.941283658162522,27.438953,HIGH
27.777079290102414,26.329855,HIGH
25.053023878590757,26.687986,HIGH
26.691468707585276,25.850033,HIGH
28.95031892912554,26.163132,HIGH
27.285864432726516,26.979303,HIGH
29.782183405429183,26.896679,HIGH
30.620031679496584,28.067917,HIGH
28.621739796806782,28.809734,HIGH
28.943572056060127,28.93231,HIGH
29.738995360726367,28.97662,HIGH
29.843341611716987,28.885674,HIGH
30.142192842406246,28.890318,HIGH
30.6600215217154,28.588778,HIGH
28.397485076779038,28.594124,HIGH
27.29332873315973,27.813404,HIGH
26.595797343199024,26.840635,HIGH
27.193861331026948,25.951305,HIGH
29.431694021016934,25.198505,HIGH
26.54806254898166,25.940289,HIGH
10.051047410547437,25.603352,HIGH
10.101669299809778,8.292033,LOW
8.761416726259455,9.289642,LOW
11.100286884588835,9.135813,LOW
9.290327218048198,9.123831,LOW
10.77340820367116,9.623198,LOW
10.050615093245938,10.593372,MEDIUM
10.414567649744681,10.542807,MEDIUM
10.854652573271142,10.693087,MEDIUM
8.195434923260853,10.775133,MEDIUM
9.367054162434581,10.5125675,MEDIUM
10.103309296863815,10.302076,MEDIUM
8.684593948801645,10.425821,MEDIUM
10.390402409925835,10.253645,MEDIUM
10.908944967159892,10.410999,MEDIUM
11.928595434512447,10.592051,MEDIUM
8.638098843058934,11.063112,MEDIUM
14.0080514933688,10.789385,MEDIUM
13.612284392683796,12.523687,MEDIUM
11.949401220310042,12.742596,MEDIUM
11.465193073990378,12.957537,MEDIUM
11.18956116819074,12.618343,MEDIUM
11.086474016594586,12.518566,MEDIUM
9.199992897850633,12.23336,MEDIUM
12.60151106818059,11.20735,MEDIUM
10.700540508019877,11.88377,MEDIUM
8.076303800742071,11.530781,MEDIUM
10.5003386426031,10.766991,MEDIUM
12.232695059252304,10.703955,MEDIUM
6.412265263524954,11.103186,MEDIUM
5.4393803971154195,10.314812,MEDIUM
4.734831502426941,7.390101,LOW
2.3101371930377272,6.3938174,LOW
6.148661796796578,4.6095467,LOW
2.8240903120052234,5.080763,LOW
5.008535097216933,4.9662104,LOW
5.64086814086855,4.952133,LOW
2.488499718345997,5.0111933,LOW
3.140831558200995,4.6327515,LOW
6.751501723765781,4.217084,LOW
3.3716520487070056,4.877493,LOW
6.161054648049557,4.8696423,LOW
4.340015465886854,5.2099853,LOW
6.936063955415838,5.0022554,LOW
7.130180417307292,5.660328,LOW
5.800412765958379,6.320765,LOW
6.588195476880559,6.499298,LOW
8.06691599793856,6.563844,LOW
6.267127033570922,7.027393,LOW
6.753056659968687,7.1252522,LOW
5.9726874429334895,7.2450395,LOW
4.457234409784467,7.1310654,LOW
7.248972616942934,6.635453,LOW
5.2260067862343895,6.9554744,LOW
4.276287543906895,6.6136074,LOW
6.437744585772528,6.119331,LOW
3.251217666421608,6.198188,LOW
4.556251174037341,5.581425,LOW
3.4806000281241136,5.318595,LOW
1.0823739448293601,4.9353104,LOW
11.457156387720653,4.016035,LOW
11.585718143005588,11.105867,MEDIUM
11.218895121618703,11.308229,MEDIUM
10.264923797427048,10.827799,MEDIUM
11.968142563662513,10.137289,MEDIUM
9.504653595129508,10.710646,MEDIUM
11.333332876385477,10.761221,MEDIUM
9.874772169851441,11.1875725,MEDIUM
10.425891907739432,10.9647255,MEDIUM
8.953428590115037,10.894039,MEDIUM
13.255178658450294,10.609489,MEDIUM
12.514715502432312,11.638241,MEDIUM
12.904373986479133,11.840588,MEDIUM
12.697130793526066,12.312935,MEDIUM
11.643240899412989,12.51688,MEDIUM
11.27243955660836,12.753675,MEDIUM
13.057844963032412,12.609476,MEDIUM
12.548589610753522,13.0084,MEDIUM
12.617614810165852,13.005726,MEDIUM
13.716248556200474,13.073448,MEDIUM
11.467814974392585,13.32835,MEDIUM
10.551289491589667,12.98818,MEDIUM
11.738509152632167,12.44058,MEDIUM
14.23656609531946,12.349485,MEDIUM
12.53175622297399,13.094322,MEDIUM
13.17530175221491,13.131647,MEDIUM
11.049260122657046,13.263273,MEDIUM
10.960371609717152,12.54632,MEDIUM
9.239706471779717,12.324032,MEDIUM
10.755655770269525,11.171917,MEDIUM
11.972526378871422,10.975513,MEDIUM
12.962664997078269,11.0625305,MEDIUM
13.90889365954688,11.401688,MEDIUM
15.62173980340167,11.901308,MEDIUM
12.273935656710941,13.2934265,MEDIUM
9.208137598089989,13.237276,MEDIUM
10.871842594237792,12.23893,MEDIUM
9.863085047932277,11.405418,MEDIUM
9.4645805298112,10.854961,MEDIUM
10.94874356546645,10.546631,MEDIUM
13.942605242176995,10.739731,MEDIUM
14.196677038105554,11.576775,MEDIUM
9.716311937147958,12.398764,MEDIUM
12.905980148756303,11.970009,MEDIUM
14.561706539920094,12.191641,MEDIUM
12.333171017570224,13.258184,MEDIUM
16.422061175382265,13.16013,MEDIUM
15.694911243616708,14.380859,MEDIUM
10.959616474515833,15.039101,MEDIUM
13.723146131151868,13.989515,MEDIUM
12.54403307540696,13.885145,MEDIUM
15.85609350829088,13.59606,MEDIUM
14.880496676583398,14.215551,MEDIUM
14.52109348212304,14.485455,MEDIUM
12.721537540361815,14.701157,MEDIUM
13.606618503140549,14.134014,MEDIUM
11.107382238390981,14.133902,MEDIUM
9.987930073545044,13.282373,MEDIUM
8.896632205491791,11.907122,MEDIUM
10.1192368483051,10.468042,MEDIUM
14.505856380681386,10.472317,MEDIUM
13.04167003595839,13.672834,MEDIUM
14.468355688407403,13.869549,MEDIUM
14.760034540458927,14.922266,MEDIUM
11.511488290847746,14.828239,MEDIUM
14.693826526368857,14.089981,MEDIUM
14.307121821674203,14.514709,MEDIUM
14.779350949598465,14.507713,MEDIUM
14.642122270467532,14.849077,MEDIUM
12.296411011260414,14.932093,MEDIUM
15.353930012149357,14.450474,MEDIUM
14.37939683464787,15.039179,MEDIUM
13.183205320605722,14.951298,MEDIUM
16.91681462799766,14.622957,MEDIUM
14.110400435261933,15.816305,MEDIUM
16.07022867617235,15.634214,MEDIUM
19.436516039524292,16.212883,MEDIUM
18.043406177371523,17.256523,MEDIUM
17.533084088286813,17.86507,MEDIUM
18.41688311631929,17.901108,MEDIUM
15.282651653996256,18.332249,MEDIUM
17.878743900805144,17.308304,MEDIUM
16.819179738148584,17.52421,MEDIUM
15.445443738881385,17.224434,MEDIUM
14.884012004544536,16.539963,MEDIUM
17.082378112894585,15.9732685,MEDIUM
17.089127114809507,16.509106,MEDIUM
16.717806496597838,16.645382,MEDIUM
16.378805977369545,16.746756,MEDIUM
12.516482852604035,16.62322,MEDIUM
34.85722047052366,15.415346,MEDIUM
37.08469801507564,35.6665,HIGH
32.39596904070428,34.924896,HIGH
32.604526728781195,33.953716,HIGH
31.5474464411161,33.050842,HIGH
34.6226251810867,32.044937,HIGH
33.99842166266343,33.02389,HIGH
32.27766454052377,31.112253,HIGH
32.16185522528469,31.093243,HIGH
30.99388608701922,31.45487,HIGH
34.33068323641467,30.700937,HIGH
33.765676987474734,31.64008,HIGH
32.96651028108809,31.121553,HIGH
35.80227742548712,31.515041,HIGH
37.75575527708153,33.65623,HIGH
37.952538047020475,35.817097,HIGH
33.77080428830431,37.318794,HIGH
36.96095348784418,37.225803,HIGH
35.709238680031,37.394978,HIGH
36.69492918614829,35.74127,HIGH
34.12323928550919,34.626713,HIGH
35.763219637705795,32.50134,HIGH
35.18626103222033,32.506,HIGH
36.16926633816243,33.79237,HIGH
34.863970345842226,33.59837,HIGH
33.411043242237355,33.85409,HIGH
34.991644543082415,32.763863,HIGH
33.84518099818268,33.236073,HIGH
31.38203301140237,31.868977,HIGH
33.25312398580604,30.16882,HIGH
30.41172053010461,29.835709,HIGH
31.57746813077988,28.940437,HIGH
31.59477825660386,29.555237,HIGH
30.301405036498622,29.628183,HIGH
33.49676958335555,29.965775,HIGH
29.920574623859633,30.972424,HIGH
34.50900278815994,29.702827,HIGH
32.740221445115274,31.429354,HIGH
30.19241360851267,31.335226,HIGH
29.403883214628387,30.6068,HIGH
30.376232876929674,30.079811,HIGH
32.975947365006995,29.179165,HIGH
32.89484967231794,30.470327,HIGH
34.20874184332675,30.865208,HIGH
31.281665064993398,32.375404,HIGH
33.47320547098335,32.148983,HIGH
33.94353244529076,32.54331,HIGH
32.0966508609902,32.89351,HIGH
32.80652919682373,32.24401,HIGH
34.20349100629589,32.367188,HIGH
35.56950145198404,32.691586,HIGH
32.38323010297471,34.124863,HIGH
33.36665910576268,33.032547,HIGH
33.08265876297299,32.464176,HIGH
32.206984308812196,32.34108,HIGH
32.84915653045492,31.13686,HIGH
31.151530307282666,30.256424,HIGH
31.467818611494508,29.01688,HIGH
29.412919041931243,29.471802,HIGH
28.210796573380915,28.150837,HIGH
10.67389721316535,27.20411,HIGH
13.533367872411997,9.725893,LOW
12.244492474613889,11.657991,MEDIUM
13.226244687578562,11.921537,MEDIUM
12.135612393122527,12.740282,MEDIUM
11.12388756300971,12.697243,MEDIUM
13.196915286007654,12.704416,MEDIUM
10.964905015726009,13.24527,MEDIUM
12.128018010833596,12.697695,MEDIUM
11.050869132772807,12.796011,MEDIUM
11.203879634302298,12.375185,MEDIUM
9.814489339381199,12.303917,MEDIUM
12.496830584542467,11.722097,MEDIUM
12.953934943611342,12.330288,MEDIUM
11.628530952993374,12.764391,MEDIUM
16.42597001628294,12.74712,MEDIUM
16.523063133163724,14.544161,MEDIUM
16.16542193140837,15.531458,MEDIUM
12.361147836432865,16.292616,MEDIUM
13.471969778428258,15.199444,MEDIUM
14.175410367096559,15.055372,MEDIUM
13.719220250782321,15.008909,MEDIUM
14.667453041485276,14.5555935,MEDIUM
13.682796325137575,15.0132885,MEDIUM
13.423316775014573,14.775482,MEDIUM
14.658691496884533,14.599211,MEDIUM
13.459167645155985,14.831392,MEDIUM
13.419174601375104,14.617191,MEDIUM
10.839601126847183,14.515142,MEDIUM
13.083653644691442,13.362209,MEDIUM
16.533317771660755,13.534609,MEDIUM
12.493807741327464,14.515123,MEDIUM
16.652534480492807,14.051285,MEDIUM
14.21874199707452,15.371014,MEDIUM
13.05024095935942,15.117281,MEDIUM
12.050921472917315,14.881845,MEDIUM
13.247952375800343,14.014793,MEDIUM
14.164150838424677,13.940521,MEDIUM
13.342670379891773,14.044338,MEDIUM
15.192835785318692,13.961302,MEDIUM
13.177043520517609,14.468651,MEDIUM
12.89957182355782,14.320288,MEDIUM
16.812041664976782,14.256029,MEDIUM
16.125080698255882,15.496916,MEDIUM
17.555386760013008,15.9009495,MEDIUM
16.63375554162508,16.687466,MEDIUM
15.037736047529691,16.727978,MEDIUM
15.51035653953452,16.51312,MEDIUM
16.86202394368216,16.408361,MEDIUM
16.930741469426547,16.681236,MEDIUM
16.123612325673598,16.952452,MEDIUM
15.74678110187936,16.76147,MEDIUM
16.5305056589412,16.49762,MEDIUM
16.384740871189777,16.697456,MEDIUM
18.92314056186743,16.569534,MEDIUM
16.132254261108315,17.409855,MEDIUM
14.542499145123193,17.141611,MEDIUM
13.817369365525636,16.299538,MEDIUM
12.423873539460404,15.592775,MEDIUM
12.338503904647355,14.6506,MEDIUM
11.922526476243867,13.7817135,MEDIUM
10.69237628020251,12.991428,MEDIUM
12.535485579277797,12.108278,MEDIUM
14.970409533950441,12.403648,MEDIUM
11.32838892213503,13.198036,MEDIUM
13.797677128728012,12.715847,MEDIUM
11.80955822611183,13.237238,MEDIUM
8.636113008869991,12.90085,MEDIUM
11.216174965133007,11.664738,MEDIUM
13.667817735348269,11.3920555,MEDIUM
12.249555750381388,12.225527,MEDIUM
14.049776891581692,12.353104,MEDIUM
10.670078455368262,13.102854,MEDIUM
12.75740828251469,12.419682,MEDIUM
15.150288869160619,12.853695,MEDIUM
15.804017776124118,13.649864,MEDIUM
16.865397521393454,14.43388,MEDIUM
14.07957699778186,15.6649,MEDIUM
15.18475725473985,15.589422,MEDIUM
14.30285015271187,15.8685,MEDIUM
13.966564613034048,15.544542,MEDIUM
17.196260303735812,15.151485,MEDIUM
15.263250316022273,16.050917,MEDIUM
12.600422686875778,15.886864,MEDIUM
15.142475881234724,15.011675,MEDIUM
13.333610689128584,15.106642,MEDIUM
13.950520841964424,14.630135,MEDIUM
10.953688389539103,14.369818,MEDIUM
10.750065047299415,13.367449,MEDIUM
12.54940494630114,12.556845,MEDIUM
6.062697920219335,12.573336,MEDIUM
4.31563270068818,8.016161,LOW
4.799361968443279,4.8893356,LOW
5.145556761593102,4.589481,LOW
1.6252699425310837,5.0291834,LOW
6.607713756977315,4.3793,LOW
2.0015638756515255,5.2365675,LOW
2.7183006821095965,4.6111574,LOW
5.1172740608322265,3.9946413,LOW
4.761299034247113,4.2115226,LOW
4.82533122358808,4.353264,LOW
2.0321340433824506,4.666684,LOW
5.742466579514197,3.9713612,LOW
5.344251393744008,4.340517,LOW
5.522654377930168,4.9994836,LOW
8.076909253081748,5.3795595,LOW
7.574250835269643,5.916224,LOW
6.279976302238781,6.43958,LOW
6.2307403889364394,6.776565,LOW
6.743817008316491,6.987889,LOW
9.567701119848834,7.1284227,LOW
4.785710671913115,7.8941236,LOW
5.613989667392445,7.342749,LOW
6.8744809382323915,6.8717685,LOW
7.778047079854003,6.9467053,LOW
5.906049015314027,7.298763,LOW
2.275618592411522,7.2594748,LOW
5.606579582003668,5.7997465,LOW
3.522558714382466,5.5920987,LOW
3.415410583065821,5.263113,LOW
4.605153197950326,4.8728023,LOW
5.243779345474959,4.569314,LOW
2.228670939257377,4.5730543,LOW
0.6441644721312354,4.302089,LOW
4.08897579587788,3.411308,LOW
6.695975240620865,3.458918,LOW
0.7143377313843855,4.395545,LOW
2.8130742625500957,3.7909713,LOW
4.517461442319153,3.0813541,LOW
3.79452199365788,3.3971677,LOW
4.111417896359511,3.9117177,LOW
2.543007038638393,4.088049,LOW
6.279635267270942,3.3966885,LOW
1.9329713403051887,4.1601343,LOW
5.516818251195799,4.219099,LOW
6.1110084158090245,4.544556,LOW
5.333091559207395,4.9690924,LOW
5.989277154623329,5.4205647,LOW
5.069018316133278,5.645334,LOW
5.485134163292691,5.7006965,LOW
6.283775279031603,5.764852,LOW
5.121115162069905,6.1886725,LOW
5.734436403386442,6.098591,LOW
5.2384262322418484,6.101806,LOW
6.9492706635285035,5.963282,LOW
7.573441450153809,6.303888,LOW
3.723562492149795,6.6714745,LOW
5.388823162329454,6.150286,LOW
4.725589628539952,5.9569726,LOW
4.107618672532818,5.8873525,LOW
6.52747474864181,5.5832047,LOW
8.377420235184292,5.9342265,LOW
2.8518044692941453,6.360824,LOW
6.7680668605018806,5.6129155,LOW
6.097405440874504,6.012796,LOW
4.441953137222029,6.2179623,LOW
4.513585974664732,6.1635547,LOW
7.311863687301982,5.8200016,LOW
5.999447831056373,6.1266665,LOW
8.392292993101371,6.214964,LOW
5.56822276479015,6.8332753,LOW
2.4750599342376116,6.633718,LOW
5.529787234107573,5.6586113,LOW
6.9195505318374595,5.6492877,LOW
8.37328270021734,6.173945,LOW
7.327051787282152,6.9432783,LOW
8.693547657122547,7.036411,LOW
5.662401609954762,7.145122,LOW
8.673707177526584,7.1965632,LOW
8.964550261545174,8.035347,LOW
6.776939930162568,8.554757,LOW
8.65185138488632,8.459905,LOW
7.932041721125639,8.530682,LOW
6.696195476621062,8.521619,LOW
8.886455064873427,8.321232,LOW
6.039229452451025,8.591064,LOW
8.427780377819618,8.172134,LOW
5.005893021434407,8.254221,LOW
2.6635371876391627,7.4609175,LOW
4.606288238124877,5.6471815,LOW
10.492739009007103,5.198707,LOW
8.060972819636616,8.92261,LOW
9.709260123909363,8.358635,LOW
7.244971428282545,9.04597,LOW
7.478412610402724,8.561369,LOW
9.13160446982327,8.753628,LOW
6.677955522129402,9.250818,LOW
6.706668832203086,8.860321,LOW
4.403014952264744,8.429918,LOW
7.5575167857472945,7.3818736,LOW
9.719754421875855,7.5847116,LOW
9.860697936719532,8.459488,LOW
6.760616985471792,8.818476,LOW
9.171448928252653,8.262123,LOW
11.51107901336351,9.040269,LOW
12.188985352111684,9.936054,LOW
11.33800173280974,10.730772,MEDIUM
14.035971361371914,10.988968,MEDIUM
12.58264565442604,12.288643,MEDIUM
11.608669955247786,12.659864,MEDIUM
11.119246843546897,12.871933,MEDIUM
12.18372337932233,12.472839,MEDIUM
10.718728027211823,12.751286,MEDIUM
11.11004360349206,12.234165,MEDIUM
8.95425282199705,11.946932,MEDIUM
9.401219390588556,10.974541,MEDIUM
10.008631251402154,10.664448,MEDIUM
7.341033000087656,10.639046,MEDIUM
9.348636862371556,10.086344,MEDIUM
7.348409940655344,9.955843,LOW
20.360076671840968,9.485405,LOW
20.860173269869808,20.882843,MEDIUM
20.66741042237145,20.20428,MEDIUM
19.925231402891278,20.18811,MEDIUM
23.483497896964597,19.893665,MEDIUM
22.38277331867074,21.047604,MEDIUM
22.636324237475268,21.627296,MEDIUM
20.083723802333118,22.038738,MEDIUM
22.359182958474825,21.30828,MEDIUM
23.413177711028535,21.512527,MEDIUM
24.89976530744422,21.984035,MEDIUM
20.850292472318785,23.246914,MEDIUM
22.95695271406802,22.4388,MEDIUM
20.834993293177384,22.500626,MEDIUM
22.96690495256913,21.788517,MEDIUM
23.011404382618338,21.875217,MEDIUM
24.056055669894832,22.11464,MEDIUM
24.62425818201725,22.954144,MEDIUM
24.691251247216474,23.551418,MEDIUM
25.487207416701825,23.981209,MEDIUM
23.16152557239236,24.353882,MEDIUM
23.553042905381712,23.782633,MEDIUM
25.09025735893285,23.321339,MEDIUM
23.613176124138082,23.646128,MEDIUM
22.52532129907461,23.520998,MEDIUM
20.953702123088352,22.862082,MEDIUM
20.951429630708464,21.844383,MEDIUM
23.635661019317943,20.964743,MEDIUM
23.5155960173909,21.50651,MEDIUM
23.329383298648477,22.157503,MEDIUM
25.674800184820803,22.645847,MEDIUM
19.50378385005942,23.352615,MEDIUM
25.7742802510312,21.572523,MEDIUM
23.49237415586516,23.200539,MEDIUM
23.414549733857946,22.665968,MEDIUM
22.05888210375404,22.960152,MEDIUM
22.101442877678956,22.39023,MEDIUM
22.566380974551855,22.03226,MEDIUM
23.226783261852216,21.592194,MEDIUM
20.330106012464086,21.812809,MEDIUM
23.85352289547958,21.402721,MEDIUM
24.67604331873744,22.082787,MEDIUM
25.55413422480825,22.970581,MEDIUM
22.261314703408107,24.121214,MEDIUM
24.440538481348547,23.53564,MEDIUM
26.645431740488085,23.619755,MEDIUM
24.133798349610153,24.419712,MEDIUM
23.72475791251136,24.307016,MEDIUM
25.05909012400775,23.910751,MEDIUM
28.068689844516847,24.001661,MEDIUM
26.46535447144118,25.494427,HIGH
28.405688554105684,25.653572,HIGH
23.975026009582816,26.685707,HIGH
23.963660241557914,25.66473,HIGH
24.07789130614329,24.393764,MEDIUM
24.94196803072321,23.28391,MEDIUM
25.66826676804644,23.202093,MEDIUM
25.05890634504425,23.771008,MEDIUM
23.165270881656706,24.19934,MEDIUM
23.16169816627542,23.733963,MEDIUM
23.09797869635368,23.144283,MEDIUM
22.0165099290204,23.205889,MEDIUM
23.460306795360836,22.826008,MEDIUM
23.23861659747972,23.02132,MEDIUM
20.90130159560547,23.093256,MEDIUM
22.56910435728182,22.223265,MEDIUM
23.269698642077373,21.690414,MEDIUM
22.626997674342498,22.029194,MEDIUM
19.301896496850496,22.330612,MEDIUM
20.964025989327308,20.941624,MEDIUM
23.477303892854717,20.52166,MEDIUM
23.157992774770005,21.45029,MEDIUM
23.133722077229443,22.202358,MEDIUM
25.698156121699565,22.603676,MEDIUM
23.63978052378768,23.832218,MEDIUM
21.094717621301648,23.924046,MEDIUM
25.41571921865892,22.737015,MEDIUM
22.983251060322285,23.624043,MEDIUM
23.49449731972064,23.207296,MEDIUM
27.285742705389755,23.269238,MEDIUM
23.732414990435817,24.740875,MEDIUM
24.752079394299653,24.31398,MEDIUM
24.52283769070158,24.16608,MEDIUM
25.78658768681596,23.789555,MEDIUM
24.18594283853683,24.323814,MEDIUM
20.5690969363297,23.879627,MEDIUM
22.500141136654907,21.745365,MEDIUM
23.014803704456018,21.712446,MEDIUM
23.07064729425701,21.590813,MEDIUM
22.7849704494107,22.143929,MEDIUM
10.539633996397951,22.150692,MEDIUM
12.790801749818447,8.179985,LOW
9.19705015136546,10.524721,MEDIUM
11.227808967676491,10.003838,MEDIUM
11.682242919313058,10.364958,MEDIUM
7.938329878685842,10.55784,MEDIUM
8.094137090624901,10.559618,MEDIUM
8.992475386788032,9.972303,LOW
9.311198284979383,9.853085,LOW
9.052141819757598,9.81864,LOW
9.012949642421543,9.774101,LOW
9.113358232503938,9.488985,LOW
10.149404720864235,9.429453,LOW
13.31680186789663,9.755974,LOW
10.581428861562785,10.923477,MEDIUM
11.578684621739948,10.847378,MEDIUM
15.279275010763293,11.092268,MEDIUM
11.64454329180001,12.875195,MEDIUM
12.472058215081319,12.844688,MEDIUM
13.84599495485245,13.050341,MEDIUM
11.783543964254115,13.332615,MEDIUM
9.643310536271539,13.09705,MEDIUM
10.677655923626912,11.865345,MEDIUM
10.29508403664497,11.2411995,MEDIUM
11.400473582411852,10.99987,MEDIUM
13.250276190250887,11.056183,MEDIUM
10.899909161606754,11.774738,MEDIUM
10.476854532127074,11.357363,MEDIUM
10.719794780527764,11.040716,MEDIUM
9.92786319799681,11.107315,MEDIUM
14.859439630124434,10.943613,MEDIUM
14.351268437877096,12.151875,MEDIUM
14.234503648540905,12.383987,MEDIUM
15.749216870557964,12.816414,MEDIUM
15.724592407540083,13.789082,MEDIUM
13.736053770056081,14.612015,MEDIUM
15.386611517689628,14.663635,MEDIUM
13.733383713425825,15.121351,MEDIUM
15.157719711493563,14.833094,MEDIUM
13.41084231441666,14.988224,MEDIUM
15.638766601126324,14.447784,MEDIUM
15.15090769920893,14.936193,MEDIUM
16.759301755007527,15.153124,MEDIUM
13.95561653441798,15.763636,MEDIUM
15.186251939986205,15.3849125,MEDIUM
16.90790005555859,15.431124,MEDIUM
16.08701718175837,15.978891,MEDIUM
15.091017672689643,16.060951,MEDIUM
16.538209386721906,15.932524,MEDIUM
19.01554304066807,16.18095,MEDIUM
15.954216693046018,17.043287,MEDIUM
16.542473315150584,16.639109,MEDIUM
15.98903495534448,16.544815,MEDIUM
16.770028379398997,16.376062,MEDIUM
18.07154468329756,16.525953,MEDIUM
16.922287709217162,16.76073,MEDIUM
15.296074228564208,16.964132,MEDIUM
13.824469017820988,16.287907,MEDIUM
13.086870749737898,15.593689,MEDIUM
16.128929276871112,14.739737,MEDIUM
14.778751356539892,14.986856,MEDIUM
11.42997921658099,15.596254,MEDIUM
10.184055934916223,14.417721,MEDIUM
11.135138899942792,12.369768,MEDIUM
10.566311517860719,12.062952,MEDIUM
10.044066503265928,11.168482,MEDIUM
11.92030974640791,10.868183,MEDIUM
14.255708432354481,11.335407,MEDIUM
12.159196990780622,12.129631,MEDIUM
13.900183261660434,12.325876,MEDIUM
12.121131198011385,12.953457,MEDIUM
15.544091362172823,12.891205,MEDIUM
13.906510730859486,14.110777,MEDIUM
12.75260068163518,14.119778,MEDIUM
13.244571611542042,14.053942,MEDIUM
11.786970885122532,13.868832,MEDIUM
13.525625580905475,13.512005,MEDIUM
15.482973273392744,13.581266,MEDIUM
15.14018853593221,14.1711235,MEDIUM
15.623182636348773,14.572662,MEDIUM
13.938896692283741,15.17551,MEDIUM
14.047471075429952,14.974525,MEDIUM
15.58549616410769,15.003244,MEDIUM
13.641425935969924,15.242277,MEDIUM
16.03415667581963,14.829777,MEDIUM
12.923275220256423,15.3320465,MEDIUM
13.799253499157903,14.82704,MEDIUM
12.771056336727485,14.467226,MEDIUM
12.601480646199054,13.954529,MEDIUM
12.746330638069832,13.462486,MEDIUM
19.784932658393938,13.2428,MEDIUM
19.73935858690413,18.898918,MEDIUM
23.883449518743475,19.948214,MEDIUM
20.71073407259353,21.621494,MEDIUM
21.954900958911512,21.305374,MEDIUM
19.922757961023716,22.07714,MEDIUM
19.600398641601355,21.395346,MEDIUM
19.524884540783592,20.303686,MEDIUM
21.0480093100588,19.660526,MEDIUM
21.446095913335483,19.949741,MEDIUM
22.06360385924122,20.688623,MEDIUM
15.471936219128821,21.278973,MEDIUM
21.29334969795717,18.730343,MEDIUM
20.73894321807508,20.528667,MEDIUM
22.83266448312238,20.102564,MEDIUM
23.788474985627083,21.605698,MEDIUM
22.251151440015974,22.67247,MEDIUM
22.97206942725167,22.86734,MEDIUM
25.505187089140875,23.147858,MEDIUM
23.609311274144567,24.09348,MEDIUM
23.533514114617756,23.899529,MEDIUM
25.381252325779208,23.772585,MEDIUM
22.559817637708456,24.288933,MEDIUM
22.561236855540315,23.558094,MEDIUM
20.76935734826513,23.062012,MEDIUM
22.572799664665325,21.95551,MEDIUM
20.64561447246821,21.735231,MEDIUM
19.566209614317707,21.009329,MEDIUM
19.509879305152708,20.287062,MEDIUM
18.27928918447733,19.710709,MEDIUM
0.0,18.999153,MEDIUM
0.0,-0.12785017,LOW
0.0,-0.06641817,LOW
0.0,0.14536905,LOW
0.0,0.25730813,LOW
0.0,0.47543097,LOW
0.0,0.66874874,LOW
0.0,0.69929016,LOW
0.0,0.7141011,LOW
0.0,0.7076589,LOW
0.0,0.708599,LOW
0.0,0.6855899,LOW
0.0,0.78480184,LOW
0.0,0.79465425,LOW
0.0,0.70977724,LOW
0.0,0.67078817,LOW
0.0,0.69398797,LOW
0.0,0.6003834,LOW
0.0,0.7014407,LOW
0.0,0.6963829,LOW
0.0,0.71571064,LOW
0.0,0.7037865,LOW
0.0,0.7838248,LOW
0.0,0.7387208,LOW
0.0,0.71778595,LOW
0.0,0.7526469,LOW
0.0,0.7652079,LOW
0.0,0.7741766,LOW
0.0,0.7444421,LOW
0.0,0.7593174,LOW
28.02494190788255,0.764889,LOW
31.23147410506595,31.332813,HIGH
27.934759261217668,27.83496,HIGH
27.108129435997245,28.590046,HIGH
26.67206076214622,27.622314,HIGH
28.484547366215875,26.727495,HIGH
26.767327023796042,26.745033,HIGH
28.654125260684676,25.84983,HIGH
26.10331023719339,26.652245,HIGH
29.087823153133915,26.55833,HIGH
30.670150829969728,27.375042,HIGH
27.4426137717883,28.13852,HIGH
29.471604153455782,27.760113,HIGH
28.23283715491388,28.065647,HIGH
30.432247503008337,28.086758,HIGH
31.71053968505209,28.914162,HIGH
28.709006071708153,30.119432,HIGH
30.885700931101923,29.955729,HIGH
33.70754806484633,30.138563,HIGH
33.77651898351754,31.259115,HIGH
30.19822323910252,32.07719,HIGH
30.207030819978787,31.152752,HIGH
32.99446662437631,30.532118,HIGH
33.537974467397376,31.064331,HIGH
31.560979090508233,31.334358,HIGH
28.31586698428901,30.690826,HIGH
29.809759276271024,29.205643,HIGH
27.597785337224458,29.030712,HIGH
27.266954986459076,27.207848,HIGH
29.554535397014547,25.692793,HIGH
0.0,26.20602,HIGH
0.0,1.5987196,LOW
0.0,0.44396365,LOW
0.0,0.26120222,LOW
0.0,0.3066455,LOW
0.0,0.37744594,LOW
0.0,0.68786347,LOW
0.0,0.8859031,LOW
0.0,0.9212265,LOW
0.0,0.9372728,LOW
0.0,0.8964244,LOW
0.2667170272414463,0.8262285,LOW
0.0,0.95785856,LOW
0.0,1.0036682,LOW
0.0,1.0172604,LOW
0.0,0.99283385,LOW
0.0,0.9839189,LOW
0.4893862708685468,1.0216393,LOW
0.3490758742600484,1.0347683,LOW
0.8202484750320025,1.0508069,LOW
0.0,1.1396741,LOW
0.0,1.1789784,LOW
0.0,1.1868209,LOW
0.0,1.1757308,LOW
0.0,1.1034015,LOW
0.0,1.0472409,LOW
0.0,1.0057706,LOW
0.0,0.9728689,LOW
0.0,0.9160278,LOW
0.0,0.9062277,LOW
7.356631983596467,0.9278281,LOW
7.599593929829691,5.242013,LOW
7.795997737439947,5.300576,LOW
8.676036012181982,5.9176364,LOW
8.972461946135967,6.2048965,LOW
9.828398894551562,6.685352,LOW
6.809291942248927,7.7895265,LOW
9.720404930013853,8.6805935,LOW
9.28156783514807,9.073698,LOW
7.448919347032987,9.296645,LOW
6.880368353994658,9.07029,LOW
9.924303464004494,8.6221,LOW
9.999623621955442,9.122538,LOW
10.31026287888295,9.320225,LOW
9.986421150819913,9.797375,LOW
9.405033395810818,9.863331,LOW
8.614306074643865,9.928316,LOW
10.256714539421697,9.901491,LOW
9.407427394257489,10.183439,MEDIUM
11.298244409811565,10.171072,MEDIUM
11.277634993697244,10.426046,MEDIUM
10.812587505642279,10.539864,MEDIUM
10.970820405954608,10.632908,MEDIUM
10.910239369199523,10.673523,MEDIUM
10.263587487836235,10.860556,MEDIUM
9.366348817093131,10.805046,MEDIUM
9.531500031533753,10.647863,MEDIUM
10.894004931636289,10.455847,MEDIUM
10.134556019238715,10.546858,MEDIUM
9.855991523117318,10.475384,MEDIUM
21.514480912874273,10.36558,MEDIUM
20.50904981334514,21.505684,MEDIUM
19.14504217603323,20.445032,MEDIUM
20.79202543811799,20.079441,MEDIUM
17.667673576797572,20.033741,MEDIUM
18.184321952924833,19.257824,MEDIUM
20.370920871691062,18.686623,MEDIUM
19.70872051438979,18.689178,MEDIUM
22.832302901221738,19.306538,MEDIUM
21.5807292236276,20.688995,MEDIUM
20.84271229592107,21.315493,MEDIUM
23.247878040880714,21.420994,MEDIUM
19.614884966021165,22.025658,MEDIUM
22.405734499211146,21.353329,MEDIUM
21.466583035840074,21.402384,MEDIUM
21.214039397264315,21.310942,MEDIUM
19.887825120849406,21.505024,MEDIUM
24.8014623287106,20.809542,MEDIUM
23.663503017010925,22.37881,MEDIUM
22.10862117415018,22.787416,MEDIUM
24.301369139887754,22.823584,MEDIUM
23.077359046695584,23.207487,MEDIUM
24.612186329457792,23.09055,MEDIUM
23.48337820182582,23.397999,MEDIUM
21.557275462936534,23.179264,MEDIUM
22.657775817470025,22.517765,MEDIUM
22.081239684945437,22.166447,MEDIUM
20.61096043709779,21.95758,MEDIUM
20.178602775294703,21.412888,MEDIUM
17.98068590605169,20.493595,MEDIUM
34.83856886173817,19.437946,MEDIUM
33.30172232512545,33.657276,HIGH
34.25545567860999,33.11307,HIGH
35.9031603566141,33.659264,HIGH
31.215443189459535,33.945454,HIGH
33.58052845465984,32.860237,HIGH
34.784994869745674,33.173786,HIGH
32.87538333672137,31.147831,HIGH
35.083464592899844,31.596703,HIGH
31.422381575637147,32.534355,HIGH
34.77400664455553,31.765553,HIGH
37.44715357115235,33.63681,HIGH
36.83164990745895,34.801807,HIGH
34.68950566083581,35.51773,HIGH
34.360084945822386,35.43469,HIGH
33.42478121193331,34.411655,HIGH
38.52880504110719,34.229996,HIGH
37.76295520154085,35.223476,HIGH
36.186660457901105,36.06796,HIGH
37.60987851404683,36.8887,HIGH
33.93268622818837,37.88853,HIGH
36.752110381163774,36.325428,HIGH
36.56769345811145,36.06737,HIGH
34.95889568643609,34.523903,HIGH
38.89200911501177,33.523125,HIGH
37.441104272959876,34.93259,HIGH
31.983357306867894,34.452793,HIGH
36.150039113772685,33.13088,HIGH
33.76548337292351,33.22174,HIGH
32.00494722159583,31.061842,HIGH
3.6857912377214337,29.876846,HIGH
2.744143956164395,4.2873945,LOW
1.815965417304616,3.466239,LOW
1.0117691098489754,1.6744558,LOW
2.2199263053968785,1.1893641,LOW
1.0278483109906578,1.2372136,LOW
3.5264736951360014,1.397808,LOW
3.864087818350761,2.3910637,LOW
2.31306416625384,2.4320073,LOW
1.0888701636154945,2.4311762,LOW
1.0182068067131667,2.2433891,LOW
3.8370978297428717,2.1929317,LOW
2.1263830750443233,2.7307603,LOW
7.174578856554211,2.6053634,LOW
3.4651379044034964,3.8541255,LOW
4.485469270607382,3.862312,LOW
4.132616647815292,4.215713,LOW
5.484820805007443,4.433051,LOW
4.1589096414166935,4.968852,LOW
5.365293877268051,5.099722,LOW
5.568973942742691,5.1890993,LOW
3.309986346421807,5.2403708,LOW
4.430567994823093,5.106765,LOW
1.941518755318139,4.9511566,LOW
4.5425848898939645,4.3530593,LOW
5.152937126568846,4.3177805,LOW
1.4636620652891246,4.5328054,LOW
3.788977254606568,3.908687,LOW
3.8202009294451926,3.6498232,LOW
0.31345112488254756,3.6265345,LOW
8.89572523087162,3.2320247,LOW
9.320182293391154,7.0556655,LOW
8.216139542422482,8.032059,LOW
8.184878476408242,8.202511,LOW
8.498275278980579,8.112066,LOW
4.630577528136502,8.389318,LOW
7.07518345131073,7.702662,LOW
6.24928111968962,7.9268594,LOW
6.164644942818708,7.5928006,LOW
7.709043049348697,7.2566795,LOW
6.5958224468213,7.3693433,LOW
5.711158805620952,7.1890216,LOW
8.528573773454971,6.934644,LOW
9.895278535158551,7.449798,LOW
9.921748866395903,8.069094,LOW
7.84380392408519,8.799517,LOW
7.72405173861962,8.885981,LOW
12.276803277788394,8.835166,LOW
8.804728952168608,10.321932,MEDIUM
11.380553793504168,10.189194,MEDIUM
8.125346015091461,10.487141,MEDIUM
11.217777807861216,10.006718,MEDIUM
9.446368296516425,10.50004,MEDIUM
10.430974636243509,10.45549,MEDIUM
6.450963616810995,10.5692425,MEDIUM
7.992649736186774,9.679775,LOW
7.1914432909402155,9.26935,LOW
8.075932782709092,8.707827,LOW
8.585852344950577,8.535709,LOW
6.565672856369066,8.613243,LOW
36.13182316263992,8.249239,LOW
34.771139737055826,35.286114,HIGH
34.446204421048954,33.83324,HIGH
33.63155686287307,34.162724,HIGH
36.85713718147545,33.57812,HIGH
33.38281276553123,33.879826,HIGH
34.22740747690458,33.191048,HIGH
35.28938209757167,32.48172,HIGH
33.11837618398896,32.946255,HIGH
28.489721244664945,32.680454,HIGH
37.04983931541901,29.392044,HIGH
35.30930771236146,33.040962,HIGH
37.09551880276252,33.602024,HIGH
37.81348613610736,35.251328,HIGH
33.0301206493136,36.58508,HIGH
35.16874674460887,35.4322,HIGH
37.18584479134499,34.588673,HIGH
36.539919271896835,34.56332,HIGH
38.37994160677892,34.934055,HIGH
36.06048663606202,35.813766,HIGH
37.041056871025,36.465515,HIGH
34.32353829428785,36.59049,HIGH
35.60341085673912,35.547203,HIGH
34.38539579631194,34.58854,HIGH
36.508604163122875,32.733837,HIGH
36.26228587844807,32.498306,HIGH
34.78251705881739,33.43474,HIGH
34.78570915412038,33.329037,HIGH
33.488054196686676,33.790897,HIGH
35.15017156244356,32.924618,HIGH
1.3482874113613281,32.668587,HIGH
3.636454853537572,3.0145504,LOW
3.8118882904236973,1.9073209,LOW
3.0360137929634625,2.0925944,LOW
3.6771473043069722,2.1526034,LOW
1.2559588024575952,2.128737,LOW
0.0,2.6529422,LOW
1.1740599492687025,2.4095936,LOW
2.1349094946834946,2.2510653,LOW
2.4739544713254915,2.1669097,LOW
2.7563296044961607,2.077258,LOW
3.036052623614639,1.9230068,LOW
5.371310193875075,1.9922496,LOW
4.791859636420201,3.0187593,LOW
4.7900623414378884,3.759021,LOW
0.6475793731559989,4.4024315,LOW
6.229866555586671,3.8021,LOW
0.9617319122086911,4.795184,LOW
5.438964807770951,4.2137218,LOW
4.913028905453606,4.743021,LOW
4.233731922186813,4.836668,LOW
5.448618368280217,4.8228774,LOW
7.543104509289284,5.1070414,LOW
4.5248372981928835,5.7559,LOW
2.527859276855601,5.8795877,LOW
3.6700087646584922,5.3192177,LOW
2.194749999323399,4.868597,LOW
2.476488257221005,4.2667074,LOW
2.8519817168205783,3.8996663,LOW
1.1089051090681643,3.494756,LOW
16.103754166982874,2.6876264,LOW
13.799792569262873,16.08997,MEDIUM
13.967855799394803,14.017036,MEDIUM
10.96996025352937,13.491013,MEDIUM
13.251722610882947,12.319807,MEDIUM
9.810358264376685,12.299416,MEDIUM
11.950643471963467,11.912678,MEDIUM
11.89119961418462,11.939682,MEDIUM
13.379730950555562,12.072758,MEDIUM
11.939734575152627,12.580179,MEDIUM
11.685389398812625,12.431286,MEDIUM
13.614481378933329,12.372198,MEDIUM
15.936881197534216,12.79937,MEDIUM
15.284991181928545,13.928177,MEDIUM
15.042510677609112,14.410713,MEDIUM
13.881720921824177,15.026926,MEDIUM
20.47087393297104,14.941141,MEDIUM
14.71560258227236,17.56856,MEDIUM
16.491835313408558,16.71447,MEDIUM
14.904975403516556,16.638866,MEDIUM
14.15876016217392,16.208748,MEDIUM
15.30327645951503,15.55308,MEDIUM
14.715693581508248,15.36982,MEDIUM
15.392752659117757,15.325983,MEDIUM
14.225655951169628,15.478678,MEDIUM
13.672804207305491,15.229782,MEDIUM
13.735907544954726,14.814934,MEDIUM
13.444434188746452,14.53862,MEDIUM
13.075415057269154,14.088211,MEDIUM
14.82405512651286,13.842445,MEDIUM
20.438204915977323,14.119564,MEDIUM
20.276872558983392,18.4803,MEDIUM
19.622995641398433,19.900536,MEDIUM
21.06707225385673,20.161081,MEDIUM
19.52035162782677,20.450733,MEDIUM
21.760457573822322,20.305609,MEDIUM
17.47649534118922,20.68652,MEDIUM
18.578449439863483,19.433472,MEDIUM
19.673067077244074,18.949448,MEDIUM
18.563972656057516,18.79279,MEDIUM
18.657901454006435,18.831146,MEDIUM
20.2063934648368,18.758944,MEDIUM
19.685480316478596,19.355488,MEDIUM
20.69961469590514,19.587881,MEDIUM
20.86756550704969,19.99369,MEDIUM
22.197701435295762,20.365734,MEDIUM
24.298700631887847,21.292427,MEDIUM
21.690683276455808,22.671162,MEDIUM
24.243076220705248,22.407887,MEDIUM
21.848062440290335,23.126907,MEDIUM
23.225074632418263,22.599863,MEDIUM
24.908058982233598,22.688633,MEDIUM
21.364462818737316,23.343555,MEDIUM
21.641230693452854,22.668322,MEDIUM
22.20495841402895,22.062946,MEDIUM
20.76268276118981,21.662495,MEDIUM
22.193711460099067,21.292088,MEDIUM
20.924971064615654,21.28976,MEDIUM
19.516593890011436,20.99916,MEDIUM
21.440912127079464,20.36605,MEDIUM
43.028463914929986,20.452177,MEDIUM
41.777852945870784,38.38299,HIGH
44.66959525067344,38.76109,HIGH
44.23725688082686,40.455112,HIGH
40.63520588803254,40.350742,HIGH
42.29397759255753,40.092293,HIGH
41.439614615032106,40.490314,HIGH
41.0903687424363,38.921005,HIGH
42.22743941527674,39.025494,HIGH
42.79391787317376,38.183502,HIGH
45.02547868881992,39.49945,HIGH
41.57611937218612,41.11805,HIGH
43.29853358234464,41.393307,HIGH
43.457235993788096,41.192352,HIGH
47.05617874698734,41.40946,HIGH
42.86275311306758,42.982586,HIGH
43.966929454200965,43.58788,HIGH
47.797468540392316,43.557472,HIGH
46.11261797517679,44.08597,HIGH
46.21535263341901,43.920765,HIGH
45.267212889505075,43.49331,HIGH
48.276580209861066,42.57832,HIGH
44.70638098301008,44.2047,HIGH
47.48416857528279,43.685413,HIGH
44.12086991971212,43.310757,HIGH
42.185472814588074,43.64829,HIGH
45.13010069199652,42.415913,HIGH
42.680435933678005,41.71549,HIGH
42.69678249786892,38.816357,HIGH
42.48330673620046,39.6349,HIGH
23.68783383550518,37.882084,HIGH
23.30037949392025,22.718145,MEDIUM
22.35409193656198,22.995197,MEDIUM
25.041724406782137,22.590754,MEDIUM
21.334649850901474,22.543797,MEDIUM
22.39715107041613,21.503489,MEDIUM
25.48658672881581,21.498787,MEDIUM
25.54181101946783,23.154213,MEDIUM
21.631842452353737,24.03004,MEDIUM
23.64210460839331,23.215603,MEDIUM
25.611599828927442,23.198477,MEDIUM
23.60590376912539,23.823282,MEDIUM
24.14053519854961,23.831507,MEDIUM
25.84501488815026,23.858019,MEDIUM
27.420134120820073,24.564983,MEDIUM
28.730714403743683,25.580154,HIGH
27.031546138550034,26.76285,HIGH
26.069316647255096,26.880148,HIGH
24.316236436976922,26.466429,HIGH
28.204812262858077,25.380451,HIGH
28.244702449921547,25.995008,HIGH
27.730783377738856,26.431152,HIGH
29.751303619270978,26.875355,HIGH
25.855749738444715,28.014126,HIGH
24.883724167989286,27.228035,HIGH
23.827491429587486,25.774021,HIGH
24.635778278947697,24.028643,MEDIUM
24.044973522588194,23.461594,MEDIUM
22.807096800935177,22.984112,MEDIUM
23.819279876348133,22.509108,MEDIUM
34.05446302926803,22.748564,MEDIUM
34.66198810919654,30.900833,HIGH
35.349579454087554,33.111595,HIGH
33.13631646450105,34.67304,HIGH
34.48842592588791,33.914143,HIGH
34.34809955453719,34.150158,HIGH
32.75976111672106,34.192,HIGH
33.37558533138714,31.996851,HIGH
33.226753239729845,30.524075,HIGH
33.33043091991102,30.302402,HIGH
34.061057444974026,31.048616,HIGH
32.69635921862474,31.408709,HIGH
35.08148920133948,32.23695,HIGH
34.76785478573848,33.983814,HIGH
33.957444122664796,34.52914,HIGH
38.5714108330886,34.54733,HIGH
35.8985205233212,36.020645,HIGH
37.04471429271791,35.66062,HIGH
34.16951487026464,35.90142,HIGH
36.77250927117413,35.274933,HIGH
36.51326172693829,36.029045,HIGH
38.222104891494254,35.661896,HIGH
35.807262329783946,34.985943,HIGH
38.132278723672826,35.158493,HIGH
35.35091736709198,35.387314,HIGH
34.57405646270588,34.86501,HIGH
39.15342765137926,33.437336,HIGH
36.58830559696775,35.017937,HIGH
35.49142058290491,33.84226,HIGH
36.6952190710638,34.515903,HIGH
30.697404763579577,34.428005,HIGH
27.810353023541328,33.541916,HIGH
27.9353022652841,30.257221,HIGH
28.137894788152565,27.202274,HIGH
25.3333483816082,26.592812,HIGH
29.772671844584934,25.042725,HIGH
26.43127003027793,26.11979,HIGH
30.255642638481056,26.109993,HIGH
26.320649510610163,27.773983,HIGH
27.752974289681394,26.706188,HIGH
25.66393935027203,26.931704,HIGH
27.042515145609215,26.205948,HIGH
27.68376472577783,25.771523,HIGH
28.47488049082337,26.301155,HIGH
29.72118962753593,27.123192,HIGH
26.011223149096367,28.19307,HIGH
29.709474668982942,27.028759,HIGH
29.51694289701267,28.069473,HIGH
29.75891388488102,28.458538,HIGH
30.07451726147808,28.81602,HIGH
29.14959213492711,29.245611,HIGH
30.706520032871435,29.426102,HIGH
29.516137804916067,29.602463,HIGH
29.52114775097173,28.507307,HIGH
30.68010721031866,28.405872,HIGH
26.72629161584232,28.910694,HIGH
29.52750747954395,27.490086,HIGH
27.008145424459613,27.755943,HIGH
27.768128135200293,26.52837,HIGH
25.58933681734505,26.240244,HIGH
19.960967503716205,25.369614,HIGH
22.37968663991883,21.274529,MEDIUM
19.045502615944407,21.822235,MEDIUM
19.292040435189207,19.9371,MEDIUM
20.406983688634753,19.234047,MEDIUM
19.394400383600093,19.105389,MEDIUM
16.89742707612099,19.254553,MEDIUM
19.140775880179216,18.440735,MEDIUM
20.821435890143682,18.569588,MEDIUM
20.834722745287912,19.392666,MEDIUM
21.18528023949637,20.021257,MEDIUM
21.33958508655718,20.70875,MEDIUM
20.49647321294973,21.142334,MEDIUM
20.180835890095736,21.165443,MEDIUM
22.162378553631513,20.848171,MEDIUM
22.00598421081638,21.190071,MEDIUM
22.481129601721456,21.619497,MEDIUM
18.343206248697122,22.123955,MEDIUM
21.96101153200957,21.060091,MEDIUM
22.056162772720228,21.34329,MEDIUM
22.88644933346707,21.203827,MEDIUM
21.10562256660485,22.059044,MEDIUM
20.614228392929434,21.782999,MEDIUM
22.791197351704056,21.416529,MEDIUM
17.71377393402456,21.558382,MEDIUM
23.115274738260958,20.003521,MEDIUM
20.08708638864793,21.654133,MEDIUM
18.13646188425447,20.596638,MEDIUM
19.146947360461333,19.664322,MEDIUM
19.835155581783713,19.03172,MEDIUM
41.56532151211663,19.277107,MEDIUM
41.22704758085426,37.683994,HIGH
39.62801736427754,38.062447,HIGH
41.847267039934415,37.8748,HIGH
41.45482427305116,38.432476,HIGH
42.131906914686674,38.83148,HIGH
41.75884826626286,39.452126,HIGH
40.28903125877737,39.39311,HIGH
39.112100587879624,39.74805,HIGH
41.582671977990685,38.63416,HIGH
38.572598327829475,38.73681,HIGH
38.64247670602326,37.763718,HIGH
41.123139417623875,36.932858,HIGH
41.601513559400765,37.81208,HIGH
42.409770115782706,39.264645,HIGH
43.4800853644058,39.75162,HIGH
41.57596730352637,41.38509,HIGH
45.69062087519764,41.54974,HIGH
44.284546656735856,42.37238,HIGH
43.12998865971633,42.953022,HIGH
43.99261745289273,43.1803,HIGH
43.26263776567171,43.12003,HIGH
44.57498068576585,42.476475,HIGH
42.267689699103094,42.277115,HIGH
42.17209953721931,39.83283,HIGH
43.46765058802103,38.977055,HIGH
42.58846854189807,39.26607,HIGH
41.61411952289804,39.024433,HIGH
39.273933560743615,39.258884,HIGH
40.49824662447405,37.578205,HIGH
21.1660492523539,38.856636,HIGH
20.496412798723394,21.26485,MEDIUM
21.594649490603224,20.82596,MEDIUM
17.073681763599268,21.585716,MEDIUM
18.867634486320487,18.997469,MEDIUM
19.982411061207536,17.907068,MEDIUM
20.60787123171446,17.912645,MEDIUM
17.275224729302064,19.53127,MEDIUM
17.250891359944497,18.700302,MEDIUM
20.300653864520243,18.075705,MEDIUM
19.18291996188554,18.830536,MEDIUM
17.411723476368305,18.892185,MEDIUM
21.55117161775152,18.50019,MEDIUM
19.819531628818723,19.68248,MEDIUM
19.679787893471826,19.756075,MEDIUM
21.431783590729637,19.872482,MEDIUM
20.941043233075973,20.489925,MEDIUM
22.652366268619545,20.820148,MEDIUM
22.873291587986948,21.558903,MEDIUM
22.376855621003127,22.096083,MEDIUM
20.793986994759443,22.29897,MEDIUM
25.07928519073434,21.71255,MEDIUM
23.60764105793205,23.102013,MEDIUM
22.29801420396089,23.211712,MEDIUM
20.926843968748358,22.981216,MEDIUM
20.799331499611764,22.072899,MEDIUM
18.92511708556546,21.194101,MEDIUM
19.18538608529262,19.786842,MEDIUM
15.532483380559627,18.905851,MEDIUM
21.720562805729493,17.567953,MEDIUM
0.34288456933039924,19.526426,MEDIUM
0.0,1.3386497,LOW
0.0,0.62149465,LOW
0.0,0.49134862,LOW
0.0,0.69944036,LOW
0.0,0.84444547,LOW
0.0,1.0570575,LOW
0.0,1.1251152,LOW
0.0,1.1357795,LOW
0.8470153359472999,1.1203866,LOW
0.0,1.1506784,LOW
1.1354154406354284,1.138672,LOW
0.0,1.2220539,LOW
2.6941197866661977,1.2593751,LOW
1.0891186102444568,1.4079652,LOW
3.996316094901835,1.4581842,LOW
5.35596741029663,1.647235,LOW
2.5669702019319587,2.4370906,LOW
2.185134281293191,2.7690682,LOW
2.6054339028437115,2.8174534,LOW
3.4158418377025406,3.041377,LOW
2.8632388223882286,3.4062293,LOW
1.7603927630295928,3.4251766,LOW
1.5755703712206868,2.802787,LOW
0.7694139647638667,2.4183657,LOW
1.77516932058176,2.2618647,LOW
0.0,2.209871,LOW
0.0,1.8030741,LOW
0.17472544954000835,1.5526309,LOW
2.206580509814611,1.4454432,LOW
1.239056401342486,1.5139608,LOW
2.89423907366651,1.5887487,LOW
0.8937614483766314,1.5718889,LOW
0.0,1.5555798,LOW
0.6951436536650348,1.5093905,LOW
0.0,1.5719042,LOW
0.0,1.4757477,LOW
0.0,1.3409705,LOW
0.0,1.1972542,LOW
0.0,1.109036,LOW
0.6363881638107145,1.1340055,LOW
2.164097309526161,1.1644719,LOW
0.5811184947208137,1.2804109,LOW
2.1189085383920663,1.3357657,LOW
3.7241662127189006,1.4358857,LOW
2.670659447206539,1.6692438,LOW
3.452910675509278,2.0528333,LOW
2.675218692282245,2.558629,LOW
0.0,2.523376,LOW
2.7569025511890946,2.2939568,LOW
1.4990668919217196,2.6395555,LOW
1.3992728687830684,2.4071558,LOW
1.440791105773343,2.2192333,LOW
3.1235676526854057,1.8854992,LOW
1.1527040005491465,2.0181742,LOW
0.0,2.0025568,LOW
1.834554475681852,1.7398913,LOW
0.0,1.7553856,LOW
0.0,1.59557,LOW
0.0,1.5001616,LOW
26.66519130585496,1.3109298,LOW
27.762517459327857,27.91644,HIGH
26.103999390885743,25.871998,HIGH
27.651643681582854,25.987343,HIGH
23.011839468247228,25.786345,HIGH
29.250783430622633,24.580479,MEDIUM
23.29099007410576,26.091694,HIGH
25.295053278683444,24.501842,MEDIUM
22.86292426084667,24.538383,MEDIUM
29.15761348327955,23.45174,MEDIUM
26.624438117988927,26.200535,HIGH
26.43653602437516,25.770924,HIGH
24.989143085567783,26.207413,HIGH
27.620789908723268,25.604393,HIGH
26.805984909512635,26.119835,HIGH
28.297092419624615,25.706635,HIGH
28.211875453533,26.56888,HIGH
29.29109811771551,27.239576,HIGH
32.16575658905418,28.119045,HIGH
30.504586255900573,29.85139,HIGH
27.0657444058578,30.04297,HIGH
28.336645427898688,28.62037,HIGH
29.957520052238813,27.905535,HIGH
27.203635032822525,27.805685,HIGH
27.86784684500231,26.844463,HIGH
27.222447975459815,26.739985,HIGH
26.400954504621083,26.710554,HIGH
24.611886541562964,26.146942,HIGH
24.80267275810668,24.661366,MEDIUM
23.53349225048791,23.968601,MEDIUM
17.489221051131352,23.319954,MEDIUM
16.1276300422698,17.422638,MEDIUM
13.843626091938361,15.053497,MEDIUM
16.794762578926022,14.328533,MEDIUM
18.36083358750616,15.454266,MEDIUM
12.130567906769475,16.203768,MEDIUM
15.501151633362428,14.746828,MEDIUM
14.199543525202307,15.091635,MEDIUM
17.350813316911186,14.904238,MEDIUM
17.017844636101845,15.864052,MEDIUM
15.013831002342933,16.245888,MEDIUM
16.475499644406465,16.155554,MEDIUM
16.269372875570966,16.30682,MEDIUM
13.878302719584042,16.33855,MEDIUM
18.668592123554806,15.638878,MEDIUM
14.226868624948812,16.707138,MEDIUM
17.325976910239255,15.967253,MEDIUM
18.890572014598025,16.545048,MEDIUM
16.991742496552703,17.37501,MEDIUM
18.561425780164193,17.3985,MEDIUM
19.77164520241081,17.75909,MEDIUM
19.751889299087942,18.616077,MEDIUM
17.64718835216764,19.008347,MEDIUM
15.055363904870395,18.436518,MEDIUM
17.07789232737861,16.943855,MEDIUM
18.006751933018506,16.49462,MEDIUM
14.749673938174373,16.712631,MEDIUM
15.23614698582568,16.088383,MEDIUM
15.24093675432292,15.768517,MEDIUM
15.715221343459373,15.643137,MEDIUM
34.803388607246845,15.660643,MEDIUM
32.52962530534161,34.03814,HIGH
31.860728386920936,32.056282,HIGH
32.063108780430525,31.75586,HIGH
33.32210006925115,31.742771,HIGH
30.26943175897502,32.173176,HIGH
29.059252248109384,31.727863,HIGH
31.088517645372704,28.138521,HIGH
30.52141593950909,29.129147,HIGH
31.474463036439523,29.037647,HIGH
27.908972142407915,29.408995,HIGH
30.00694065183626,28.181782,HIGH
32.81657503828582,28.895765,HIGH
31.647982859200074,30.204895,HIGH
32.94467688749773,30.626383,HIGH
33.12982574749138,31.921892,HIGH
34.589014130950204,32.753387,HIGH
31.765872641925107,33.599716,HIGH
35.56210246909636,32.970547,HIGH
31.117402683318964,33.55248,HIGH
34.406145678902135,32.691425,HIGH
33.88915383044319,33.308582,HIGH
30.407040890848116,33.307373,HIGH
32.38313219812876,31.623466,HIGH
32.53464382556147,31.459036,HIGH
32.45572647598647,30.384792,HIGH
31.552618474366984,30.675797,HIGH
30.818622344162335,29.882637,HIGH
31.016604649321327,29.524168,HIGH
30.733918257838937,29.752304,HIGH
1.8274234390734598,29.08805,HIGH
0.0,3.0654967,LOW
1.2272976162581646,1.0982758,LOW
0.0,0.6869122,LOW
0.0,0.6634835,LOW
0.6495961689083849,0.77123904,LOW
0.6138471262268297,1.010173,LOW
0.0,1.2664944,LOW
0.0,1.2406902,LOW
0.1822108058157017,1.1299068,LOW
0.0,1.1654297,LOW
0.0,1.196429,LOW
0.0,1.1682385,LOW
1.0529303661729426,1.083268,LOW
1.538472370630803,1.1355528,LOW
1.4427490632865627,1.3038325,LOW
0.8780605337465577,1.4046497,LOW
2.1625099447633325,1.4086865,LOW
0.4165440640320792,1.5302844,LOW
4.032117183506838,1.5776132,LOW
1.7774175414564528,2.0665603,LOW
2.259346356796371,1.9896271,LOW
0.7319952699981229,2.0751233,LOW
0.7219301778097869,1.9147272,LOW
0.0,1.8400688,LOW
1.2637621229477762,1.6460284,LOW
0.11279871991175838,1.5758991,LOW
0.0,1.4677128,LOW
0.0,1.3135322,LOW
0.0,1.1549648,LOW
12.37107755669303,1.0478393,LOW
13.477804898904006,12.722427,MEDIUM
14.421034622830764,12.328432,MEDIUM
12.468574799226266,12.207676,MEDIUM
12.886542218967806,11.652725,MEDIUM
9.912480639402991,11.686108,MEDIUM
11.428948465006037,11.639618,MEDIUM
10.58366531357402,11.756563,MEDIUM
12.412466103483535,11.380653,MEDIUM
11.031413037209628,11.775299,MEDIUM
9.879832347590124,11.533554,MEDIUM
11.686649948044629,11.0653305,MEDIUM
12.904741695693783,11.345684,MEDIUM
14.153292391721205,12.005209,MEDIUM
15.138141949790617,12.747908,MEDIUM
12.456805184539988,13.522875,MEDIUM
14.471321531472027,13.514183,MEDIUM
15.833340220833044,14.090055,MEDIUM
14.102238222218126,14.952309,MEDIUM
16.841613150462162,14.895189,MEDIUM
17.866105953839508,15.753401,MEDIUM
13.348883156140323,16.426117,MEDIUM
16.944254751063035,15.672483,MEDIUM
12.574593330500374,16.21598,MEDIUM
10.88222068915982,15.02062,MEDIUM
12.943475521935174,13.514715,MEDIUM
12.526814711620272,12.990774,MEDIUM
11.250919224553218,12.731216,MEDIUM
11.199825717238838,12.379238,MEDIUM
11.034657563250601,12.095425,MEDIUM
15.283961928847695,11.770447,MEDIUM
12.79848853450462,13.722401,MEDIUM
14.74628461162554,13.557608,MEDIUM
13.91081366182864,14.317472,MEDIUM
12.006267574623463,14.097561,MEDIUM
14.184179255045928,13.866453,MEDIUM
11.492679916358991,13.994076,MEDIUM
14.61959335872389,13.420763,MEDIUM
14.62286235668274,13.890625,MEDIUM
11.42230885982177,14.2257595,MEDIUM
13.045609318830055,13.564974,MEDIUM
14.681050606023273,13.499155,MEDIUM
14.550804157621897,13.99341,MEDIUM
15.594314830482677,14.199936,MEDIUM
12.580699614840665,15.023825,MEDIUM
15.586848270602243,14.439859,MEDIUM
16.323871992689348,15.320406,MEDIUM
15.712685248536168,15.809536,MEDIUM
15.036444580317701,15.933613,MEDIUM
14.321539088575433,15.774347,MEDIUM
15.80750115358476,15.634264,MEDIUM
16.609834240030487,15.749855,MEDIUM
15.794164371057636,16.18699,MEDIUM
17.09265780980912,16.092937,MEDIUM
14.903369042047023,16.533031,MEDIUM
13.276548666572383,16.150291,MEDIUM
14.73499852901379,15.328142,MEDIUM
14.22615055433275,15.1241455,MEDIUM
14.15697348445388,14.854435,MEDIUM
12.961931147198847,14.730537,MEDIUM
4.868884331404674,14.138971,MEDIUM
1.7325414984056398,4.3609805,LOW
2.7008083350347487,2.3615942,LOW
2.281290229833308,1.6924576,LOW
0.860458986385078,1.5648463,LOW
2.6226161583777294,1.8723377,LOW
1.5244630166435869,2.6617296,LOW
0.0,2.1961455,LOW
4.315384579180856,1.7212207,LOW
0.0,2.1908183,LOW
1.2457947677866041,1.7789742,LOW
3.0378971218234856,1.691426,LOW
0.056925213247623674,1.7378271,LOW
3.1571270987616824,1.6349835,LOW
6.253975327502812,1.9171772,LOW
2.186986755375843,2.7247207,LOW
3.3846062469083833,2.8340397,LOW
5.056082129886047,3.14326,LOW
3.882007574012902,3.6021261,LOW
4.636270360911336,4.1408215,LOW
1.3424934421614765,4.5591,LOW
4.652464023031177,3.7418807,LOW
3.7934916858120538,3.939444,LOW
2.836917425397095,4.138392,LOW
3.1811100683519093,3.9073825,LOW
2.3883463083547927,3.622997,LOW
0.0,3.2310185,LOW
4.15836024721426,2.651287,LOW
2.649559478016984,3.003716,LOW
1.6529577965446016,2.7514555,LOW
6.691974622838907,2.4774008,LOW
8.122529450360025,3.4753072,LOW
4.2653358161162815,4.7518244,LOW
3.9468422429225374,5.313674,LOW
5.458706004729104,5.0338573,LOW
6.338505606312861,5.2107754,LOW
2.549044384687881,5.852041,LOW
3.838854704752803,5.3723783,LOW
7.783465048211118,4.763118,LOW
5.141432186178978,5.52932,LOW
6.397043072296722,5.8060923,LOW
4.413329533816232,6.0908647,LOW
8.07797459098376,5.685433,LOW
7.724562939376349,6.3955255,LOW
5.810279648217579,7.050492,LOW
8.590610320246714,7.1505737,LOW
8.729544717437538,7.4179273,LOW
7.8740355272309355,7.946596,LOW
7.282651143294979,8.262833,LOW
6.030743074374741,8.398575,LOW
8.503310902909341,8.078548,LOW
7.056196119112993,8.296423,LOW
7.236216373901815,8.336669,LOW
7.10445244194677,8.132429,LOW
5.003604187710259,7.8304534,LOW
8.67265804329984,7.2229624,LOW
8.827321411172342,7.6546583,LOW
2.3130292465756526,8.054979,LOW
4.612656867904251,6.159078,LOW
4.813810555789027,5.5058107,LOW
28.07445241624896,5.3146048,LOW
28.19098054921207,28.739365,HIGH
25.64221882569782,27.154892,HIGH
25.00037112926539,26.240639,HIGH
25.24925695224681,25.485016,HIGH
28.739125619404266,25.16442,HIGH
28.75326657802716,26.048832,HIGH
24.08657131741069,26.657246,HIGH
25.043916963357134,25.904337,HIGH
26.162385549909907,25.348766,HIGH
25.780058407022644,25.202652,HIGH
29.197232828376787,25.089111,HIGH
28.325154989630246,26.548803,HIGH
29.281802654719016,27.100983,HIGH
31.2301001874495,27.942984,HIGH
29.6611349581483,29.40993,HIGH
29.03941282668973,29.439793,HIGH
27.4093807567226,29.01968,HIGH
29.83001752570502,28.240387,HIGH
29.816278117987313,28.33163,HIGH
27.980746165850743,28.428867,HIGH
27.743186219187322,28.248676,HIGH
27.764450795038,28.064123,HIGH
30.316836810002428,27.538933,HIGH
26.45471907093775,28.120495,HIGH
27.5155354699019,26.887695,HIGH
27.93384529891833,26.355732,HIGH
26.120010714936022,26.46148,HIGH
26.869030420915028,26.19735,HIGH
22.859037200186307,25.699526,HIGH
3.724724722126149,23.287273,MEDIUM
4.61814667350548,3.639153,LOW
2.885557355143428,3.6185126,LOW
4.176921232988693,2.4535682,LOW
5.192944065857681,2.3552067,LOW
2.0961693587676944,2.5919921,LOW
0.5515878120487292,3.6134067,LOW
6.264833038202536,3.3180828,LOW
2.059743461706285,4.0934095,LOW
2.547844200195042,3.996467,LOW
0.48388829013827284,3.5859127,LOW
4.586178848980446,2.6255445,LOW
4.156138512679174,3.1854105,LOW
7.185781822865948,3.635018,LOW
5.939648122331485,4.492687,LOW
5.807726833060359,4.8277454,LOW
4.734792778780566,5.391147,LOW
6.4086626651482845,5.6984625,LOW
5.29825888961015,6.258251,LOW
5.232077030830315,6.3583293,LOW
6.187692359394957,6.24521,LOW
2.3632028904960256,6.2326655,LOW
4.503651803004258,5.411256,LOW
4.260571065920612,5.129256,LOW
2.136073291681072,4.9937086,LOW
6.2427073182086925,4.3503323,LOW
2.2914917048554573,4.755906,LOW
2.4370282785070545,4.3583264,LOW
2.7733822561188575,3.767233,LOW
1.5313288643120497,3.550264,LOW
0.0,3.1262498,LOW
0.0,2.5534487,LOW
0.24602658223272655,1.6715845,LOW
0.0,1.5114526,LOW
0.0,1.3519325,LOW
0.0,1.1650238,LOW
0.8740301035302291,1.0063998,LOW
0.0,1.0492359,LOW
0.0,1.1036001,LOW
0.0,1.0010929,LOW
0.0,0.93588793,LOW
0.0,0.88537514,LOW
0.0,0.9577378,LOW
0.0,0.91384196,LOW
0.0,0.94900966,LOW
0.0,0.98248327,LOW
0.0,1.0361104,LOW
0.9404320208718993,1.0854664,LOW
2.8626264493727227,1.1801128,LOW
2.5273607305978754,1.3331245,LOW
2.1256572129287736,1.4351876,LOW
2.345759117719071,1.5356175,LOW
0.0,1.674242,LOW
0.0,1.6956993,LOW
0.0,1.6565559,LOW
0.0,1.5494653,LOW
0.0,1.3540832,LOW
0.0,1.1860254,LOW
0.0,1.0657275,LOW
0.0,1.0155057,LOW
0.0,1.022032,LOW
0.0,0.9656637,LOW
0.0,1.0404319,LOW
0.0,1.1027373,LOW
1.6926272695696545,1.0625315,LOW
0.0,1.2440841,LOW
0.0,1.25664,LOW
0.0,1.1985111,LOW
0.0,1.1640285,LOW
0.0,1.1481049,LOW
0.0,1.1977056,LOW
0.7570273328241042,1.1464865,LOW
2.394160149318515,1.1879232,LOW
3.2263562513409716,1.3309896,LOW
2.5937896455155145,1.5112382,LOW
2.570936615168452,1.6705314,LOW
0.6207786711113537,1.8883688,LOW
1.6555998125282918,1.9469118,LOW
1.6733446080466567,2.2049837,LOW
2.5555021231723387,2.2493453,LOW
1.279708620916593,2.257108,LOW
0.0,1.9541297,LOW
2.396323292590293,1.6371624,LOW
0.0,1.7598633,LOW
3.0574497522936266,1.69221,LOW
0.0,1.9104369,LOW
1.2821044820777128,1.6065427,LOW
0.0,1.5498565,LOW
0.0,1.5170512,LOW
0.0,1.4343222,LOW
25.739196614653075,1.3149301,LOW
24.14864128404404,27.54726,HIGH
24.421143352524044,24.03039,MEDIUM
22.210338823235755,24.053059,MEDIUM
21.94187332201573,23.396648,MEDIUM
23.39139155972769,23.087072,MEDIUM
22.663697468388662,23.121412,MEDIUM
21.515410112262913,22.17312,MEDIUM
23.27505736247346,21.980307,MEDIUM
25.2905261898105,22.325058,MEDIUM
22.45538503175741,23.582178,MEDIUM
22.29506107255472,23.148079,MEDIUM
23.135461464055687,22.777288,MEDIUM
22.710277366526277,22.694595,MEDIUM
24.963959057502223,22.588589,MEDIUM
23.472892375526058,23.68642,MEDIUM
23.47794011320279,23.636147,MEDIUM
23.398833348020588,23.755991,MEDIUM
25.239061050393712,23.556133,MEDIUM
23.68137731138645,24.098797,MEDIUM
21.733373699815353,23.740276,MEDIUM
24.280598886574232,23.072956,MEDIUM
25.85667511722318,23.290905,MEDIUM
25.00589612655707,23.92952,MEDIUM
21.519928155354528,24.13912,MEDIUM
21.93483167623456,23.030172,MEDIUM
22.888852435857117,22.337788,MEDIUM
22.081999613337736,22.025307,MEDIUM
25.74129740002063,21.813519,MEDIUM
22.390162935083794,23.66122,MEDIUM
3.8430119634152566,23.085798,MEDIUM
2.763034444977327,3.1312277,LOW
3.330665269638306,2.7808115,LOW
2.437130730482835,1.7298942,LOW
4.25887709960417,1.4904022,LOW
0.0791337209997458,2.024046,LOW
2.001872033649759,2.453682,LOW
3.5378845159254038,2.5679946,LOW
4.165859569240888,2.7793398,LOW
1.6015190555113854,3.1479053,LOW
4.959828410172516,2.7615438,LOW
4.820873700728852,3.0797775,LOW
3.492981345598597,3.630536,LOW
6.280618202754264,4.105089,LOW
5.753062454043144,4.616883,LOW
2.7909507685152715,5.1148024,LOW
7.033930301926349,4.990575,LOW
5.256703873846385,5.5344467,LOW
5.919947122658495,5.7827864,LOW
8.806265609892716,6.019799,LOW
8.805503692884743,6.704583,LOW
4.484906804871477,7.0924077,LOW
7.992518593797998,6.9305787,LOW
5.693349586355181,7.3461576,LOW
3.472804832220721,7.265727,LOW
5.874694709097961,6.302027,LOW
5.7422591546393065,6.149363,LOW
3.022975171933707,6.0838914,LOW
6.515607285913383,5.5218716,LOW
2.7318927091960337,5.598308,LOW
15.866135000242119,5.051132,LOW
14.166012972701548,16.460901,MEDIUM
14.852701910266186,15.012156,MEDIUM
15.287024002449426,14.649031,MEDIUM
15.322531367828685,14.506758,MEDIUM
12.576954910266549,15.193098,MEDIUM
14.89833262327698,14.50515,MEDIUM
15.837135321655527,14.889877,MEDIUM
15.455419717912672,15.275263,MEDIUM
12.460919472682958,15.445839,MEDIUM
14.272192309896916,14.624233,MEDIUM
13.414829261286778,14.687452,MEDIUM
16.325425139379746,14.328043,MEDIUM
14.11112513513314,15.193514,MEDIUM
14.868978711122326,14.88006,MEDIUM
14.367539984300471,15.399441,MEDIUM
14.921491935047179,15.177536,MEDIUM
18.408036207640926,15.344828,MEDIUM
15.400437362832566,16.462702,MEDIUM
17.08078527154128,16.319733,MEDIUM
15.927216570215991,16.655981,MEDIUM
19.459682422441446,16.53418,MEDIUM
14.044356215300736,17.711674,MEDIUM
15.521790676369472,16.429314,MEDIUM
16.35496531708938,16.136427,MEDIUM
14.205516931961157,16.218443,MEDIUM
12.384394813528198,15.656675,MEDIUM
16.17549347556958,14.39695,MEDIUM
18.4305494303416,15.196194,MEDIUM
15.891995455670113,16.389002,MEDIUM
19.67577819650414,16.306614,MEDIUM
17.90899527184805,17.188509,MEDIUM
17.1800059191182,17.558403,MEDIUM
18.010664264478812,17.48637,MEDIUM
14.12649454034531,17.454453,MEDIUM
13.84077586701779,16.379297,MEDIUM
15.876572156000114,15.390928,MEDIUM
16.301109862972545,15.323156,MEDIUM
14.493152925494357,15.739681,MEDIUM
16.626392599888906,15.420469,MEDIUM
18.182475874109223,15.899876,MEDIUM
16.30210145372737,16.695436,MEDIUM
18.247867576818948,16.634804,MEDIUM
17.345375167769866,17.230402,MEDIUM
17.6552517405639,17.38993,MEDIUM
18.159115495329942,17.551456,MEDIUM
18.60926386129018,17.69085,MEDIUM
21.09427654927824,18.248402,MEDIUM
18.822079404025583,19.150528,MEDIUM
20.158073242745733,19.165672,MEDIUM
19.900289864827467,19.455776,MEDIUM
18.363717641668526,19.498108,MEDIUM
18.343426598302578,19.068256,MEDIUM
19.636305290220257,18.47996,MEDIUM
16.754461824771482,18.614143,MEDIUM
18.07534891645568,17.936192,MEDIUM
17.56739407544807,17.64536,MEDIUM
17.761613236613634,17.585632,MEDIUM
16.20874429689085,17.612537,MEDIUM
16.865628861970585,17.11544,MEDIUM
38.579798921066605,16.83045,MEDIUM
35.07283839656265,36.83892,HIGH
36.010820951170885,34.348537,HIGH
37.55425345932639,35.06509,HIGH
36.7366876282477,35.243748,HIGH
34.24666038983963,35.373108,HIGH
36.32511117328538,34.667953,HIGH
37.58853359421809,33.76847,HIGH
35.166053426093086,35.447987,HIGH
37.851771539272,34.528294,HIGH
35.6088753817936,34.73786,HIGH
35.353828459337564,34.893223,HIGH
38.163969929077986,35.359486,HIGH
38.59133240240605,35.710773,HIGH
36.135084758247864,36.866302,HIGH
38.26705476301895,36.522453,HIGH
37.612741059495,37.383545,HIGH
38.15471664355697,37.272923,HIGH
39.20295687204459,37.37167,HIGH
39.43006576726885,38.236835,HIGH
37.52873547955738,38.600475,HIGH
38.292832899762296,37.897408,HIGH
39.70286525987488,37.152233,HIGH
37.25909092227984,37.64259,HIGH
37.94366200950689,36.243008,HIGH
37.18735374870421,35.56719,HIGH
37.836777408900865,35.362362,HIGH
35.736766809723015,35.258915,HIGH
35.12156137136807,33.860607,HIGH
35.30047748499469,33.89441,HIGH
26.609432326692847,33.65532,HIGH
28.357401450647934,27.574762,HIGH
25.991513342008318,29.779064,HIGH
26.424273196268793,27.191475,HIGH
26.651701752614382,26.26887,HIGH
24.19390552434029,25.554401,HIGH
23.833286163511122,24.356297,MEDIUM
25.109905836381163,23.431343,MEDIUM
23.47024084933703,23.575489,MEDIUM
25.67858192900706,23.391132,MEDIUM
25.568381234887795,24.333443,MEDIUM
24.109582548480102,24.711245,MEDIUM
24.772264586204077,24.556042,MEDIUM
26.767319678729613,24.322319,MEDIUM
26.519085367935155,25.12136,HIGH
28.674767578206644,25.592773,HIGH
29.055928361388606,26.943832,HIGH
24.558931280996703,27.711456,HIGH
28.52556026072316,26.525547,HIGH
27.29015656710541,27.09202,HIGH
26.46854677638506,26.391245,HIGH
31.599745062583665,26.101156,HIGH
26.36047098957741,28.254946,HIGH
28.230097021780367,27.222275,HIGH
27.11169329416979,27.360096,HIGH
29.44808858771266,26.269436,HIGH
28.084337263105695,27.320265,HIGH
26.54028387566121,26.901749,HIGH
26.09081932612646,26.082989,HIGH
26.25853071930817,26.083115,HIGH
31.79408274648539,25.362206,HIGH
30.374826793601816,28.08364,HIGH
29.557948857351693,29.10978,HIGH
28.09575355671255,29.140076,HIGH
26.11589271022381,28.42836,HIGH
30.18231494131635,27.089962,HIGH
30.383268077987406,27.789314,HIGH
27.852388605645647,27.878475,HIGH
29.10809353178841,27.530184,HIGH
27.829626711742144,27.762674,HIGH
30.725213314105396,27.399273,HIGH
30.12471551510535,28.301464,HIGH
30.38770815340824,28.34577,HIGH
31.417009622118357,29.342821,HIGH
30.1063137633626,30.386883,HIGH
30.823187804357193,30.560621,HIGH
29.561494134897444,31.065432,HIGH
31.455039180085937,30.55512,HIGH
30.960979134197746,30.945282,HIGH
31.026432898419223,30.705444,HIGH
33.853001888718985,29.879429,HIGH
30.810920595152567,30.663897,HIGH
31.883077765293514,29.982899,HIGH
31.031841070224207,30.814232,HIGH
31.49679967571303,30.318626,HIGH
30.894887065968156,30.781002,HIGH
30.45461846080175,30.759047,HIGH
31.10786225339563,29.701927,HIGH
31.064274681030305,29.207312,HIGH
31.544764304519855,28.245747,HIGH
20.356639056204358,28.683256,HIGH
17.68624858638288,19.582405,MEDIUM
17.828338123825286,18.215136,MEDIUM
20.893969298289463,17.618477,MEDIUM
20.64854846638422,18.869625,MEDIUM
20.627597352857112,19.310232,MEDIUM
18.25296152450853,19.396786,MEDIUM
20.4158346033243,19.350842,MEDIUM
18.216426629288886,19.54703,MEDIUM
18.761539260442404,18.925987,MEDIUM
18.233591912321344,18.644264,MEDIUM
20.954649367732316,18.41537,MEDIUM
18.72861151013391,19.2581,MEDIUM
22.56068328451731,19.067133,MEDIUM
19.154763712748313,20.40853,MEDIUM
18.088058167855298,20.029343,MEDIUM
20.650762088015643,19.260376,MEDIUM
21.426138963332985,19.39262,MEDIUM
21.039520296764657,20.205515,MEDIUM
24.664481356916863,20.555674,MEDIUM
20.07134545609822,22.208504,MEDIUM
22.311292131785564,21.662487,MEDIUM
20.901517788061007,21.70096,MEDIUM
22.101606587060402,21.05144,MEDIUM
19.698436078122118,21.241373,MEDIUM
20.28520762619493,20.363014,MEDIUM
20.16645086029927,20.017448,MEDIUM
18.206305580024015,19.938564,MEDIUM
19.066146463061585,19.061478,MEDIUM
18.024621748817207,18.44267,MEDIUM
34.273430121291156,18.308498,MEDIUM
30.597840388173726,32.675514,HIGH
36.674020743951445,30.897501,HIGH
29.49663014554921,33.47071,HIGH
31.45500682189471,31.36964,HIGH
31.069195801993196,31.412006,HIGH
30.107013632662152,30.831642,HIGH
32.409396596296475,29.516031,HIGH
31.765273451758976,29.969393,HIGH
30.415298625723054,30.169445,HIGH
31.873444718304874,30.199154,HIGH
32.63953957694345,30.43843,HIGH
31.599382522443047,31.100672,HIGH
35.88391989704404,31.229565,HIGH
32.81813477788978,33.14627,HIGH
32.30220619524286,32.993317,HIGH
33.80674272966982,32.848164,HIGH
34.08439920665975,33.159603,HIGH
36.40409785909372,33.138058,HIGH
35.21298305832374,34.058403,HIGH
33.62145566658984,34.457966,HIGH
32.81290464170679,34.08189,HIGH
34.66838842118422,32.724148,HIGH
34.474784549817976,32.279675,HIGH
33.47471158176771,32.305267,HIGH
34.26366917534959,31.526157,HIGH
31.301946837701443,32.40929,HIGH
33.327926263799974,31.561302,HIGH
31.296684046284806,31.728704,HIGH
33.055435758446244,30.054329,HIGH
32.280109113900124,29.971817,HIGH
32.956374678626275,30.776167,HIGH
33.88969907571539,32.92017,HIGH
29.389505430571795,34.070347,HIGH
29.753266098967547,32.649532,HIGH
32.56636980733013,31.220098,HIGH
30.139301859126714,30.834124,HIGH
28.465746244016252,29.008259,HIGH
30.330104257260125,27.532503,HIGH
29.6363432752393,28.259823,HIGH
29.113100306184755,28.918987,HIGH
31.687474459662216,28.4831,HIGH
32.545112712080275,29.165083,HIGH
32.490190349496615,30.603828,HIGH
31.59770391116213,31.231081,HIGH
30.537269515736398,31.372272,HIGH
33.662089447574076,31.166761,HIGH
33.06921243019251,32.3414,HIGH
34.51731815529631,32.733025,HIGH
33.038345067952726,33.209816,HIGH
32.955090439351764,33.2206,HIGH
32.98900597480088,33.108044,HIGH
31.01858991147214,32.795654,HIGH
33.030350476144235,30.951008,HIGH
31.331981631563778,31.01002,HIGH
32.800210505551185,29.881872,HIGH
34.34378514856282,29.800665,HIGH
31.731955538052222,30.57679,HIGH
32.05304166046049,30.58965,HIGH
29.322889422155107,30.84528,HIGH
2.4992854104814315,29.501286,HIGH
2.5389785317670066,3.1477058,LOW
3.1490922138933275,2.7582846,LOW
2.659041218314804,1.5558172,LOW
0.0,1.3469698,LOW
0.7123592072261635,1.3747756,LOW
1.3672417930183034,1.6000233,LOW
0.8804629567751219,2.016493,LOW
0.0,1.8202214,LOW
1.481124535999177,1.5765793,LOW
1.5840009879946413,1.4845202,LOW
5.024665556378649,1.5528843,LOW
3.2158531084884414,2.1932497,LOW
3.5758276367272357,2.3210502,LOW
4.3355637071380535,2.6273189,LOW
2.1686390065764467,3.2118175,LOW
3.754919036351561,3.5059638,LOW
3.5878542183994355,3.7989645,LOW
5.8602984362455,3.8751595,LOW
3.657092332395359,4.3209906,LOW
4.498014900073625,4.3274946,LOW
4.81758663702065,4.3182645,LOW
4.320793362946294,4.6249685,LOW
3.434922380512278,4.902495,LOW
2.5089607632111752,4.716029,LOW
1.8846214740605611,4.1717844,LOW
4.032312942211184,3.5778987,LOW
3.0640845816700004,3.7548776,LOW
0.8035940916732169,3.5514278,LOW
2.061874590039044,2.8182533,LOW
0.0,2.465673,LOW
0.015970242930675838,2.0809722,LOW
0.0,1.7155591,LOW
0.0,1.4722749,LOW
0.0,1.2965019,LOW
0.0,1.1968069,LOW
0.0,1.069837,LOW
0.0,1.0411158,LOW
0.0,0.9719678,LOW
0.0,0.9559556,LOW
0.0,0.9811404,LOW
0.0,0.9452846,LOW
0.0,0.9618695,LOW
3.44180068526226,0.9906268,LOW
0.02113040283852996,1.329737,LOW
2.367059316026099,1.3782964,LOW
0.0,1.4722805,LOW
1.2513506130486753,1.49335,LOW
0.40048945470931585,1.6057684,LOW
0.0,1.6236105,LOW
1.7512666758465905,1.4864959,LOW
0.0,1.5122927,LOW
0.0,1.4234113,LOW
0.0,1.3635728,LOW
0.0,1.2831361,LOW
0.0,1.257537,LOW
0.0,1.270886,LOW
0.0,1.191728,LOW
0.0,1.1244097,LOW
0.0,1.0729817,LOW
17.76159509058214,1.0418522,LOW
17.786657033917347,18.230886,MEDIUM
18.011824883155818,17.080317,MEDIUM
15.498903400889086,16.684824,MEDIUM
15.671345260894903,16.467606,MEDIUM
16.455870393663304,16.134172,MEDIUM
16.285250193987615,16.39426,MEDIUM
14.077029619608712,16.396519,MEDIUM
17.12617591778731,15.740629,MEDIUM
16.056525395001593,16.24715,MEDIUM
13.498424134387562,16.273209,MEDIUM
15.36096460834076,15.611757,MEDIUM
18.85858377464063,15.61334,MEDIUM
16.317722255301135,16.879063,MEDIUM
17.91141335503891,16.727654,MEDIUM
17.66824844599244,17.37196,MEDIUM
19.094053892130603,17.687145,MEDIUM
17.812114447557455,18.361094,MEDIUM
16.67103241781936,18.182484,MEDIUM
16.778076643671774,17.796303,MEDIUM
20.877835683938116,17.550613,MEDIUM
18.79030036916862,18.650532,MEDIUM
17.633993496787625,18.768917,MEDIUM
16.123045121580322,18.412167,MEDIUM
15.995215138734858,17.545523,MEDIUM
19.250477465595182,16.804743,MEDIUM
17.062673457742797,17.644367,MEDIUM
14.54449723835075,17.414742,MEDIUM
12.468518572395823,16.413084,MEDIUM
14.600916015656006,15.043455,MEDIUM
3.87107896913105,14.795595,MEDIUM
4.325725505349606,3.7211068,LOW
3.380033041128584,2.8077939,LOW
4.277196536285528,2.7921684,LOW
1.970393462948012,3.2543137,LOW
4.339036603892108,3.2953563,LOW
1.7051165425787875,4.077472,LOW
0.8806867246009205,3.478153,LOW
4.3793109778923345,2.8413072,LOW
4.444081955737085,3.175391,LOW
0.6759161038187891,3.4370828,LOW
4.1537730174690015,2.9374723,LOW
2.5665700430647043,2.9370654,LOW
5.433133573513432,2.9603224,LOW
4.421311172695727,3.891358,LOW
5.075399942181413,4.0586514,LOW
7.7657833560510845,4.2076488,LOW
5.823481797047343,5.257249,LOW
8.393201952613598,5.87748,LOW
5.610201245480635,6.664027,LOW
5.878622879878151,6.7887597,LOW
4.29905865899034,6.8006225,LOW
3.5537342043994045,6.4452243,LOW
7.57548121555053,5.698005,LOW
0.0,6.24738,LOW
6.286832190635744,4.5515275,LOW
3.385914186981587,4.9964857,LOW
2.988202377809447,4.8323946,LOW
5.190266638193231,4.388485,LOW
4.229454922571541,4.4846363,LOW
15.707649607388364,4.328088,LOW
13.734262887733303,14.639671,MEDIUM
16.252408730893613,14.19331,MEDIUM
15.06154470134654,14.189198,MEDIUM
16.27147142065303,14.059076,MEDIUM
16.18600913079679,15.1524105,MEDIUM
13.608547909447916,15.669796,MEDIUM
16.212672292838363,15.394289,MEDIUM
15.177234227810558,15.641617,MEDIUM
15.02413690145341,15.550621,MEDIUM
17.702994540998702,15.468639,MEDIUM
17.54214736934207,16.196146,MEDIUM
15.865649872330259,16.7124,MEDIUM
14.935355013115258,16.48917,MEDIUM
17.335888574252422,16.117952,MEDIUM
19.386884989293577,16.549902,MEDIUM
16.177265614773276,17.506807,MEDIUM
17.15310194976824,17.090717,MEDIUM
17.42076506615827,17.129221,MEDIUM
16.706244393757217,17.259794,MEDIUM
21.302574516985192,17.007303,MEDIUM
18.190148547115516,18.78725,MEDIUM
19.542230040881194,18.646967,MEDIUM
17.003449289867604,19.029467,MEDIUM
17.7638522575205,18.334492,MEDIUM
16.407189821026975,17.771107,MEDIUM
16.21654786220926,16.848333,MEDIUM
17.170562077758138,16.378317,MEDIUM
14.536777833309248,16.553406,MEDIUM
17.20594119453974,15.977322,MEDIUM
32.37405292927441,16.270224,MEDIUM
30.835777002729753,31.761967,HIGH
30.88165562600324,30.403316,HIGH
29.811779179088397,30.785526,HIGH
28.50053420782409,30.002058,HIGH
28.34645225403157,29.395435,HIGH
30.02583536838144,28.746307,HIGH
30.935784250435503,27.267277,HIGH
26.664901670869774,28.58069,HIGH
31.16554314044919,27.255188,HIGH
31.522990545204536,28.862247,HIGH
30.67900273468321,29.824917,HIGH
30.172130792797503,30.319195,HIGH
31.770416587894868,29.95118,HIGH
33.052605295142065,30.680206,HIGH
30.43893522282063,31.522629,HIGH
32.594100230156464,30.708515,HIGH
32.01052318571291,31.473175,HIGH
32.87216139733462,31.721498,HIGH
31.847331762050533,32.151344,HIGH
33.29687968575141,31.810497,HIGH
32.53756891722006,32.69082,HIGH
32.02379204086623,32.344852,HIGH
31.160547137672676,31.345167,HIGH
32.159587543374855,30.526608,HIGH
30.87339508697732,30.16921,HIGH
31.302202876462953,29.328377,HIGH
29.492249608985155,29.166258,HIGH
31.573958098932504,29.099113,HIGH
28.183474262805582,29.504124,HIGH
16.40377365951467,28.036804,HIGH
16.579345429261878,15.359013,MEDIUM
17.43055530213241,15.214968,MEDIUM
16.867807345918937,16.194736,MEDIUM
19.313847075831642,16.12634,MEDIUM
14.64025473887256,16.955975,MEDIUM
15.921888433452159,16.382135,MEDIUM
14.663510694857719,16.365482,MEDIUM
16.24653562863947,15.69202,MEDIUM
15.14192772265099,15.984982,MEDIUM
16.207323828319165,15.66818,MEDIUM
15.973194398044576,16.006765,MEDIUM
19.075241547495416,16.041586,MEDIUM
15.979799202155533,17.142801,MEDIUM
22.01375636356419,16.865215,MEDIUM
18.884166285041744,19.33226,MEDIUM
19.87190418808334,19.262558,MEDIUM
19.503670381629682,19.5457,MEDIUM
20.287388116336796,19.403942,MEDIUM
24.364802702593735,19.64038,MEDIUM
17.33015715441387,21.616047,MEDIUM
18.50173931388677,20.441368,MEDIUM
16.113151700014157,19.027348,MEDIUM
18.140752738188922,17.52779,MEDIUM
19.822630628734558,17.472076,MEDIUM
17.651298707262008,17.843409,MEDIUM
18.250621936341847,18.061272,MEDIUM
16.345150340333607,18.153639,MEDIUM
16.003775900601198,17.502684,MEDIUM
17.858982268173047,16.840624,MEDIUM
9.646457077080827,16.81392,MEDIUM
11.798255693526576,10.969471,MEDIUM
14.139829058617048,11.6543045,MEDIUM
11.539450220100129,13.121466,MEDIUM
13.078679090735076,12.663479,MEDIUM
11.036457732931957,12.932533,MEDIUM
11.93972822045954,12.403915,MEDIUM
8.990871023420846,12.290747,MEDIUM
8.495474243436199,11.11055,MEDIUM
10.40384326335796,10.501232,MEDIUM
9.769869019547642,10.5138035,MEDIUM
9.240355551506347,10.491621,MEDIUM
9.554160635104921,10.354435,MEDIUM
14.052052392930982,10.195469,MEDIUM
10.239436707658534,11.420685,MEDIUM
14.157876844196391,11.04039,MEDIUM
12.86331828942847,12.72439,MEDIUM
11.95287734091937,12.627174,MEDIUM
11.68692460278105,12.88822,MEDIUM
12.74684347507601,12.706808,MEDIUM
10.937478799213826,12.944151,MEDIUM
12.688055049692853,12.365326,MEDIUM
14.864254696541995,12.552731,MEDIUM
13.296522932457714,13.262188,MEDIUM
11.272136681405613,13.4368305,MEDIUM
14.496126738105422,13.053736,MEDIUM
9.786246667962363,13.686493,MEDIUM
6.665956159471207,12.659304,MEDIUM
11.088941402280973,8.078654,LOW
12.34479276282988,9.759317,LOW
14.950682909996296,10.614508,MEDIUM
15.556477684936251,13.67593,MEDIUM
13.89692100193396,14.976011,MEDIUM
15.874948658733732,15.339983,MEDIUM
15.923778910746037,15.82305,MEDIUM
15.037180370922027,16.234352,MEDIUM
12.806338455241692,15.926117,MEDIUM
16.58187572980801,14.939875,MEDIUM
12.29967419128077,15.94208,MEDIUM
14.970000341694552,14.73525,MEDIUM
14.26961177991582,15.074831,MEDIUM
14.638154040237174,14.963144,MEDIUM
14.390357002049516,15.046711,MEDIUM
17.40551480174367,15.034176,MEDIUM
14.772636021225162,16.26902,MEDIUM
15.668505445364277,15.947195,MEDIUM
16.90981193624755,16.251232,MEDIUM
14.902104480063157,16.573719,MEDIUM
16.87752396912485,16.286884,MEDIUM
15.266177505567219,16.552061,MEDIUM
17.69205393310499,16.246082,MEDIUM
16.198750648288595,16.890265,MEDIUM
18.533139449431715,16.653736,MEDIUM
15.718224431602243,17.55347,MEDIUM
14.844944538503896,16.880121,MEDIUM
14.97646775740152,16.229668,MEDIUM
14.747205460180318,15.829628,MEDIUM
16.610538154311115,15.593079,MEDIUM
12.038100113769824,15.978575,MEDIUM
15.831995303725606,14.842182,MEDIUM
22.495017882977116,15.571667,MEDIUM
23.535632864776908,19.441465,MEDIUM
20.017793423936716,21.289286,MEDIUM
18.582175709613388,20.832325,MEDIUM
19.213844168244464,20.030668,MEDIUM
19.949280406326743,19.390484,MEDIUM
18.68257560135038,19.220308,MEDIUM
17.049845604579662,18.856758,MEDIUM
18.688418535437876,18.128056,MEDIUM
21.402703505708438,18.20794,MEDIUM
19.01676857769092,19.424194,MEDIUM
22.08707727609721,19.328844,MEDIUM
20.610641302503325,20.27375,MEDIUM
22.953703484366912,20.544857,MEDIUM
20.646134632082102,21.753193,MEDIUM
19.415601564227288,21.367853,MEDIUM
20.41002904666737,20.67243,MEDIUM
21.90794185191618,20.1884,MEDIUM
24.208923187949658,20.811584,MEDIUM
23.78464862750174,22.191193,MEDIUM
23.688152990129733,22.964695,MEDIUM
24.361310334688326,23.389141,MEDIUM
22.722879797889604,23.595173,MEDIUM
24.651009737087403,23.170494,MEDIUM
22.714685576181942,23.460865,MEDIUM
19.547406051689524,23.162725,MEDIUM
21.047920683939058,21.023518,MEDIUM
22.40541218521515,20.419872,MEDIUM
22.16060918424727,20.731987,MEDIUM
18.54234404854855,21.216114,MEDIUM
25.239262226267215,20.197498,MEDIUM
21.735091920688546,22.102604,MEDIUM
23.97444767190376,21.500786,MEDIUM
23.11024860620468,22.376364,MEDIUM
22.67417330735369,22.285336,MEDIUM
22.05545011758592,22.587135,MEDIUM
19.63128187297546,22.147652,MEDIUM
20.12568551560831,20.844736,MEDIUM
22.823839746245074,19.811699,MEDIUM
19.21048499739086,20.383497,MEDIUM
25.58555181470327,20.118309,MEDIUM
21.345579827757195,22.897135,MEDIUM
24.47433087995194,22.306934,MEDIUM
25.066159883271187,23.352674,MEDIUM
22.302219780357564,23.705576,MEDIUM
26.673594168759546,23.437664,MEDIUM
24.303252765085293,24.347641,MEDIUM
23.843211683732072,24.313255,MEDIUM
23.958006383419093,24.164894,MEDIUM
24.49229643115791,23.812363,MEDIUM
23.279305139802005,23.67817,MEDIUM
24.306944122116768,23.23228,MEDIUM
26.008599506632272,23.304914,MEDIUM
23.088821276873635,24.104752,MEDIUM
23.80821236343436,23.612795,MEDIUM
24.725858656382307,23.197206,MEDIUM
22.077681673712263,23.27008,MEDIUM
25.109269837215653,22.67987,MEDIUM
22.79706949426005,23.017555,MEDIUM
21.434210227045476,22.82956,MEDIUM
3.2080467117937594,22.243969,MEDIUM
4.713809025886192,3.0728285,LOW
3.568960846997996,3.3701382,LOW
4.902239639105197,2.9295826,LOW
4.185287291276637,3.0930922,LOW
0.684853796630918,3.0734577,LOW
1.5539200157428503,3.5516045,LOW
4.477313218243825,3.2798538,LOW
1.7836425725704288,3.5663378,LOW
3.2366262349279804,3.248233,LOW
2.006734708055159,3.056524,LOW
3.7514702912654165,2.4690788,LOW
4.534657572482407,2.9294157,LOW
5.979628657587643,3.5317612,LOW
5.397689027183096,4.2388654,LOW
4.114955998182857,4.727825,LOW
5.221839299064795,4.9102683,LOW
7.323582861799114,5.174301,LOW
6.06108104521039,6.077167,LOW
4.552218807360234,6.480373,LOW
5.083433099747062,6.1973667,LOW
4.468756564586332,5.992522,LOW
6.896885552365177,5.866671,LOW
5.869502892386025,6.338756,LOW
5.075045979638567,6.3622365,LOW
3.620575399046295,6.156357,LOW
5.170351437365113,5.578338,LOW
1.2719590107146708,5.587027,LOW
3.480237106727163,4.6463385,LOW
3.2420518265750324,4.290715,LOW
30.744569821100512,3.9381375,LOW
30.260573570567107,31.74674,HIGH
29.33475461777492,29.280067,HIGH
26.361903916543383,29.31342,HIGH
30.64685714793424,28.002285,HIGH
28.444279393140732,28.844864,HIGH
25.775001802087395,28.556868,HIGH
28.835014196839026,26.27486,HIGH
27.528184153713376,26.43459,HIGH
28.49443787763154,26.567516,HIGH
29.565173399232297,27.218616,HIGH
29.96207498476773,27.623966,HIGH
30.429979191762143,28.722933,HIGH
29.004617486389982,29.264008,HIGH
30.70045685221174,28.763474,HIGH
28.31290442970223,29.140831,HIGH
28.689326190228734,28.97751,HIGH
29.89739072168245,28.876722,HIGH
30.757575337785205,28.908829,HIGH
34.910586568459536,29.357319,HIGH
29.179091914466518,31.75512,HIGH
28.24256578852126,30.317062,HIGH
31.450720775741548,29.062849,HIGH
30.083815820681913,29.750416,HIGH
30.534792468869632,29.029106,HIGH
29.40831468653807,28.643257,HIGH
25.92221745180151,27.76197,HIGH
27.631555470114122,27.29134,HIGH
28.740655310475532,26.611126,HIGH
28.875941921511846,26.390072,HIGH
16.015018901913635,27.062973,HIGH
13.653080464227275,13.839634,MEDIUM
12.251201048245221,13.264477,MEDIUM
12.336369704144248,13.525604,MEDIUM
13.72341795147652,12.475983,MEDIUM
10.084234236759553,12.174904,MEDIUM
13.999215422960964,11.938478,MEDIUM
15.002649993270172,12.966642,MEDIUM
11.876958994600662,13.508757,MEDIUM
14.053822217083004,13.283302,MEDIUM
14.493909876532976,13.506447,MEDIUM
15.353294507773057,13.895933,MEDIUM
13.991205466761999,14.413492,MEDIUM
12.2646773853343,14.504549,MEDIUM
14.90933791125948,14.074408,MEDIUM
14.687850278206223,14.39629,MEDIUM
16.761341825458114,14.664219,MEDIUM
16.785992520684644,15.373724,MEDIUM
17.774422174742366,15.951561,MEDIUM
19.700199270126983,16.674437,MEDIUM
16.330129456155653,17.847893,MEDIUM
17.05592498253211,17.634266,MEDIUM
12.362642037172371,17.475763,MEDIUM
15.54889478661467,14.89151,MEDIUM
15.940909853582443,15.043129,MEDIUM
14.898583722565068,15.160336,MEDIUM
14.234611665143367,15.126802,MEDIUM
13.73454220623172,15.018019,MEDIUM
12.648042970301736,14.744957,MEDIUM
13.07520632293717,14.027252,MEDIUM
22.480809778165707,13.696058,MEDIUM
24.567152330462946,21.191547,MEDIUM
24.298762786850833,22.411394,MEDIUM
24.80656165593023,23.252737,MEDIUM
23.076986194768075,23.624119,MEDIUM
23.035748375738937,23.52592,MEDIUM
22.389374611698027,23.256296,MEDIUM
21.315459807221913,22.403458,MEDIUM
24.32434501923597,21.534138,MEDIUM
21.841796561745713,22.517076,MEDIUM
22.811344579794095,22.290722,MEDIUM
23.823936134035492,22.352604,MEDIUM
22.078706783865492,22.774956,MEDIUM
24.642681623884258,22.571775,MEDIUM
25.312858995022957,23.11023,MEDIUM
24.80386671724213,23.885517,MEDIUM
25.20319280342977,24.274065,MEDIUM
24.84155234847552,24.451847,MEDIUM
25.615006799076557,24.456856,MEDIUM
28.8811119362982,24.6364,MEDIUM
25.067343782260714,26.193836,HIGH
25.810236461237817,25.753626,HIGH
23.51353173250797,25.537163,HIGH
24.19879646937823,24.615242,MEDIUM
25.606279426086346,23.934803,MEDIUM
24.274297281759033,23.869461,MEDIUM
23.82021000887447,23.73156,MEDIUM
22.266906772654735,23.510845,MEDIUM
22.204269738846484,22.818853,MEDIUM
21.093753799648702,22.178684,MEDIUM
10.79366153501356,21.334827,MEDIUM
13.305688820283548,7.9019866,LOW
12.908421041244193,10.271572,MEDIUM
9.165381735190955,11.176744,MEDIUM
11.283688286286171,10.764343,MEDIUM
10.863156290688291,10.790821,MEDIUM
9.050227592787245,10.954624,MEDIUM
10.981003506067806,10.724863,MEDIUM
10.923757923401503,10.775831,MEDIUM
11.769177631093466,10.79504,MEDIUM
11.424976344781076,10.9533615,MEDIUM
8.406300969649752,11.1701355,MEDIUM
12.935967409255113,10.656523,MEDIUM
11.890543721615767,11.35095,MEDIUM
13.934659486201497,11.546795,MEDIUM
12.826380141077252,12.391094,MEDIUM
14.62915851174792,12.599131,MEDIUM
13.86644849666855,13.429365,MEDIUM
14.754761356519177,13.624275,MEDIUM
13.62382283349497,14.351387,MEDIUM
13.955124265440446,14.190207,MEDIUM
14.382547759830418,14.399057,MEDIUM
12.58722928930363,14.399309,MEDIUM
11.306294664446119,13.937038,MEDIUM
15.863872287635518,13.047567,MEDIUM
11.752986412160944,14.220041,MEDIUM
12.265568310852348,13.348551,MEDIUM
13.785846151692326,13.016201,MEDIUM
9.428080167101593,13.16716,MEDIUM
9.985976066395292,12.058903,MEDIUM
0.0,11.000528,MEDIUM
0.0,0.5718577,LOW
0.0,0.4491135,LOW
0.0,0.5161568,LOW
0.7660809759005591,0.7800201,LOW
0.0,1.280158,LOW
0.0,1.2375617,LOW
0.1601766190359517,1.1036199,LOW
0.0,1.1105499,LOW
0.0,1.116626,LOW
0.0,1.0676453,LOW
0.0,1.0250077,LOW
0.0,1.0338358,LOW
0.0,1.051588,LOW
0.0,0.96929157,LOW
0.0,0.9743643,LOW
0.0,1.0525712,LOW
1.7366247101874617,1.0345055,LOW
1.7373261365553265,1.1276586,LOW
0.0,1.2482251,LOW
0.0,1.2874696,LOW
0.0,1.314176,LOW
1.9693692910083218,1.3019271,LOW
0.0,1.4732255,LOW
0.0,1.398734,LOW
0.2279903416230864,1.228274,LOW
0.0,1.2061296,LOW
0.0,1.2033253,LOW
0.0,1.1616795,LOW
0.0,0.9990574,LOW
0.0,1.0014088,LOW
0.1903567169148186,1.0394613,LOW
0.0,1.025487,LOW
0.0,0.9661665,LOW
0.0,0.96255064,LOW
0.0,0.98820806,LOW
0.0,0.9727702,LOW
0.0,0.9665309,LOW
0.0,0.90976346,LOW
0.0,0.8640661,LOW
0.0,0.9082334,LOW
0.0,0.92722845,LOW
0.4008995707575451,0.94860744,LOW
0.0,1.0122641,LOW
0.0,1.0073916,LOW
0.0,0.9453416,LOW
0.0,1.038062,LOW
0.0,1.0528783,LOW
0.6926469383903395,1.080701,LOW
0.7698757658364936,1.0978264,LOW
0.0,1.1790581,LOW
0.0,1.2175035,LOW
0.0,1.1805496,LOW
0.0,1.1673853,LOW
0.0,1.1681316,LOW
0.0,1.1370158,LOW
0.0,1.0746114,LOW
0.0,1.0305077,LOW
0.0,0.9717282,LOW
0.0,0.9577602,LOW
5.793107614228174,1.0125809,LOW
8.471574106456904,3.436922,LOW
7.818885777992992,4.651879,LOW
7.7527529446204335,5.493901,LOW
6.485200701961373,6.273688,LOW
10.22611461921744,6.348461,LOW
6.7344193343310925,7.7251353,LOW
10.004935920327824,8.312714,LOW
8.712579017433777,8.914873,LOW
5.305513854668866,8.8870735,LOW
4.908963553356554,8.368174,LOW
9.073439857586868,7.1192727,LOW
7.880183451828931,7.932403,LOW
10.699776204108908,8.031277,LOW
9.409385047583363,8.8256855,LOW
10.459181198283856,8.718391,LOW
10.596943438219615,9.486208,LOW
10.345542006677231,10.035303,MEDIUM
8.156968801424842,10.510141,MEDIUM
12.226806584970237,10.214413,MEDIUM
8.683068752832416,10.767921,MEDIUM
8.137881767022915,10.471199,MEDIUM
7.974786838221312,10.031734,MEDIUM
8.436490618645442,9.574488,LOW
9.643857146207743,9.324215,LOW
10.213660141728333,9.463173,LOW
10.31010736049041,9.574848,LOW
5.768809635974966,9.592659,LOW
6.214254585782637,8.814006,LOW
8.642035709410273,8.089358,LOW
34.687335967404366,8.519728,LOW
33.575732436310595,34.110767,HIGH
37.18055882790555,32.167233,HIGH
30.7781248694129,34.114975,HIGH
30.947345413748756,32.414223,HIGH
34.020999823043205,31.692978,HIGH
32.056180531566966,32.266773,HIGH
32.74030432982785,30.806314,HIGH
32.57621220969611,30.800892,HIGH
31.737531628010668,30.675001,HIGH
34.23373009783898,30.9844,HIGH
33.93909641946319,31.521984,HIGH
32.30655216140758,32.185574,HIGH
32.94555700736566,32.503475,HIGH
34.143785100649154,32.59846,HIGH
33.73245446526372,33.59569,HIGH
36.44202842264196,33.45636,HIGH
33.018094622727226,34.15053,HIGH
36.272787858905154,33.771145,HIGH
35.15924791142002,34.41508,HIGH
34.437145870724606,33.80639,HIGH
34.17780418294213,33.522846,HIGH
36.225120217235585,34.125916,HIGH
35.940817582589105,34.237495,HIGH
38.625276448197724,34.450768,HIGH
32.41511176018719,35.797413,HIGH
31.636977408539735,33.909336,HIGH
30.5947513105734,31.759604,HIGH
35.92353740823333,29.721567,HIGH
32.10848115245872,30.629173,HIGH
6.977425517972753,29.557535,HIGH
5.201046961398969,5.300456,LOW
8.945754550806718,4.9846463,LOW
6.295270025183903,6.596104,LOW
6.4481897841643505,6.14599,LOW
9.778268915122002,5.9899707,LOW
5.6445728384009035,7.738034,LOW
6.8350770989989975,7.485907,LOW
9.233595166359724,7.4964643,LOW
7.935311947147244,8.058432,LOW
9.821378995655216,8.172758,LOW
9.749571734220666,8.874629,LOW
11.159893696768284,9.088871,LOW
9.032461803584884,9.728729,LOW
11.766260414643366,9.918369,LOW
10.60803039718327,10.570723,MEDIUM
15.312255994680376,10.650291,MEDIUM
10.49146523032952,12.946365,MEDIUM
10.0006750700115,12.160324,MEDIUM
11.68191620609589,11.437433,MEDIUM
10.211540099149033,11.539385,MEDIUM
10.163508571756644,11.179388,MEDIUM
8.0035268132423,10.963585,MEDIUM
8.875749763978938,10.414463,MEDIUM
10.04687430022308,10.013832,MEDIUM
9.87852344131262,10.078657,MEDIUM
9.838842940134251,10.061853,MEDIUM
11.287526923230013,10.084436,MEDIUM
7.2510580334415895,10.292526,MEDIUM
8.421452428023898,9.765121,LOW
6.648105140559591,9.528765,LOW
5.7853079731052945,9.028408,LOW
5.176243017979854,8.326046,LOW
4.399398381108799,7.3779845,LOW
6.821155093292498,6.461597,LOW
4.0949377464598875,6.730374,LOW
3.38650368738203,5.9933906,LOW
3.1212442303843506,5.282487,LOW
6.215874265973276,4.627857,LOW
7.919873854247602,5.0515647,LOW
3.7540598105568357,5.8702826,LOW
6.019944418595486,5.6408463,LOW
5.917887415726298,5.639454,LOW
8.539165799005026,5.911859,LOW
7.235270363028192,6.9246616,LOW
6.340915559996455,7.2785716,LOW
9.267430966147492,7.120331,LOW
8.574849854487342,7.6695256,LOW
8.211775772504678,8.302641,LOW
8.606670005608612,8.739288,LOW
8.361343494140622,8.811298,LOW
7.7803505672141835,8.826612,LOW
5.282919566520299,8.748276,LOW
4.636418177989938,8.283607,LOW
5.867069406592723,7.0602417,LOW
6.506160069959801,6.6967883,LOW
5.734580897029469,6.8095336,LOW
6.861910132113513,6.644363,LOW
3.8711372178385854,6.4891133,LOW
6.279933210040497,5.9693646,LOW
5.718331443942669,6.2053065,LOW
3.3072406072257987,6.2518744,LOW
1.9430930639681874,5.562509,LOW
3.7515382011789926,4.4809694,LOW
0.0,4.1329117,LOW
0.821891873368676,3.1239822,LOW
1.3913642584797685,2.4415917,LOW
0.0,2.0865374,LOW
2.0367962855248383,1.6666062,LOW
1.6156461506233066,1.653739,LOW
1.4943228254363161,1.5429552,LOW
4.923853247020755,1.5716261,LOW
3.7595261425403006,2.1394129,LOW
3.455082410015911,2.3901224,LOW
2.4117563681272705,2.9232066,LOW
3.218325638952325,2.9065523,LOW
3.3768882876799777,3.1975074,LOW
4.141725243162728,3.544281,LOW
5.012853148813992,3.6853406,LOW
6.252293139906024,3.8839173,LOW
3.605323913664061,4.515749,LOW
5.201519039920612,4.600205,LOW
7.020304730873345,4.856664,LOW
2.4094157578479916,5.563739,LOW
3.2554833482113192,5.2369447,LOW
0.21269816170601175,4.6058426,LOW
1.0640769290630434,3.4987054,LOW
2.3902341631954593,2.783202,LOW
1.6027383251625515,2.6342325,LOW
0.9563718198442892,2.2102094,LOW
5.406763909431701,1.8076928,LOW
6.232085564472179,2.3606453,LOW
4.673205974953374,3.316917,LOW
4.811891797899245,3.9866245,LOW
1.4749493070855948,4.0930657,LOW
3.458839493014768,3.8644357,LOW
4.817220254744569,4.021023,LOW
2.6575070014256283,4.355435,LOW
5.785760183267512,4.01504,LOW
4.165895930213083,4.2233257,LOW
4.154600097338362,4.137123,LOW
7.032342499572952,4.3410034,LOW
7.217763431492189,5.191922,LOW
7.206875042296536,5.888493,LOW
5.796630882731371,6.460272,LOW
5.889112756261309,6.6280885,LOW
8.396417404383907,6.5608287,LOW
8.479136581547857,7.2101903,LOW
9.33423428119536,7.739804,LOW
7.904947953629019,8.166788,LOW
7.433794093842613,8.0992565,LOW
8.528964200823712,8.256865,LOW
6.263179648851005,8.574827,LOW
6.995502061596126,8.4627,LOW
6.896352121242738,8.170521,LOW
3.8631266625003846,7.88825,LOW
5.055296931185216,6.7292447,LOW
3.830585598504701,6.246383,LOW
4.865849962293285,5.516514,LOW
5.942985746279843,5.364729,LOW
31.476461906744756,5.551359,LOW
30.55761757633789,31.728653,HIGH
30.629411819578152,29.36398,HIGH
27.76997027544758,30.070473,HIGH
28.515147976512996,29.139149,HIGH
27.57452942861461,28.501265,HIGH
28.466926486300693,27.538288,HIGH
29.589757325895988,26.395199,HIGH
28.5287563805773,27.174582,HIGH
27.37454608633173,27.637177,HIGH
28.800787439444946,27.223942,HIGH
31.086893995328467,27.72762,HIGH
30.096305581352418,28.880947,HIGH
29.59950029940658,29.169613,HIGH
27.026238762205374,29.280514,HIGH
30.086791456027786,28.371902,HIGH
30.499946764692496,28.61306,HIGH
31.824870402652515,28.683405,HIGH
32.34111731146259,30.02227,HIGH
29.328345049228705,30.8498,HIGH
31.276658581498488,30.348637,HIGH
28.05895640696285,30.284004,HIGH
30.3428389433387,28.898571,HIGH
32.42302141802339,28.543945,HIGH
31.060224535136243,29.457241,HIGH
30.796883018677523,29.91286,HIGH
30.845635269193345,29.952139,HIGH
29.189649796985687,30.237709,HIGH
29.710122281453508,29.268797,HIGH
30.08788939442039,28.523645,HIGH
11.060272226929467,28.2148,HIGH
10.473511959230676,9.159056,LOW
9.447988851377287,9.334371,LOW
6.757760864048105,10.066212,MEDIUM
9.564902970642013,7.804547,LOW
8.268210612045797,7.880998,LOW
7.262180938153483,8.194293,LOW
11.405818308501031,8.975834,LOW
9.78228351093405,9.887976,LOW
9.291222610960363,9.73473,LOW
8.469533437252892,9.80411,LOW
8.53677816366124,9.599522,LOW
12.062656838844157,9.594791,LOW
10.249519625958499,10.502321,MEDIUM
12.564836692008463,10.590059,MEDIUM
11.458617967870108,11.041618,MEDIUM
11.349294363631145,11.092411,MEDIUM
13.432629058299895,11.402416,MEDIUM
7.522361705017799,12.330429,MEDIUM
13.573431659651906,10.6654415,MEDIUM
11.659434590025217,12.61236,MEDIUM
11.608335570758806,11.934439,MEDIUM
14.151941256945882,11.94104,MEDIUM
12.287181867471544,12.758036,MEDIUM
11.359994570062666,12.82869,MEDIUM
9.387177542338762,12.43745,MEDIUM
10.516390990008496,11.284721,MEDIUM
9.2305105547266,10.928814,MEDIUM
9.121583076756437,10.572527,MEDIUM
7.358124277338492,10.236443,MEDIUM
14.452310131429225,9.718674,LOW
13.87213668167475,15.673815,MEDIUM
16.145420200239876,14.913353,MEDIUM
16.282298315795064,15.992985,MEDIUM
15.222135196204107,16.185686,MEDIUM
14.748734630231116,16.257597,MEDIUM
16.334590700943103,16.038641,MEDIUM
16.000256693458432,16.269842,MEDIUM
15.289412044915526,16.306728,MEDIUM
13.302768898485791,16.196932,MEDIUM
14.420033793452086,15.5501175,MEDIUM
18.771285071119713,15.433987,MEDIUM
15.225395874311896,16.942953,MEDIUM
18.31470116988085,16.574715,MEDIUM
15.705794842000829,17.577616,MEDIUM
14.158792214812957,17.162205,MEDIUM
16.144909916128874,16.237988,MEDIUM
15.37886195680999,16.225523,MEDIUM
18.72670312664726,16.062435,MEDIUM
20.108044551843953,17.092598,MEDIUM
18.843228794014095,18.429882,MEDIUM
17.02414509694357,18.950068,MEDIUM
18.206340722156586,18.532555,MEDIUM
16.693774481686496,18.493336,MEDIUM
17.335062498485485,17.906479,MEDIUM
16.783943917159927,17.653301,MEDIUM
15.891749245852273,17.497639,MEDIUM
14.736549423433258,17.126982,MEDIUM
12.450692255796156,16.1861,MEDIUM
14.308409624843307,15.005722,MEDIUM
19.520839859408582,14.795113,MEDIUM
18.797009447226888,16.793524,MEDIUM
17.66642315147584,17.137157,MEDIUM
17.76411072552626,17.748287,MEDIUM
16.92036656380528,17.873322,MEDIUM
18.941903636321868,17.68961,MEDIUM
17.653353461676524,18.037256,MEDIUM
19.514202758893703,17.88375,MEDIUM
17.62069583431178,18.500801,MEDIUM
18.83415293593081,18.228317,MEDIUM
18.058869916256185,18.681456,MEDIUM
19.881907690151138,18.474953,MEDIUM
18.81546298535461,19.180134,MEDIUM
21.107853930188785,18.9941,MEDIUM
18.466239173582316,19.701279,MEDIUM
19.801813941833707,19.375809,MEDIUM
23.19881150564528,19.491627,MEDIUM
20.090589978993542,20.90871,MEDIUM
22.260132031742295,20.961485,MEDIUM
20.02198327778038,21.42741,MEDIUM
21.124522761062657,20.979515,MEDIUM
21.4994570121254,20.999588,MEDIUM
22.97641434596839,20.893524,MEDIUM
18.920228436937244,21.596909,MEDIUM
17.701207971968685,20.668793,MEDIUM
19.562530307526316,19.143185,MEDIUM
16.726737592533894,18.63343,MEDIUM
19.499301836930755,17.83157,MEDIUM
18.843326349706437,18.343355,MEDIUM
15.049151590501795,18.468842,MEDIUM
22.167982094671572,17.510551,MEDIUM
18.457348046990365,18.876362,MEDIUM
19.61273133030284,18.303116,MEDIUM
19.103004548640172,18.626427,MEDIUM
18.5272969420431,18.747875,MEDIUM
21.25087913976759,18.744574,MEDIUM
19.356880532479195,19.260365,MEDIUM
20.650480884669754,19.313469,MEDIUM
20.126347297695062,19.784344,MEDIUM
19.87749385077541,19.690218,MEDIUM
21.605750925808103,19.731316,MEDIUM
19.117450523440823,20.209187,MEDIUM
21.74329166597935,19.798267,MEDIUM
20.901757415130334,20.397118,MEDIUM
20.411130373204248,20.702963,MEDIUM
22.740482699817992,20.64494,MEDIUM
20.899136554491147,21.177586,MEDIUM
24.643945979486745,21.175892,MEDIUM
23.066626830447895,22.527618,MEDIUM
23.165550551693535,22.721422,MEDIUM
23.86779173721041,23.014421,MEDIUM
24.128165061018166,23.006615,MEDIUM
22.83608509478374,23.461773,MEDIUM
19.92162048092034,23.109358,MEDIUM
18.809444406337445,20.837475,MEDIUM
22.106468363508192,19.468239,MEDIUM
21.199840131074524,19.84722,MEDIUM
23.065700020363714,20.071423,MEDIUM
20.475095772223717,21.388933,MEDIUM
17.60375470036423,21.306793,MEDIUM
20.98409503393667,19.489498,MEDIUM
15.908666164406302,19.77607,MEDIUM
19.1752303897756,18.358017,MEDIUM
19.278577068226568,18.122828,MEDIUM
18.17835501928314,18.39113,MEDIUM
17.43241808873072,18.59491,MEDIUM
16.619447208176716,18.046104,MEDIUM
19.247272086252753,17.500547,MEDIUM
18.57178680976274,18.128822,MEDIUM
19.467783110278933,18.11058,MEDIUM
19.0445518506723,18.729095,MEDIUM
18.298342702242625,18.912651,MEDIUM
19.629204537476685,18.844994,MEDIUM
20.8970451165988,19.121231,MEDIUM
20.449776698909577,19.653015,MEDIUM
20.814752844717923,19.907082,MEDIUM
21.130016419762637,20.298225,MEDIUM
19.924704517119725,20.77093,MEDIUM
19.763216723581877,20.547955,MEDIUM
21.774064449193332,19.966183,MEDIUM
21.84191847462342,20.562862,MEDIUM
18.82608569549229,20.99078,MEDIUM
21.243928628317718,20.332233,MEDIUM
21.29368537912409,20.463531,MEDIUM
20.324017179460718,20.70405,MEDIUM
24.01373331680916,20.506702,MEDIUM
18.79866373809869,21.717514,MEDIUM
16.443730630868053,20.833075,MEDIUM
17.194827552032294,18.270954,MEDIUM
20.798364774410977,17.174305,MEDIUM
17.73538848921968,18.544544,MEDIUM
14.440895954237597,17.888294,MEDIUM
15.380315743416844,16.355305,MEDIUM
13.777482592455844,15.782736,MEDIUM
17.44819145829051,15.18564,MEDIUM
15.969363252031743,15.930862,MEDIUM
14.01479317554579,15.883743,MEDIUM
13.982340239188241,15.6368885,MEDIUM
13.625987365934382,15.146229,MEDIUM
17.68667126744504,14.766558,MEDIUM
15.213851253895289,15.8324585,MEDIUM
14.623099749692752,15.729277,MEDIUM
17.90118924195913,15.648985,MEDIUM
15.238762562691523,16.429607,MEDIUM
15.129802847387827,16.310448,MEDIUM
17.172528408037937,16.039724,MEDIUM
14.856438250952674,16.418926,MEDIUM
17.87579844676907,16.081347,MEDIUM
17.410273206860907,16.635387,MEDIUM
17.929113369750176,16.86422,MEDIUM
19.449055323603307,17.39923,MEDIUM
18.236913488628712,18.209215,MEDIUM
20.07477021217341,18.43143,MEDIUM
18.537399423193015,18.947546,MEDIUM
19.861377703451932,18.833834,MEDIUM
15.919824467785567,19.063282,MEDIUM
12.672176167803304,18.053673,MEDIUM
16.676564981132913,13.177475,MEDIUM
14.43969525796539,15.355274,MEDIUM
13.784331542033353,14.95159,MEDIUM
17.922874696806453,14.639454,MEDIUM
14.697555935883559,15.741428,MEDIUM
17.538274552115116,15.327494,MEDIUM
15.799275893746586,15.988455,MEDIUM
15.927681938115441,15.925968,MEDIUM
20.474259755176043,16.073648,MEDIUM
17.70130538900406,17.483603,MEDIUM
17.70938898059115,17.952984,MEDIUM
13.536370603107743,17.997118,MEDIUM
15.70467361391147,16.233788,MEDIUM
16.656418300930625,15.777946,MEDIUM
16.492673243444585,15.839323,MEDIUM
19.575184055059655,16.083378,MEDIUM
16.726550673694987,17.26014,MEDIUM
19.853318444559843,17.35012,MEDIUM
16.167390852417547,18.479958,MEDIUM
21.81361751260306,17.77491,MEDIUM
19.634825135108898,19.442196,MEDIUM
19.20673240389346,19.425568,MEDIUM
22.14400683781229,19.351288,MEDIUM
21.452679113637267,20.110643,MEDIUM
18.644498203321,20.76308,MEDIUM
21.431180986375512,20.080048,MEDIUM
20.22834683164345,19.984371,MEDIUM
20.052140322372576,19.997234,MEDIUM
16.517195426249323,19.812532,MEDIUM
18.143186005275602,18.288527,MEDIUM
17.24425042606757,17.575161,MEDIUM
14.230099043426065,17.272451,MEDIUM
17.634241836426515,15.926905,MEDIUM
12.430693507446138,16.25164,MEDIUM
13.162089036012897,15.777824,MEDIUM
11.74906187265,14.997053,MEDIUM
12.845682521420379,13.743378,MEDIUM
11.82656859068429,13.435719,MEDIUM
11.64513724675988,12.917421,MEDIUM
10.659384634152234,12.504244,MEDIUM
11.633596775598729,11.916195,MEDIUM
8.88537694343995,12.037708,MEDIUM
12.20720024578435,10.987452,MEDIUM
10.712817045679271,11.397312,MEDIUM
11.437010398942276,11.303673,MEDIUM
11.772886696745639,11.358751,MEDIUM
14.307792043599193,11.5412655,MEDIUM
14.466245862285435,12.663055,MEDIUM
14.293108332250151,13.287119,MEDIUM
12.453091138226648,13.968313,MEDIUM
14.606997993926363,13.784674,MEDIUM
15.036934457968918,14.287647,MEDIUM
14.123993894899977,14.840855,MEDIUM
13.974802933555658,14.763643,MEDIUM
13.700254423938755,14.737278,MEDIUM
14.169375317379092,14.59972,MEDIUM
14.203568294951635,14.618723,MEDIUM
13.23692072249688,14.641409,MEDIUM
12.375143628424366,14.306477,MEDIUM
10.264561298997695,13.793772,MEDIUM
12.549312685899679,12.689362,MEDIUM
12.659118046688135,12.528543,MEDIUM
10.87835160018811,12.591759,MEDIUM
5.746469066597699,12.30476,MEDIUM
7.531630827894064,6.0117083,LOW
6.296939361125844,6.3161225,LOW
4.5759780975269475,6.884006,LOW
4.687617056184836,6.281797,LOW
7.386225858116026,6.308085,LOW
6.181083430072764,6.5448713,LOW
5.445527667041589,6.7185907,LOW
6.14062277196194,6.4800124,LOW
9.623440304809655,6.35874,LOW
9.125488442821654,7.187428,LOW
6.4391112886563455,7.7906656,LOW
6.517741527693551,7.894139,LOW
8.943596988309489,7.65613,LOW
8.599703358442868,8.273727,LOW
8.386460916808577,8.658295,LOW
7.427970743291125,8.740557,LOW
9.51121107705776,8.453346,LOW
11.581763178566323,8.791281,LOW
11.915135037444928,9.707895,LOW
8.142797352488126,10.339903,MEDIUM
8.483103116258103,10.091566,MEDIUM
9.34208944542482,9.82836,LOW
8.37260658990888,9.964928,LOW
11.494560015087416,9.784058,LOW
8.924602058470494,10.257483,MEDIUM
9.014060586452299,9.998365,LOW
7.083158670478217,9.661982,LOW
7.392518125867358,9.184616,LOW
6.421629984126277,8.781763,LOW
7.98916665613357,8.373987,LOW
7.667685841827053,8.786914,LOW
8.575105679055532,8.691147,LOW
5.853821831088611,8.740493,LOW
6.848007367325257,8.273361,LOW
9.534606260891923,8.058045,LOW
6.542189833045617,8.521381,LOW
9.466120717255123,8.078315,LOW
4.826431801372632,8.429438,LOW
7.435272133806251,7.512493,LOW
8.279574512488697,7.7057996,LOW
6.401430326102416,8.183041,LOW
8.86293480202277,7.9821863,LOW
9.92238572417093,8.0846195,LOW
9.792488469953488,8.595295,LOW
9.5397054433455,8.980726,LOW
9.749738788782485,9.518978,LOW
10.237981927592903,9.746498,LOW
10.455736368108928,10.199642,MEDIUM
9.98348454922913,10.431007,MEDIUM
12.696487138427964,10.475904,MEDIUM
7.989461053209887,11.035109,MEDIUM
8.123728244190456,10.61282,MEDIUM
10.810861351094985,9.923588,LOW
6.398662958135656,10.286919,MEDIUM
8.200598421833933,9.485655,LOW
6.562484046139058,9.052797,LOW
4.113273670385706,8.544043,LOW
6.494213211135303,7.2837124,LOW
6.481307627743517,7.175184,LOW
2.9032060506794988,7.00776,LOW
3.0012180451322763,5.70015,LOW
0.0,4.94487,LOW
0.0,3.6430104,LOW
0.0,2.560163,LOW
2.382341746085994,2.0052826,LOW
0.0,1.9201821,LOW
0.0,1.5663055,LOW
0.594774439003336,1.382495,LOW
0.8580024152417591,1.3584157,LOW
1.9547233554586416,1.4369543,LOW
2.008891939148116,1.5329701,LOW
1.4743570631898049,1.5345806,LOW
4.282011149241063,1.5777407,LOW
2.490531589124627,2.0940747,LOW
5.774389154333897,2.2757466,LOW
4.8913573813675155,3.3133397,LOW
3.6999243695549513,3.8451784,LOW
1.4554069741724245,4.1472397,LOW
1.641402057059496,3.766014,LOW
3.676827194770161,3.3954988,LOW
3.3417502432965867,3.521539,LOW
2.1912815980441636,3.4890273,LOW
5.130027832477774,2.892562,LOW
2.6277346482208124,3.1707416,LOW
3.2974090764603563,3.2597408,LOW
1.4791355195010292,3.5001633,LOW
1.6619609393385186,3.1192005,LOW
0.3130399299594364,2.8613503,LOW
0.9046055567937774,2.439157,LOW
10.901307055351172,2.063717,LOW
10.570559356065797,10.672136,MEDIUM
9.787246439540139,10.355209,MEDIUM
9.289805496741169,9.169389,LOW
8.126205854221592,8.722351,LOW
7.260906697591029,8.972254,LOW
8.446191467611232,8.899355,LOW
12.3041695974585,9.094038,LOW
7.680083012684214,10.330097,MEDIUM
7.356129141695952,9.699846,LOW
11.56831661242175,9.160875,LOW
9.410660658363643,9.837505,LOW
11.510218678471684,10.012867,MEDIUM
11.352168683768188,10.551586,MEDIUM
9.724966503832333,10.645067,MEDIUM
12.48755722948476,10.6061535,MEDIUM
13.905213262648918,11.206913,MEDIUM
13.094962260722363,12.244541,MEDIUM
11.635212730919653,12.663727,MEDIUM
15.650205838623002,12.622416,MEDIUM
12.114202027571027,13.942568,MEDIUM
11.527867287088755,13.608873,MEDIUM
15.235291007687543,13.266211,MEDIUM
10.732908336687908,13.844055,MEDIUM
10.315766143990164,13.086418,MEDIUM
11.543087086450576,12.076191,MEDIUM
9.941650926979996,11.640711,MEDIUM
8.746321180807097,11.120895,MEDIUM
8.593973049018842,10.649332,MEDIUM
8.979361548857442,10.154085,MEDIUM
23.710064383423,9.92104,LOW
23.995711598249766,23.382832,MEDIUM
20.122695115617176,22.6242,MEDIUM
21.223651096936308,21.554842,MEDIUM
21.074503828409252,21.172604,MEDIUM
20.489825204367982,21.055397,MEDIUM
21.188245017367933,20.63307,MEDIUM
21.134990639752953,20.302921,MEDIUM
23.27941430203021,20.618118,MEDIUM
19.690390639612353,21.615936,MEDIUM
20.16723145341114,20.9915,MEDIUM
20.033972365876572,20.316206,MEDIUM
23.78925258012526,19.959011,MEDIUM
23.896115021441428,21.404762,MEDIUM
25.769541429991268,22.467182,MEDIUM
24.353045053845495,23.948858,MEDIUM
22.709035336462662,24.11838,MEDIUM
24.53190532132457,23.742922,MEDIUM
19.445416422898695,23.646694,MEDIUM
23.130428697361772,20.861591,MEDIUM
21.488180951080604,21.596321,MEDIUM
22.494485736893775,21.033411,MEDIUM
22.481113694424803,21.59248,MEDIUM
22.030424809608913,21.702219,MEDIUM
22.844117185559746,21.833773,MEDIUM
19.006575024046818,21.999477,MEDIUM
22.84837757130803,20.842005,MEDIUM
20.255924098084474,21.091679,MEDIUM
21.57477675175579,20.567059,MEDIUM
19.427099450582624,20.779026,MEDIUM
19.588639726758707,20.124504,MEDIUM
19.546851527445696,20.043573,MEDIUM
16.2371085890382,19.810486,MEDIUM
17.573513350415375,18.056982,MEDIUM
18.511196529857955,17.3409,MEDIUM
16.293127075283174,17.714165,MEDIUM
16.516036189998033,17.335218,MEDIUM
16.730966876880856,16.743744,MEDIUM
14.393218893960894,16.574503,MEDIUM
15.22956371500438,16.012163,MEDIUM
14.816030705975184,15.746933,MEDIUM
19.245390379191655,15.698713,MEDIUM
15.618852099479298,17.118042,MEDIUM
18.738675813355265,16.716915,MEDIUM
18.51281265676009,17.785421,MEDIUM
18.948997304426925,18.091858,MEDIUM
18.38174322964699,18.576237,MEDIUM
19.656733657056794,18.504333,MEDIUM
20.141952275088016,19.014593,MEDIUM
17.091529838519605,19.437931,MEDIUM
17.34324918848094,18.676228,MEDIUM
20.828703673241485,17.862005,MEDIUM
17.34746249475964,18.960312,MEDIUM
20.527169200297248,18.577616,MEDIUM
18.904084199548095,19.306976,MEDIUM
16.128295974374634,18.999214,MEDIUM
18.657662940350065,18.134731,MEDIUM
19.125772532132558,17.867025,MEDIUM
18.08023627562697,18.137646,MEDIUM
15.93609846077621,18.257,MEDIUM
10.46605038602294,17.281158,MEDIUM
10.155462441633304,8.951672,LOW
8.311674436038818,9.45274,LOW
8.4639058795908,8.409821,LOW
4.019186481337506,8.785265,LOW
6.355885781935415,5.8201213,LOW
8.316056275859008,6.0705786,LOW
10.296063132336101,7.6718583,LOW
7.608433632209236,8.726885,LOW
9.320229678347946,8.277479,LOW
9.29121476370446,8.515602,LOW
10.286533343148582,8.876691,LOW
9.8295096273656,9.700693,LOW
7.706650724866048,10.04656,MEDIUM
11.767651682571426,9.680044,LOW
9.400657220355901,10.367043,MEDIUM
9.484520536863098,10.356846,MEDIUM
11.407514449741047,10.301323,MEDIUM
10.297409044071802,10.529007,MEDIUM
9.157753648280085,10.64547,MEDIUM
10.434305705127446,10.441027,MEDIUM
10.1910565298503,10.506485,MEDIUM
10.0211803163823,10.476305,MEDIUM
9.190249177352747,10.447695,MEDIUM
7.800003752261693,10.333538,MEDIUM
10.522525827436557,9.756762,LOW
8.012204354745347,10.109169,MEDIUM
6.392409039421799,9.692514,LOW
7.072301719495344,8.748135,LOW
8.114697275763309,8.354506,LOW
18.230784895838873,8.345915,LOW
17.12723978770976,17.837906,MEDIUM
17.196653176741464,16.542376,MEDIUM
19.83067408142534,16.584581,MEDIUM
15.687061046476545,17.485086,MEDIUM
14.526787638229685,17.222485,MEDIUM
16.893420230562956,16.15445,MEDIUM
17.73404743285441,16.099308,MEDIUM
18.792538525364954,16.498365,MEDIUM
16.820997873769294,17.18088,MEDIUM
15.308179864014184,17.228676,MEDIUM
17.761844720745014,16.741882,MEDIUM
18.843786768757987,16.918222,MEDIUM
18.222033692340663,17.59951,MEDIUM
17.305332192226984,17.851068,MEDIUM
19.525412491452297,17.802258,MEDIUM
18.84291050442297,18.385544,MEDIUM
18.99996944510926,18.50668,MEDIUM
20.309577927552663,18.62261,MEDIUM
16.788320939925732,19.128944,MEDIUM
20.734366181352936,18.418547,MEDIUM
21.26974063001721,18.992676,MEDIUM
18.71283547842029,19.62834,MEDIUM
19.24218873340217,19.352695,MEDIUM
18.149367473921966,19.006468,MEDIUM
17.150128394103493,18.524282,MEDIUM
19.325622212341813,17.828875,MEDIUM
17.07111110590668,18.065994,MEDIUM
18.179651173542666,17.677223,MEDIUM
16.11538591282489,17.726181,MEDIUM
11.341329552539504,17.049917,MEDIUM
8.286495763621307,14.52199,MEDIUM
9.672254639551282,8.600321,LOW
8.508117847010753,8.868544,LOW
9.319462556704051,8.778827,LOW
7.602875598793531,9.424509,LOW
8.481427422535038,9.742531,LOW
10.98205681755514,9.27988,LOW
9.389103851779028,9.780859,LOW
6.618620949468866,9.835535,LOW
9.191175619785867,9.24345,LOW
8.039590031532832,9.354348,LOW
11.593608277458877,9.245459,LOW
12.481632620983094,10.05513,MEDIUM
13.94793863104088,10.583879,MEDIUM
10.25957291556753,11.7418,MEDIUM
11.34667977320955,11.440678,MEDIUM
12.146379053019162,11.6933365,MEDIUM
15.204262871336068,12.091915,MEDIUM
11.234981702254741,13.2558155,MEDIUM
12.521651734388932,12.903696,MEDIUM
9.95288821081925,13.004076,MEDIUM
12.710700687426447,12.025349,MEDIUM
10.75528127717827,12.439562,MEDIUM
10.82499235267971,12.092018,MEDIUM
12.986268399297572,11.620565,MEDIUM
9.227880285969668,11.965948,MEDIUM
9.876376361119634,11.244932,MEDIUM
10.388000216107423,10.869938,MEDIUM
11.541619055831996,10.804592,MEDIUM
6.12901940675026,10.894482,MEDIUM
3.723485104954756,9.926287,LOW
5.908976296084608,5.9314923,LOW
3.8960317488438996,5.8909674,LOW
2.3403951799233074,5.23201,LOW
4.020199234445258,4.4173355,LOW
4.700247711484275,4.4955044,LOW
3.0222116824085834,4.461809,LOW
3.906042697247168,4.218174,LOW
5.364793723331637,3.981193,LOW
5.80935970289209,4.088868,LOW
4.897337485604009,4.8742447,LOW
4.897945297262696,5.1530457,LOW
4.810321161468583,5.1514096,LOW
4.669529141812982,5.250305,LOW
10.526744991666472,5.4535,LOW
6.8620296181265115,7.49604,LOW
5.3105393235994285,7.178531,LOW
6.164676748294514,7.0298448,LOW
5.221387269738026,6.891467,LOW
8.917782352835543,6.8839564,LOW
7.285109057250692,7.7236376,LOW
5.401568016102798,7.666093,LOW
5.151952643906656,7.1363764,LOW
4.1147556726964485,6.6918235,LOW
4.951785285144393,6.1747885,LOW
3.8859855360925444,5.8972387,LOW
5.106385143343175,5.443074,LOW
5.308296660738847,5.2571,LOW
5.1363410392453925,5.2310276,LOW
0.0,5.2726727,LOW
0.0,3.0378685,LOW
0.0,1.4872389,LOW
0.0,1.1682905,LOW
0.0,0.9772537,LOW
0.0,0.91107047,LOW
0.0,0.71790206,LOW
0.0,0.7400737,LOW
0.0,0.7860346,LOW
0.0,0.75897956,LOW
0.0,0.7282027,LOW
0.0,0.7569643,LOW
0.0,0.7123209,LOW
0.0,0.6718017,LOW
0.0,0.7399576,LOW
0.0,0.70453334,LOW
0.0,0.69698966,LOW
0.0,0.7176522,LOW
0.0,0.7427548,LOW
0.0,0.73085237,LOW
0.0,0.760865,LOW
0.0,0.7940481,LOW
0.0,0.82105494,LOW
0.0,0.82225645,LOW
0.0,0.83199406,LOW
0.0,0.82994664,LOW
0.0,0.74588,LOW
0.0,0.7499447,LOW
0.0,0.76846457,LOW
0.0,0.76999426,LOW
30.448860130648555,0.7787554,LOW
30.02782573284796,33.51886,HIGH
31.047990816354197,28.283375,HIGH
31.898867763534327,30.549822,HIGH
29.02359474577671,30.504786,HIGH
30.067890882596043,29.454782,HIGH
30.42375971994159,29.173176,HIGH
31.705312998221558,28.968382,HIGH
29.67563381564877,29.506533,HIGH
30.8491034601302,29.040844,HIGH
29.154813437491356,29.92875,HIGH
30.1531466629149,29.384953,HIGH
29.136900577456604,29.155525,HIGH
33.14264580729337,28.782719,HIGH
33.284827185183374,30.383566,HIGH
31.346041825326346,31.246225,HIGH
35.80914383532969,31.356892,HIGH
34.539984962940814,33.18079,HIGH
33.74715059656356,33.84219,HIGH
34.17949124927368,33.581738,HIGH
35.185362913366255,33.446453,HIGH
33.13997756350859,34.013477,HIGH
35.188952237174114,33.337894,HIGH
33.621999957019334,33.18379,HIGH
34.10331831987263,33.10304,HIGH
31.50606852883094,33.23039,HIGH
30.577422502135008,31.584682,HIGH
32.80607083472339,29.675373,HIGH
31.06382993534679,29.696533,HIGH
31.641708833975976,29.080647,HIGH
11.822999409461168,29.447786,HIGH
9.26892100834156,9.97624,LOW
12.534141058547766,9.231794,LOW
9.037689059683698,11.404705,MEDIUM
9.589495195617937,10.094725,MEDIUM
10.304400562868302,9.08412,LOW
6.530392870901718,10.330027,MEDIUM
8.568624689191711,9.852953,LOW
9.826139236589082,9.54146,LOW
11.194296699135698,9.712524,LOW
9.716153382868123,10.00238,MEDIUM
11.296632069350405,10.0666275,MEDIUM
10.54544349984413,10.384487,MEDIUM
10.736176658059698,10.559233,MEDIUM
10.975363356697017,10.902372,MEDIUM
11.2759442443494,11.103308,MEDIUM
14.260479624359787,11.378981,MEDIUM
11.135190224288571,12.449944,MEDIUM
12.981200070070187,12.237959,MEDIUM
11.927589257386247,12.641916,MEDIUM
11.349443699559439,12.602087,MEDIUM
10.146479249668454,12.534565,MEDIUM
11.773238392863616,11.808525,MEDIUM
11.661146309204758,11.920277,MEDIUM
10.285623691364394,11.836397,MEDIUM
9.974102930633448,11.509268,MEDIUM
6.971350185436394,10.99147,MEDIUM
10.920281334401645,10.227842,MEDIUM
8.023079697440506,10.427687,MEDIUM
10.820461735235922,10.114456,MEDIUM
0.0,10.236452,MEDIUM
0.057529881742476974,2.097941,LOW
0.0,1.1329194,LOW
2.0530133293620736,1.0143753,LOW
0.0,1.1934786,LOW
0.0,1.3865062,LOW
0.0,1.1262323,LOW
0.0,1.0065911,LOW
0.0,0.95060694,LOW
0.0,0.9388119,LOW
0.0,0.86429596,LOW
0.0,0.84527445,LOW
0.9531574548394648,0.8716843,LOW
0.0,0.997229,LOW
0.28692693217381837,1.0530128,LOW
0.0,1.1468416,LOW
0.0,1.1510583,LOW
3.9372278109769816,1.181447,LOW
0.24674398032998823,1.5502517,LOW
2.083739627063526,1.5251995,LOW
2.7094980218090914,1.6097603,LOW
0.06868292503280671,1.7177321,LOW
0.0,1.7256469,LOW
0.27461804110340005,1.6348724,LOW
0.0,1.5025918,LOW
0.33715196902900146,1.4437846,LOW
0.0,1.3938993,LOW
2.058464257215018,1.1959207,LOW
0.0,1.276044,LOW
0.0,1.2761195,LOW
28.85155992607472,1.2161434,LOW
23.843117983737862,30.368717,HIGH
26.371894216613466,25.15448,HIGH
26.4899389958221,25.696924,HIGH
28.130075818236577,25.419659,HIGH
24.042480188465433,26.215038,HIGH
26.864419155169905,25.203735,HIGH
25.770613058933797,25.319414,HIGH
21.910638785770182,25.168015,HIGH
24.279118435734212,23.228916,MEDIUM
25.060597506476036,23.183617,MEDIUM
25.720425445403578,23.628143,MEDIUM
27.938428270574608,24.408695,MEDIUM
25.67203009169591,25.561966,HIGH
27.160581969939166,25.633987,HIGH
27.167000529994088,26.011427,HIGH
26.690880049282267,26.172598,HIGH
26.762137286446965,26.170887,HIGH
26.7509731940602,25.958252,HIGH
29.18453680972273,26.071102,HIGH
27.756840068730288,27.026617,HIGH
25.0186291853213,27.056992,HIGH
25.062175298421185,26.1766,HIGH
28.68380961726134,25.150928,HIGH
28.99166886066792,25.863716,HIGH
28.603086671352486,26.596504,HIGH
25.06011967368833,27.14298,HIGH
27.752089381911585,26.419083,HIGH
25.302073200403314,26.476044,HIGH
24.638997457213428,25.416065,HIGH
0.0,24.470118,MEDIUM
0.0,0.80771637,LOW
0.0,0.25777853,LOW
0.0,0.31941223,LOW
0.0,0.3147018,LOW
0.0,0.34020174,LOW
0.0,0.5962225,LOW
0.0,0.8062837,LOW
0.0,0.79324293,LOW
0.0,0.78136337,LOW
0.0,0.7831383,LOW
0.0,0.83783627,LOW
0.0,0.7993337,LOW
0.0,0.76944864,LOW
0.0,0.8297235,LOW
0.0,0.8044989,LOW
0.0,0.78130186,LOW
0.0,0.80946195,LOW
0.0,0.87376523,LOW
0.0,0.8432152,LOW
0.0,0.89324355,LOW
0.0,0.9297404,LOW
0.0,0.94151187,LOW
0.0,0.90956473,LOW
0.0,0.9744972,LOW
0.0,0.90515137,LOW
0.0,0.9814693,LOW
0.0,0.9323479,LOW
0.0,0.8252528,LOW
0.0,0.7909187,LOW
0.6972429811111214,0.82431674,LOW
0.0,1.013513,LOW
0.0,1.0320098,LOW
0.38200710662632975,1.0396144,LOW
0.4585058854724906,1.0657036,LOW
0.46428374807285877,1.074144,LOW
0.17318312130772284,1.2557739,LOW
0.0,1.2738845,LOW
0.0,1.2629327,LOW
0.0,1.2231477,LOW
0.0,1.1887844,LOW
1.1335550503846372,1.1415298,LOW
3.514504485060849,1.1894361,LOW
0.39625451434648795,1.3329651,LOW
0.09548159178550719,1.3606907,LOW
3.4604587391336574,1.3659502,LOW
0.492509731309724,1.5689808,LOW
1.68007590033685,1.7138511,LOW
1.4627383204461477,1.8653933,LOW
3.6427420511147197,1.6413462,LOW
1.0115810206300813,2.070075,LOW
0.0,2.0261526,LOW
1.1575787589481275,1.6582565,LOW
3.4337303612354857,1.633896,LOW
3.2475648687860126,2.0370426,LOW
0.0,2.210647,LOW
0.9601473171748873,1.6951303,LOW
0.0,1.5847193,LOW
0.0,1.5533786,LOW
0.59579459494035,1.4895912,LOW
18.995367801674632,1.3948395,LOW
19.10329020589411,19.17614,MEDIUM
20.359798648880705,18.044285,MEDIUM
19.29978194317518,18.427181,MEDIUM
17.724732373985834,18.576303,MEDIUM
17.915137955355334,18.531345,MEDIUM
18.224821004685133,18.302465,MEDIUM
18.80866399957811,17.988407,MEDIUM
19.94226450158559,18.32596,MEDIUM
18.232956969627164,18.851814,MEDIUM
16.03337279863555,18.647388,MEDIUM
18.97021121295491,17.808697,MEDIUM
19.303384401659702,18.21914,MEDIUM
20.019741562118995,18.600876,MEDIUM
19.16124622097258,19.098127,MEDIUM
20.95503955946478,19.277119,MEDIUM
21.078642546350586,19.916891,MEDIUM
22.08401706562563,20.29855,MEDIUM
20.202145312466474,20.964787,MEDIUM
21.898064939285984,20.755276,MEDIUM
23.77919825535971,21.058197,MEDIUM
21.032117011316508,21.933508,MEDIUM
19.696889278466287,21.629658,MEDIUM
21.046710319599935,20.817083,MEDIUM
22.33797449467102,20.43028,MEDIUM
22.640106074982384,21.006966,MEDIUM
18.695579079600087,21.573326,MEDIUM
19.364474641880523,20.578465,MEDIUM
21.410579034487082,19.560524,MEDIUM
19.600244199121725,19.634678,MEDIUM
13.884995924371225,19.504402,MEDIUM
15.692295913775851,15.087215,MEDIUM
13.341097078604212,15.384218,MEDIUM
10.977909414008193,15.062893,MEDIUM
13.501250057858439,13.573284,MEDIUM
13.203896140558983,13.403368,MEDIUM
13.68548093034327,13.55159,MEDIUM
11.26881163170583,13.833649,MEDIUM
11.699589635956414,13.225988,MEDIUM
11.351654104410246,12.897409,MEDIUM
11.281883750299182,12.610056,MEDIUM
13.428866519746487,12.386335,MEDIUM
14.308453492837426,13.10647,MEDIUM
12.616396725610933,13.523767,MEDIUM
14.82167936868873,13.511957,MEDIUM
14.5342965802189,14.163723,MEDIUM
15.499337738681065,14.639187,MEDIUM
15.856993116011937,15.29987,MEDIUM
16.166340058890178,15.797142,MEDIUM
15.830784442291902,16.221354,MEDIUM
14.80220585889812,16.266264,MEDIUM
13.61228959725517,16.04104,MEDIUM
16.059640759118565,15.444002,MEDIUM
14.15001975302542,15.905811,MEDIUM
15.187526024470205,15.393555,MEDIUM
12.440979895434289,15.596201,MEDIUM
15.71112847249737,14.68495,MEDIUM
14.296511843002921,15.28517,MEDIUM
14.877258251394792,15.032114,MEDIUM
12.811817969623293,15.216616,MEDIUM
13.569168558709862,14.617043,MEDIUM
13.987198205380327,13.751661,MEDIUM
10.621022379317278,13.3549385,MEDIUM
12.234264871730751,12.222475,MEDIUM
13.319431642768752,12.050442,MEDIUM
11.911251738476292,12.403183,MEDIUM
15.789012809765772,12.361206,MEDIUM
13.215348199132574,13.780489,MEDIUM
12.5825870517399,13.709425,MEDIUM
13.587697730225198,13.689146,MEDIUM
14.979107050571042,13.639013,MEDIUM
15.207282591234973,14.178492,MEDIUM
15.271364735138135,14.575476,MEDIUM
16.653759855189403,15.107716,MEDIUM
14.642847358130869,15.793528,MEDIUM
15.071933452397758,15.649607,MEDIUM
13.730040124825114,15.656179,MEDIUM
16.688768713896085,15.109461,MEDIUM
17.605829145502355,15.772686,MEDIUM
15.291463735366314,16.327316,MEDIUM
15.045601609682379,16.121424,MEDIUM
18.82064561052994,15.958019,MEDIUM
15.525492594389926,16.91618,MEDIUM
17.4230371912271,16.532032,MEDIUM
16.481139577507317,16.747482,MEDIUM
14.977283517455806,16.625607,MEDIUM
14.403319638260015,16.22378,MEDIUM
11.864374391917998,15.5141945,MEDIUM
16.354508117923803,14.176535,MEDIUM
15.597572010605374,15.104841,MEDIUM
35.004254898478315,15.210344,MEDIUM
33.626803513980775,33.683006,HIGH
30.785081990670278,32.007637,HIGH
28.752556299866434,31.541672,HIGH
33.47297921678653,30.523222,HIGH
31.184690585288994,31.666855,HIGH
31.800499243433972,31.701656,HIGH
32.62918083429623,29.36969,HIGH
31.595847718699734,30.149921,HIGH
32.632757676840455,30.952967,HIGH
32.90380338675024,32.190815,HIGH
34.380760863051215,32.28932,HIGH
32.95161057616263,32.834766,HIGH
32.737454567632916,32.656147,HIGH
33.972571951776295,32.110077,HIGH
33.671544272504995,32.190052,HIGH
34.60879968320052,32.02162,HIGH
35.19035608177641,33.544746,HIGH
34.08414221994867,34.709843,HIGH
34.751755553028374,34.873775,HIGH
37.86237888402609,34.96491,HIGH
35.562900245046144,36.024643,HIGH
36.059905057968315,35.752556,HIGH
35.808557616472314,35.416695,HIGH
30.153394311203396,34.443127,HIGH
30.194635554338575,32.029243,HIGH
33.02507285667593,29.70647,HIGH
30.657057627752238,28.776176,HIGH
32.64110035080194,28.330776,HIGH
31.705923846129654,29.359833,HIGH
25.202740317160156,29.489769,HIGH
26.089221881723617,24.16093,MEDIUM
24.93823636266123,23.001432,MEDIUM
24.023981404314164,22.433277,MEDIUM
26.09248849433424,22.741032,MEDIUM
23.11629317204281,23.923685,MEDIUM
26.346384273667315,23.21738,MEDIUM
24.38018630824958,24.254738,MEDIUM
27.691191778473836,24.083042,MEDIUM
22.4631988133697,25.484274,HIGH
27.552381051133267,24.121681,MEDIUM
25.89880006230201,25.535168,HIGH
25.347251125810722,25.295845,HIGH
25.59118773468592,25.328346,HIGH
25.207190633115125,24.843948,MEDIUM
29.85553952801576,24.900352,MEDIUM
25.973834717044863,26.634474,HIGH
26.516794569154754,26.331017,HIGH
25.98652241915231,26.304699,HIGH
27.4699691688774,25.801754,HIGH
28.684603542373395,26.14649,HIGH
26.369376581209927,26.461685,HIGH
27.24116455795632,26.362625,HIGH
26.917778236171735,26.374908,HIGH
27.563312512459607,26.107344,HIGH
27.160938584868138,26.191168,HIGH
27.184648308364736,26.051632,HIGH
24.06278162828311,26.18086,HIGH
24.412930456525583,25.069937,HIGH
23.600375831437443,24.34343,MEDIUM
19.98746566932504,23.49791,MEDIUM
16.25531920618082,21.72026,MEDIUM
16.26031310955203,16.368675,MEDIUM
17.611140033224245,14.893591,MEDIUM
19.250108437135516,16.318106,MEDIUM
18.489613709649777,17.405504,MEDIUM
18.751564772492863,17.968342,MEDIUM
16.997381782836918,18.476543,MEDIUM
18.323627891945574,18.075699,MEDIUM
15.109525162196023,18.2715,MEDIUM
18.71070354657401,16.94518,MEDIUM
17.96862597349157,17.66115,MEDIUM
16.547443846720334,17.834724,MEDIUM
17.90174565925702,17.700611,MEDIUM
19.163401807434823,17.713354,MEDIUM
19.64832670638409,18.423027,MEDIUM
20.11026502255254,19.020466,MEDIUM
18.159889756506956,19.472176,MEDIUM
19.590913506850242,19.104462,MEDIUM
19.20699694661223,19.183956,MEDIUM
21.136274397768446,19.067013,MEDIUM
21.155215901257613,19.652729,MEDIUM
21.649858752946056,20.249733,MEDIUM
20.078721537764643,21.015625,MEDIUM
18.801459197512735,20.711609,MEDIUM
19.515577385709864,20.003881,MEDIUM
17.521410556298378,19.306496,MEDIUM
18.011585518003663,18.408058,MEDIUM
16.951524146432913,17.924873,MEDIUM
20.064306792323112,17.455225,MEDIUM
13.367816187122921,18.444025,MEDIUM
13.184629705644214,13.994556,MEDIUM
10.499953154175843,13.6245,MEDIUM
8.103465807853791,12.389296,MEDIUM
11.783113463127652,9.896301,LOW
8.973629646853102,10.581434,MEDIUM
12.491075692537578,10.427471,MEDIUM
12.985275692193094,10.88855,MEDIUM
11.422458205957124,11.491579,MEDIUM
8.640630100830428,11.385853,MEDIUM
11.196895833873892,10.850445,MEDIUM
13.600175894835667,11.011112,MEDIUM
10.654858124669804,11.841642,MEDIUM
14.262581414044487,11.565397,MEDIUM
12.023864265243326,12.545189,MEDIUM
14.908662775772667,12.469906,MEDIUM
11.207829777981619,13.407217,MEDIUM
12.299575481312964,13.024843,MEDIUM
13.408597486332551,12.963057,MEDIUM
12.099228020638204,13.127682,MEDIUM
11.733458635713754,12.846899,MEDIUM
14.860531181608478,12.568182,MEDIUM
14.17927712283857,13.33032,MEDIUM
12.134522362018068,13.552805,MEDIUM
11.492996486886652,13.4329815,MEDIUM
11.575016273614752,12.808722,MEDIUM
9.803779552679854,12.456503,MEDIUM
11.125849834254453,11.415943,MEDIUM
10.749470442209155,11.169001,MEDIUM
11.418096817803251,11.127808,MEDIUM
11.45567265268156,11.097725,MEDIUM
11.737395583939241,11.322235,MEDIUM
10.35543668478009,11.453049,MEDIUM
8.853712644568823,11.189285,MEDIUM
9.593309132939185,10.772007,MEDIUM
10.03191444495722,10.502829,MEDIUM
11.472917741764242,10.422951,MEDIUM
9.425968753317825,10.565567,MEDIUM
13.570754654475632,10.41209,MEDIUM
12.946934259253188,11.2793865,MEDIUM
12.216321017639915,11.7668915,MEDIUM
15.76509715465745,12.144543,MEDIUM
12.226580951788488,13.5980625,MEDIUM
13.53463907511536,13.527565,MEDIUM
11.85546860691062,13.674601,MEDIUM
12.317213407393979,13.234486,MEDIUM
11.440842123741106,12.999811,MEDIUM
11.710686664377505,12.521982,MEDIUM
14.903461241148895,12.274141,MEDIUM
15.310330275589568,13.224318,MEDIUM
13.562868652143345,13.796516,MEDIUM
13.493988641540893,14.112816,MEDIUM
13.33394700514974,13.982853,MEDIUM
12.295739275772924,13.98171,MEDIUM
12.552460386012383,13.496614,MEDIUM
13.473550584943942,13.060539,MEDIUM
12.335325244727262,13.231804,MEDIUM
11.394173263002822,13.005871,MEDIUM
12.590195823118073,12.550829,MEDIUM
14.201800141157767,12.530165,MEDIUM
15.658798826849365,13.077398,MEDIUM
16.127707044289092,14.94574,MEDIUM
17.516781876199722,16.064215,MEDIUM
17.660063905541666,16.947617,MEDIUM
17.520302895914142,17.492132,MEDIUM
16.802800411577433,17.838747,MEDIUM
18.582233831012815,17.57618,MEDIUM
15.125829053555767,17.911854,MEDIUM
16.87691944255388,16.908838,MEDIUM
19.653512374567708,16.688343,MEDIUM
14.345368140061371,17.874155,MEDIUM
19.46999936187575,16.776436,MEDIUM
17.926025800844716,18.003922,MEDIUM
19.809551781914188,18.039265,MEDIUM
19.628149308740184,18.96938,MEDIUM
19.972816921206764,19.177025,MEDIUM
19.52630645787319,19.641808,MEDIUM
21.336233305633804,19.583286,MEDIUM
22.17816605526768,20.277433,MEDIUM
20.06574863421221,21.027477,MEDIUM
20.10573034026348,20.782852,MEDIUM
20.9241970564512,20.35202,MEDIUM
19.058524601259634,20.280693,MEDIUM
21.990147950727728,19.774872,MEDIUM
17.343040111769746,20.347359,MEDIUM
18.735942228674915,19.336325,MEDIUM
18.8984981327821,18.657763,MEDIUM
16.272891157983825,18.452393,MEDIUM
17.831906223531554,17.784878,MEDIUM
16.511397376155088,17.441463,MEDIUM
0.3483122331316153,17.093765,MEDIUM
0.0,1.3382002,LOW
0.0,0.39383996,LOW
0.0,0.2963009,LOW
0.0,0.4859842,LOW
0.0,0.57344055,LOW
0.0,0.94221187,LOW
0.0,0.91043425,LOW
0.0,0.922227,LOW
0.0,0.90959764,LOW
0.0,0.8513615,LOW
0.08345965028183144,0.8187207,LOW
0.8157810144858129,0.8828496,LOW
0.0,1.0046076,LOW
0.9587381079371529,1.0109769,LOW
0.0,1.09305,LOW
1.8014112183560531,1.1520318,LOW
3.114444478860163,1.338066,LOW
0.0,1.4976559,LOW
0.0,1.4625529,LOW
0.0,1.3611205,LOW
0.5224767738475133,1.2524927,LOW
0.475671161969748,1.3150057,LOW
0.0,1.3049054,LOW
0.0,1.1150926,LOW
0.0,1.0103604,LOW
0.36385449415656623,1.0505245,LOW
0.0,1.1592705,LOW
0.0,1.0818418,LOW
0.0,0.9332681,LOW
7.954031630748235,0.9739529,LOW
9.68213573866882,5.34632,LOW
7.9231520197937595,6.7192907,LOW
7.57263772225942,6.3994174,LOW
3.2182345908932257,6.3684387,LOW
5.75327249446898,5.850672,LOW
7.198462528543006,6.144915,LOW
6.619748211335997,6.921122,LOW
5.745080058060548,7.0897307,LOW
2.8903929063208507,6.776134,LOW
5.745097942540115,5.7435436,LOW
6.115621315210278,5.6751294,LOW
9.459784327739921,6.097388,LOW
7.613452945732725,6.9958572,LOW
7.678175827238094,7.159264,LOW
8.546471571136516,7.3212395,LOW
9.744679990859476,7.7135625,LOW
11.294730265851772,8.827814,LOW
11.648059620590516,9.627899,LOW
11.97836256499403,10.209562,MEDIUM
11.613330290519812,10.656567,MEDIUM
11.34251482828726,10.931519,MEDIUM
9.508519843259105,11.287289,MEDIUM
9.170994493025923,10.986755,MEDIUM
12.164505138705163,10.603834,MEDIUM
7.120679089269804,10.871916,MEDIUM
10.255084977653539,10.248972,MEDIUM
7.264722422970976,10.158756,MEDIUM
9.240571780631278,9.589304,LOW
7.042589651402604,9.455946,LOW
5.867352186662091,8.991703,LOW
6.398913402948809,8.9923725,LOW
7.376830677729018,8.628731,LOW
8.547035298036121,8.467705,LOW
7.46925978532283,8.715048,LOW
6.298590053499199,8.516792,LOW
1.999320313967761,7.9073577,LOW
7.092095628340923,5.9961023,LOW
4.884612426119467,6.4834127,LOW
6.24212446185741,6.3364854,LOW
8.233735441971758,6.5264583,LOW
5.841440297468775,6.6989384,LOW
6.981991739269734,6.6661515,LOW
7.627818220746212,6.909097,LOW
7.96431461466311,7.398146,LOW
9.359481332914019,7.738953,LOW
7.098813668340069,8.424341,LOW
8.25116631450645,8.3869705,LOW
9.304966399715882,8.64077,LOW
6.540757501159884,9.095379,LOW
9.207837135359119,8.88616,LOW
10.214896400751424,9.261,LOW
6.77777115581897,9.562672,LOW
4.88282106064284,9.143015,LOW
9.577338909439554,8.150707,LOW
9.145228210387096,8.977766,LOW
7.548566021796255,8.989511,LOW
6.371039766956759,8.899321,LOW
8.45616872440387,8.254601,LOW
6.614475300082782,8.406414,LOW
21.775162498727433,8.369058,LOW
22.544542866164644,22.784317,MEDIUM
20.9068747741795,21.710566,MEDIUM
17.07452261515597,21.11081,MEDIUM
22.066062867252278,19.772202,MEDIUM
19.385311722287028,20.641405,MEDIUM
17.895423968878767,20.005997,MEDIUM
21.697037454210765,18.97453,MEDIUM
18.258752920365687,19.667255,MEDIUM
19.504620428623234,19.401947,MEDIUM
23.01128867331978,19.371243,MEDIUM
20.347469156078326,20.827465,MEDIUM
22.31831176026359,21.061062,MEDIUM
22.080549631745185,21.712807,MEDIUM
20.739936548384023,21.85322,MEDIUM
22.434268873358246,21.705896,MEDIUM
22.612497974803006,21.847431,MEDIUM
22.885022470932277,21.965704,MEDIUM
24.776209767017505,22.39756,MEDIUM
25.486433398546822,23.361305,MEDIUM
23.75395011123349,24.294195,MEDIUM
24.30531826358417,24.232231,MEDIUM
21.27852210606047,24.25877,MEDIUM
22.491804209547816,22.832325,MEDIUM
22.9704663569656,22.160833,MEDIUM
23.63279957791883,21.683874,MEDIUM
22.621785851259713,22.371304,MEDIUM
21.978230543268808,22.377718,MEDIUM
23.807417297658517,22.156742,MEDIUM
22.667029076722976,22.491829,MEDIUM
2.5867167771485136,22.338371,MEDIUM
2.375675709135077,2.6287754,LOW
2.6986920917460306,1.9374312,LOW
1.0036058575858977,1.1671796,LOW
0.0,1.1851612,LOW
0.0,1.1899613,LOW
0.0,1.4709078,LOW
0.3908803265092953,1.5260847,LOW
0.1068637746290424,1.4384383,LOW
3.216737134069202,1.3039503,LOW
1.2135582690550084,1.4435494,LOW
1.2122926687370228,1.4578542,LOW
0.5613831468820223,1.4753238,LOW
5.099605243037654,1.4997594,LOW
2.420809289872496,2.3114586,LOW
2.7871237411802063,2.4898098,LOW
1.9083763040140145,2.531724,LOW
4.965592769880308,2.294684,LOW
4.555439333227964,3.255625,LOW
4.089713567985271,3.8152435,LOW
5.0214902518937095,3.8669198,LOW
5.974040116586211,4.056568,LOW
2.837782975632857,4.7192125,LOW
3.0408729085230135,4.839053,LOW
1.7020056269286474,4.403084,LOW
2.079890494406314,3.7888327,LOW
3.706998821920166,3.4079432,LOW
3.959512488258177,3.3645945,LOW
0.9926300005632012,3.2495637,LOW
0.0,2.5916295,LOW
15.359771888699136,2.0080771,LOW
20.048141193085485,16.39815,MEDIUM
19.67776497271263,17.651445,MEDIUM
17.62450069245967,18.129799,MEDIUM
17.59050525005135,17.859602,MEDIUM
15.986539951070434,17.832592,MEDIUM
16.252724798942097,17.542221,MEDIUM
18.863831674102094,16.782206,MEDIUM
16.22302003825451,17.39668,MEDIUM
21.457463149891886,17.018993,MEDIUM
19.601954659721876,19.243317,MEDIUM
19.96583820311383,19.409683,MEDIUM
16.62745926308079,19.78756,MEDIUM
19.199385000663618,18.54321,MEDIUM
20.46970023242538,18.688866,MEDIUM
20.49920617491678,19.162298,MEDIUM
20.46930075659556,19.863394,MEDIUM
18.98190413541334,20.217827,MEDIUM
18.860685805307803,19.925007,MEDIUM
20.131139085366357,19.389694,MEDIUM
20.159755009897268,19.438173,MEDIUM
21.043446417972724,19.633978,MEDIUM
22.328479585789783,20.159147,MEDIUM
19.294773080598766,20.952621,MEDIUM
17.557308939613407,20.566435,MEDIUM
17.789497330056896,19.249315,MEDIUM
18.721950266328015,18.088766,MEDIUM
19.769325453924438,18.220348,MEDIUM
15.878738441205911,18.627644,MEDIUM
17.842379522046215,17.600355,MEDIUM
11.825320393266214,17.555298,MEDIUM
11.261141265379166,13.586199,MEDIUM
10.195257371837343,12.674044,MEDIUM
12.689553927303926,11.202351,MEDIUM
11.660717825087312,11.444311,MEDIUM
11.27235252614697,11.840467,MEDIUM
11.531633862467833,11.957518,MEDIUM
8.186959225081397,11.71241,MEDIUM
8.498741845256538,10.806913,MEDIUM
9.880330401701888,10.258068,MEDIUM
7.795328733089015,10.227398,MEDIUM
12.340839796340134,9.870884,LOW
13.368050053370627,10.623079,MEDIUM
12.48388323131576,11.187063,MEDIUM
11.728431523388767,11.599995,MEDIUM
10.786513311341963,11.901943,MEDIUM
14.085533032150495,11.849377,MEDIUM
17.63634507785371,12.986286,MEDIUM
14.23604493326987,14.955681,MEDIUM
17.784840765929637,15.084005,MEDIUM
14.355409190369121,16.274124,MEDIUM
14.211419470174523,15.840275,MEDIUM
11.586982971399745,15.584442,MEDIUM
13.432362284655268,14.014042,MEDIUM
10.652150312263181,13.70496,MEDIUM
11.161727635465352,12.747704,MEDIUM
11.667717237727746,12.005926,MEDIUM
14.259285836380506,12.047737,MEDIUM
9.856178413065699,12.859415,MEDIUM
9.756768872786608,11.876232,MEDIUM
29.49164151692159,11.085539,MEDIUM
28.308624262498405,29.163256,HIGH
29.929136257275182,27.700577,HIGH
28.009223026155613,28.608315,HIGH
27.829717727940405,27.792974,HIGH
27.658702368321322,27.710052,HIGH
26.220129824889355,27.831852,HIGH
27.813805340153007,25.230503,HIGH
28.43695001971967,25.962406,HIGH
28.300003409968006,26.65317,HIGH
28.08952391796941,27.31983,HIGH
30.465979663400585,27.249393,HIGH
30.384615922590093,28.470043,HIGH
29.815198619714167,29.291424,HIGH
29.291618398053657,29.523153,HIGH
31.5565583402283,29.600328,HIGH
31.674742651527353,30.59267,HIGH
32.479348654103134,30.918121,HIGH
33.2947188057025,31.433813,HIGH
31.34665774195051,32.047043,HIGH
29.311585244344975,31.856548,HIGH
33.70475826721489,30.78688,HIGH
32.31251245478183,30.958138,HIGH
31.707118844198995,30.80524,HIGH
28.824692413364403,30.778997,HIGH
31.327159674086587,29.7939,HIGH
32.22202482280927,29.744144,HIGH
28.16443309389775,30.075691,HIGH
27.521544616246516,27.581873,HIGH
27.180881812898335,26.760696,HIGH
8.241578013596776,25.634615,HIGH
8.582012301213114,7.238112,LOW
9.255930784153499,8.339598,LOW
10.89628405893176,7.60056,LOW
6.819974042254021,7.898716,LOW
9.773501092536888,8.345247,LOW
7.36485608166408,9.900528,LOW
6.775118667219237,9.39161,LOW
7.446790423368721,8.985812,LOW
6.654604040197736,8.795443,LOW
7.873171578306321,8.436678,LOW
9.101707219446409,8.321352,LOW
9.545825302310385,8.58106,LOW
8.026001311993205,8.742012,LOW
10.050841623924068,8.827686,LOW
10.791035377115545,9.337086,LOW
11.157425582543759,9.997339,LOW
7.174466844106309,10.491482,MEDIUM
8.977817010341838,10.197264,MEDIUM
11.020389343788608,10.103779,MEDIUM
12.190775104611655,10.440153,MEDIUM
11.168419528258152,10.897268,MEDIUM
11.16296037719927,11.044344,MEDIUM
11.802659843041067,11.073082,MEDIUM
10.316289228052884,11.3400345,MEDIUM
9.125274389239252,11.40625,MEDIUM
9.01959365744406,10.938641,MEDIUM
7.744615349583878,10.591106,MEDIUM
9.763922420271776,10.133314,MEDIUM
7.298347477690804,10.142786,MEDIUM
22.520433954356236,9.706167,LOW
22.68100748598357,22.343483,MEDIUM
22.93148745667401,21.38305,MEDIUM
22.61292622246231,21.51995,MEDIUM
21.858684290733443,21.56236,MEDIUM
19.580889841950896,21.721899,MEDIUM
21.061083482943975,20.811531,MEDIUM
21.482239738172588,20.001728,MEDIUM
19.629881398597703,20.234394,MEDIUM
21.72061026416242,19.990904,MEDIUM
23.897415778669615,20.341087,MEDIUM
20.842522999231274,21.839876,MEDIUM
20.920602988077547,21.63456,MEDIUM
22.983351693281985,21.16058,MEDIUM
24.99379603143264,21.560377,MEDIUM
21.9864898309013,23.02856,MEDIUM
23.12968462843779,22.678543,MEDIUM
21.861976973809078,22.658943,MEDIUM
25.25214387560478,22.156246,MEDIUM
25.901449795242602,23.231464,MEDIUM
24.763370627911943,23.982452,MEDIUM
26.29012991585311,24.392017,MEDIUM
24.071105836860735,25.087898,HIGH
23.6480219153555,24.66491,MEDIUM
20.208628962852707,23.83958,MEDIUM
23.097870372432546,21.002708,MEDIUM
22.58628441901269,21.484768,MEDIUM
20.02195086697679,21.312954,MEDIUM
21.868303350469866,20.661217,MEDIUM
19.54355954796628,20.527773,MEDIUM
8.206438538869515,20.149874,MEDIUM
6.948243395943976,6.0173817,LOW
6.893779828175479,6.112158,LOW
7.452283566867571,6.1369057,LOW
7.075319434875565,6.464042,LOW
7.303856666512848,6.4061294,LOW
5.549779426865269,8.045163,LOW
8.005182249599002,7.409298,LOW
8.247785020068227,7.5177417,LOW
4.462378994125906,7.745139,LOW
7.118453236468358,7.123885,LOW
11.226614377055808,7.2448297,LOW
8.380567767720922,8.664421,LOW
10.439546270872253,8.725997,LOW
9.77328893675637,9.476515,LOW
7.467046522288085,9.479855,LOW
8.589551832447519,9.404165,LOW
11.290900312723647,9.541378,LOW
10.271003357583956,10.277952,MEDIUM
11.347421820554821,10.308302,MEDIUM
12.872492736306985,10.584869,MEDIUM
8.95479712931813,10.988222,MEDIUM
11.031653211532163,10.846226,MEDIUM
11.255895666709796,10.912388,MEDIUM
8.541659848657291,11.097952,MEDIUM
7.546737148997758,10.726265,MEDIUM
8.125671892982195,10.014643,MEDIUM
7.57837270474174,9.431861,LOW
8.011920592768007,9.062006,LOW
5.411431831861975,8.8971195,LOW
36.15151773281633,8.312609,LOW
32.83681562411374,35.488525,HIGH
35.56200088135792,32.956703,HIGH
38.28274093463013,33.78189,HIGH
35.19324715236008,35.08716,HIGH
37.144964188298495,34.543274,HIGH
34.328574905662435,35.342403,HIGH
36.18882352881673,33.568092,HIGH
37.49640772767709,34.208435,HIGH
32.70156160873964,34.693047,HIGH
35.31244285302498,33.2769,HIGH
38.85471661877361,35.04409,HIGH
34.70933433770219,35.891495,HIGH
36.709343233300174,35.062435,HIGH
37.247623743526795,35.350243,HIGH
37.93298277611945,35.766586,HIGH
35.88279933665616,36.528934,HIGH
37.549075036016966,36.074047,HIGH
38.43455590113006,36.184402,HIGH
40.847044224388256,37.2601,HIGH
39.264326225565625,37.76386,HIGH
37.110290286004954,38.506855,HIGH
37.07444693046356,37.639233,HIGH
37.44569211669256,37.631126,HIGH
39.06848978516946,36.618633,HIGH
39.17006634161529,36.45383,HIGH
36.22975823264576,36.40646,HIGH
37.199683058569704,35.828228,HIGH
32.39825704456111,35.33362,HIGH
35.810209562823275,32.28807,HIGH
8.276057769992509,32.112686,HIGH
6.3373595630945925,7.421522,LOW
6.224244860076896,6.6830153,LOW
9.271213497940892,5.9036045,LOW
6.709477603329537,6.1308484,LOW
6.0838804903228265,6.4297996,LOW
7.6815792366521825,7.1400933,LOW
7.467035410155111,7.583387,LOW
10.966114197122739,7.7311893,LOW
7.717002468596391,8.924803,LOW
7.408565987028234,8.621511,LOW
7.245035796797101,8.492424,LOW
8.791076102771548,8.447996,LOW
8.07334459838627,8.781781,LOW
7.62264710826336,8.819401,LOW
7.847074870700292,8.587139,LOW
8.582402275244197,8.429531,LOW
9.681362172026876,8.691851,LOW
10.71882351163148,9.122084,LOW
12.145097502877146,9.568909,LOW
11.144213353813942,10.236111,MEDIUM
8.782146602939312,10.559057,MEDIUM
9.305317718858227,10.470577,MEDIUM
9.77844591123613,10.38308,MEDIUM
8.892778853893205,10.42565,MEDIUM
6.603750472060945,10.258274,MEDIUM
10.538046922422403,9.477377,LOW
7.364752642450812,9.901491,LOW
7.571355821003355,9.283203,LOW
8.666960922329455,8.823679,LOW
17.24829010887855,8.808033,LOW
15.065911587815346,15.027712,MEDIUM
15.033730346811986,14.170099,MEDIUM
15.554258656952157,14.202435,MEDIUM
15.160605739254493,14.319834,MEDIUM
10.357225499686006,14.896624,MEDIUM
15.649580660870448,13.597424,MEDIUM
14.070072421340376,14.461157,MEDIUM
13.743783044794306,14.157309,MEDIUM
11.660565432951818,14.187515,MEDIUM
15.65761200632259,13.47991,MEDIUM
12.17629352504938,14.39266,MEDIUM
14.674658162211944,13.782019,MEDIUM
13.604668578222173,14.179535,MEDIUM
16.219883403013263,14.096836,MEDIUM
16.31758877667139,14.894005,MEDIUM
15.25099561242147,15.33062,MEDIUM
15.138983758539627,15.617828,MEDIUM
15.215434522022981,15.689215,MEDIUM
16.86138724542045,15.696993,MEDIUM
13.803468876029404,16.207445,MEDIUM
19.86027814525136,15.432837,MEDIUM
14.506344132214515,17.249853,MEDIUM
18.03941871317184,16.313532,MEDIUM
14.365320071521143,16.885973,MEDIUM
14.377476155433733,16.090204,MEDIUM
13.456593083463698,15.600145,MEDIUM
13.912286810063033,14.778687,MEDIUM
14.22902601414119,14.358494,MEDIUM
12.396467866490525,14.34457,MEDIUM
25.746765978803666,13.737564,MEDIUM
24.856350153102504,25.860455,HIGH
24.252241133597686,24.397928,MEDIUM
22.97536940783479,24.439388,MEDIUM
24.938319675238546,24.070553,MEDIUM
23.42776223130233,24.488474,MEDIUM
25.607588030047253,24.152931,MEDIUM
24.237353119750928,24.004066,MEDIUM
23.50165289235945,23.729294,MEDIUM
25.678215645531385,23.589811,MEDIUM
23.253197167528292,24.159386,MEDIUM
24.86080243409166,23.573353,MEDIUM
27.991331890834708,24.047806,MEDIUM
25.337366946011784,25.687502,HIGH
27.926582174311225,25.648275,HIGH
28.3601868105983,26.576176,HIGH
27.477582527199,27.179052,HIGH
27.01551581110543,27.387272,HIGH
28.2009556055458,27.156393,HIGH
30.112587360155295,27.219696,HIGH
29.589728837661266,28.460855,HIGH
29.90468126115548,28.609217,HIGH
27.3669418923984,28.745937,HIGH
29.656609240667485,28.06484,HIGH
23.783607047686093,28.063011,HIGH
27.296353484917937,25.65897,HIGH
24.972411126406257,25.633942,HIGH
27.432043453075273,24.53165,MEDIUM
26.146510865149743,25.047981,HIGH
22.514961386886977,25.223068,HIGH
7.393392431235609,24.007671,MEDIUM
4.755510440181952,5.4888287,LOW
6.129062435769967,5.489294,LOW
7.316322905246917,4.6636233,LOW
6.356011587859722,4.5522604,LOW
3.8935581453148167,5.3994875,LOW
4.767703570774497,6.0211916,LOW
3.164394260518762,5.855287,LOW
6.723241998006856,5.147144,LOW
3.7248779183615817,5.6431537,LOW
4.287994840965169,5.3561616,LOW
6.973552794205613,4.9504623,LOW
9.70662268956922,5.391654,LOW
7.7464801004803725,6.6355166,LOW
9.613665116987859,7.2005386,LOW
9.978095879660984,7.806737,LOW
9.803279456035206,8.443287,LOW
6.968230587900006,9.450954,LOW
10.942612767022801,9.343739,LOW
10.679229433370653,10.115368,MEDIUM
8.838303176132936,10.245447,MEDIUM
8.927060949375194,10.207201,MEDIUM
9.324808173844021,9.876385,LOW
10.180071309610696,9.918432,LOW
9.353275835238989,10.047083,MEDIUM
6.877389720057085,10.076809,MEDIUM
6.331107175819268,9.288798,LOW
5.898562238807843,8.563715,LOW
5.4068755626343314,7.995462,LOW
6.767387710922048,7.2000303,LOW
29.310158723599223,7.1814237,LOW
31.987264770829423,29.664421,HIGH
30.591707287594076,29.70596,HIGH
29.983168346468556,29.643373,HIGH
29.985714745398862,29.493456,HIGH
30.95778486560683,29.402418,HIGH
30.015315833247843,29.88583,HIGH
28.095532953912,28.628902,HIGH
28.430356721788392,28.020721,HIGH
31.267943367211192,28.11722,HIGH
32.24248194699979,28.847692,HIGH
28.74294542024785,30.132978,HIGH
28.649529106179745,29.77593,HIGH
29.289522432697762,29.245546,HIGH
33.300623392683036,28.867092,HIGH
31.840870049031537,30.463593,HIGH
33.95104451942272,30.584122,HIGH
33.63117245958223,32.099483,HIGH
33.59764240444467,32.988567,HIGH
29.981765702106102,33.404705,HIGH
33.97468019096609,31.833485,HIGH
33.29583479047802,32.25184,HIGH
30.378622049018865,31.629704,HIGH
29.228768938835625,30.499836,HIGH
31.200783195010203,29.74593,HIGH
30.475744120979627,29.562464,HIGH
29.77320950486342,29.23782,HIGH
31.753912495716197,28.307894,HIGH
30.682907906355485,29.042389,HIGH
29.568472425240248,29.149042,HIGH
7.541722740497116,29.14001,HIGH
5.175612125579781,6.09536,LOW
5.3976963665744755,5.4038258,LOW
4.146967737538942,4.9062767,LOW
4.336784111780091,3.9288568,LOW
5.230839503227377,3.2570605,LOW
2.167292713351287,3.913992,LOW
4.3745522525903535,4.7502346,LOW
7.028515877367739,4.49121,LOW
4.156870303019744,5.1010065,LOW
5.004189301393799,5.1999226,LOW
6.1961220333982165,5.1983194,LOW
3.593992629456187,5.3421545,LOW
7.390809838039017,5.362337,LOW
5.16645418408479,6.051168,LOW
10.000881869237205,6.018455,LOW
6.282176652694506,7.203955,LOW
6.940505960596976,7.0964108,LOW
7.658063625207133,7.389178,LOW
5.302199836704682,7.495026,LOW
8.514376157022975,7.553617,LOW
7.891267510892645,7.8480477,LOW
8.535578127551624,7.9399624,LOW
8.087531004589213,8.002504,LOW
7.080904853172239,8.151172,LOW
7.028409543378085,8.258827,LOW
6.783767254118036,8.103785,LOW
5.75260349325761,8.145138,LOW
8.257966004049278,7.676393,LOW
6.202433469537185,7.708203,LOW
24.35688003041026,7.3980155,LOW
25.19904427929177,24.295273,MEDIUM
24.33658037797452,23.33273,MEDIUM
22.80297862134166,23.583313,MEDIUM
25.207172150869766,23.10826,MEDIUM
22.88195087177718,23.82979,MEDIUM
23.410010735550006,23.323406,MEDIUM
21.91044530947423,22.93029,MEDIUM
23.39709599732543,22.376068,MEDIUM
21.001480811533767,22.428616,MEDIUM
22.650421447255788,21.773928,MEDIUM
24.920851672851324,21.826921,MEDIUM
22.505132089719098,22.865585,MEDIUM
24.180074029646608,22.858862,MEDIUM
23.37659629485017,23.252682,MEDIUM
26.37003913067761,23.326172,MEDIUM
24.90114838223853,24.526146,MEDIUM
23.158033831150313,24.329605,MEDIUM
25.3882072338938,24.02129,MEDIUM
26.35441053786231,24.14303,MEDIUM
26.22119569078048,24.74713,MEDIUM
24.771404989053295,25.110977,HIGH
25.583655459645932,24.892653,MEDIUM
25.723885927109187,24.9594,MEDIUM
27.070668967041847,24.974371,MEDIUM
24.782743913784486,25.367409,HIGH
21.015650763898478,24.906143,MEDIUM
23.740962121805104,22.189724,MEDIUM
26.17881589941622,22.53443,MEDIUM
21.36138186453505,23.453613,MEDIUM
6.27939042009166,22.802227,MEDIUM
2.3131825622939655,4.461778,LOW
4.261344462812769,3.631043,LOW
5.471038106640817,2.895218,LOW
2.3406088138663375,2.9854412,LOW
4.243757474018233,2.834597,LOW
1.2102782796536538,3.9467273,LOW
3.3198644930058805,3.6893008,LOW
6.530140777950262,3.6464567,LOW
3.7043397946152297,4.4607124,LOW
3.370237632088106,4.453668,LOW
8.410840311217283,4.1919394,LOW
4.057086742796274,5.300603,LOW
5.952776904939002,5.5956254,LOW
6.111961299712743,6.1181445,LOW
6.0633947874897824,6.213215,LOW
7.322105494215213,6.4450226,LOW
6.533037033729791,6.886864,LOW
7.9919086353025275,6.9701796,LOW
8.031789385127619,7.216248,LOW
8.563836601412527,7.643739,LOW
5.160180578872069,8.014294,LOW
5.665533534392846,7.74525,LOW
8.023501819115056,7.4610705,LOW
4.980681626863197,7.8958783,LOW
3.079848291254196,7.310618,LOW
3.898411435917291,5.9953923,LOW
3.6424017755462987,5.411601,LOW
4.03165961863348,4.9145403,LOW
3.731511129999765,4.708504,LOW
20.145157432437664,4.368521,LOW
23.833173246908892,19.805021,MEDIUM
18.71047492092181,21.43094,MEDIUM
16.561804347184342,20.12597,MEDIUM
19.148222981112124,18.839245,MEDIUM
16.86422465072269,18.574575,MEDIUM
15.556158478255346,18.064568,MEDIUM
18.17674497941739,16.561907,MEDIUM
19.078370533663282,16.711079,MEDIUM
17.032065790446993,17.977854,MEDIUM
17.38481605012414,17.847666,MEDIUM
19.831501949869008,17.763844,MEDIUM
18.41527205690237,18.56427,MEDIUM
19.6027116746153,18.656628,MEDIUM
19.97290041940731,19.094296,MEDIUM
17.385556822296287,19.363789,MEDIUM
22.93009021678,18.654137,MEDIUM
20.292934608355694,20.392693,MEDIUM
22.25505687579544,20.338493,MEDIUM
19.210934619078937,21.299255,MEDIUM
21.25133906677411,20.636581,MEDIUM
22.929517454358212,20.980055,MEDIUM
21.691250418157445,21.415422,MEDIUM
22.07789705878142,21.641153,MEDIUM
22.05180438418829,21.67384,MEDIUM
19.830664337776753,21.563042,MEDIUM
19.678275502249555,20.90414,MEDIUM
21.89537765466083,19.85371,MEDIUM
18.487027289394533,20.159496,MEDIUM
16.432232310753513,19.430801,MEDIUM
19.427491057182742,17.759129,MEDIUM
19.311503062486914,18.460152,MEDIUM
18.80255118128399,18.972187,MEDIUM
17.51243575514327,18.802212,MEDIUM
15.639905182302744,18.175528,MEDIUM
18.555512461955868,17.210028,MEDIUM
18.27625839573222,17.633514,MEDIUM
20.17795164765041,17.797821,MEDIUM
19.443068273174646,18.84882,MEDIUM
17.942371491958514,19.17508,MEDIUM
18.01714709309252,18.85654,MEDIUM
18.004951339335314,18.450558,MEDIUM
19.341996776534625,18.204731,MEDIUM
20.45380744102051,18.517681,MEDIUM
20.479412713059958,19.201103,MEDIUM
22.873203613419527,19.77361,MEDIUM
20.394018769824676,20.894886,MEDIUM
18.211056456627443,20.991426,MEDIUM
21.905336586417143,20.175781,MEDIUM
21.661679808862246,20.487549,MEDIUM
20.079521312591122,20.766418,MEDIUM
21.010192338222055,20.555649,MEDIUM
22.616100644081065,20.391018,MEDIUM
19.67213589955213,21.132727,MEDIUM
21.713277208910696,20.519165,MEDIUM
19.630001160665856,20.811733,MEDIUM
18.926405644227223,20.243124,MEDIUM
17.338132033794633,19.521656,MEDIUM
16.333416678349806,18.097706,MEDIUM
16.875612817352575,17.23363,MEDIUM
28.678505964195214,16.774729,MEDIUM
31.44209900537824,27.756433,HIGH
24.386294998978197,30.054352,HIGH
27.647140250882003,27.138317,HIGH
28.292447573836085,27.222866,HIGH
27.910974111632683,27.374556,HIGH
27.1216265358481,27.411667,HIGH
29.145899023513053,26.157406,HIGH
28.25841383266418,26.918486,HIGH
28.156671579696265,27.340082,HIGH
28.910792087125685,27.44889,HIGH
28.417020051176664,27.85056,HIGH
29.033442939497398,27.738796,HIGH
29.9573180815161,27.901028,HIGH
28.57406844475228,28.226475,HIGH
31.13329775753948,28.098743,HIGH
34.55960363607175,29.220392,HIGH
30.387002843441763,32.011017,HIGH
30.71009044876369,31.667786,HIGH
31.499166158378152,31.269398,HIGH
29.33809049541318,31.040752,HIGH
34.10370095014221,29.7341,HIGH
29.050637512395937,31.145563,HIGH
30.708196900318594,29.509655,HIGH
29.961114430925036,29.772026,HIGH
27.853336678488784,28.99946,HIGH
28.555798296217745,27.738495,HIGH
28.507323814047055,27.254883,HIGH
26.300161694071697,26.294577,HIGH
26.882991074822165,26.283249,HIGH
6.295540085086988,25.497353,HIGH
4.088150007495466,5.2480903,LOW
0.0,4.6198606,LOW
1.9536965295104487,1.2144239,LOW
0.0,1.050052,LOW
1.7834937017781076,0.7196212,LOW
0.0,1.0645976,LOW
0.0,1.5675421,LOW
0.0,1.3340901,LOW
1.1517744249993527,1.3288742,LOW
0.27035997112067367,1.3726798,LOW
0.0,1.3786341,LOW
0.0,1.3099533,LOW
1.056754241539708,1.2567315,LOW
0.8129153821985042,1.3098915,LOW
5.34488994540513,1.3789383,LOW
5.349858102337928,1.9079541,LOW
5.298102679808521,2.562708,LOW
2.803214712922297,3.396393,LOW
4.587502163418412,3.4643865,LOW
2.5043818693011284,4.113803,LOW
3.3894341715009784,4.2090034,LOW
4.364428091803871,4.1250443,LOW
3.360975415680106,4.080186,LOW
3.802766825204552,3.8556068,LOW
2.7150034997256114,3.7656634,LOW
2.1011850783269015,3.4796405,LOW
1.9142980689546043,3.2176743,LOW
0.8294260808797693,3.0148149,LOW
0.0,2.4782605,LOW
5.557809030691276,1.9627488,LOW
2.941475573029896,3.1202917,LOW
1.1275094778875268,3.126736,LOW
3.8221033038383556,2.5636997,LOW
0.6706877676630487,2.6339333,LOW
2.3118836210639575,2.4704626,LOW
0.8205912246778748,2.7675369,LOW
1.777848675274635,2.2380862,LOW
1.5401289507699776,2.0398293,LOW
2.3009647036018706,2.0090587,LOW
1.654906234578739,1.9258418,LOW
2.2320426152168586,1.8844395,LOW
4.313051381899317,1.954646,LOW
2.7425987993511107,2.4624608,LOW
2.257699801330819,2.683947,LOW
2.544106996727505,2.7009666,LOW
2.8554941647753047,2.6980073,LOW
4.839922503341661,3.0232716,LOW
3.403492881930461,3.5915768,LOW
4.608648250136161,3.6042619,LOW
6.509974450797847,3.788701,LOW
3.782137445691477,4.59999,LOW
3.681053499439603,4.872089,LOW
4.559416878792115,4.8232255,LOW
2.5189282243443945,4.8612113,LOW
3.930604341640638,4.4863615,LOW
1.3932101552018352,4.387267,LOW
1.3992054101755897,3.6794584,LOW
1.6864163652894906,3.0839024,LOW
2.27756219236319,2.6784716,LOW
6.583480973247608,2.4449272,LOW
4.3955933101528135,3.2360468,LOW
7.926294072451807,3.3792138,LOW
7.675855045667331,4.592417,LOW
4.174853682191064,5.453228,LOW
7.530544676777224,5.7542543,LOW
4.865873545094677,6.4337325,LOW
5.582681307957631,6.5904126,LOW
4.605588939003077,6.489233,LOW
5.091240613552085,6.206218,LOW
4.1074199884172735,5.937393,LOW
3.8080793797113373,5.553739,LOW
8.859409436098957,5.2070103,LOW
7.141216652593006,6.1120553,LOW
8.38753546463915,6.64709,LOW
5.60714431850489,7.1254244,LOW
7.56340552003594,6.954737,LOW
8.749046713978355,7.327354,LOW
9.072642629662445,7.9308486,LOW
10.46414363515956,8.5686865,LOW
6.077314765459773,8.938396,LOW
7.467309319678741,8.410468,LOW
8.074256433068085,8.313271,LOW
8.565887845221111,8.508829,LOW
7.915774988931754,8.653789,LOW
5.15339322765185,8.672243,LOW
7.908267442474074,7.8007174,LOW
4.548577393001676,7.724197,LOW
3.3347062738679503,6.9976115,LOW
6.093575757531684,5.7997794,LOW
15.749628728296345,5.9824843,LOW
12.719035165758454,14.987835,MEDIUM
12.332306543104892,14.027407,MEDIUM
12.396185774276145,13.055515,MEDIUM
12.158684278141584,12.040733,MEDIUM
14.394512579904982,12.262457,MEDIUM
14.042240748709887,13.124916,MEDIUM
13.160238986650288,13.535048,MEDIUM
14.381684439351071,13.547934,MEDIUM
14.589111550742324,13.811466,MEDIUM
14.263252601611516,14.212482,MEDIUM
14.322584559743907,14.2935295,MEDIUM
14.402393221407934,14.466061,MEDIUM
14.280384059681515,14.570673,MEDIUM
14.375250534584634,14.586872,MEDIUM
17.584279316031243,14.588814,MEDIUM
16.3715575901227,15.77199,MEDIUM
17.234358570481916,16.079706,MEDIUM
17.127237215934805,16.595776,MEDIUM
15.58881008874551,16.725346,MEDIUM
15.98101138346333,16.502256,MEDIUM
14.862712914513672,16.31813,MEDIUM
14.58463284190742,15.919342,MEDIUM
18.188098194937503,15.497187,MEDIUM
14.465154539525335,16.297924,MEDIUM
13.196074793762142,15.7831135,MEDIUM
14.234715953038075,15.011942,MEDIUM
13.837359367561977,14.648804,MEDIUM
13.53695544542132,14.382614,MEDIUM
14.794990248666235,14.007753,MEDIUM
4.04448747366617,14.236422,MEDIUM
5.113489231067813,5.6265483,LOW
3.1120864942337345,4.184868,LOW
4.022554816768443,3.1178656,LOW
2.3628401499907294,2.8836672,LOW
3.581502991818409,2.6698766,LOW
0.8404448633298376,3.9301038,LOW
3.8275592099611746,3.3196,LOW
2.7357884444618596,3.2496867,LOW
3.3519395794518996,3.072598,LOW
4.286647311971906,3.0900326,LOW
1.7747541208740856,3.1731234,LOW
3.592714418758524,2.8964512,LOW
2.8476792160927857,3.1795435,LOW
6.920636894208837,3.2915587,LOW
3.4860020783463117,4.365181,LOW
2.7178482783353726,4.430258,LOW
10.735308587694469,3.9414585,LOW
6.843799797145246,8.325737,LOW
4.7198891366599245,7.2297606,LOW
6.734069234134877,6.8324122,LOW
5.74665020924218,6.830604,LOW
3.6533134077127283,6.8686385,LOW
7.200644158246216,6.2309966,LOW
4.585066645551796,6.4755588,LOW
2.7364307765610647,6.0464597,LOW
4.727790812284374,5.3097715,LOW
2.8834961468884455,5.01245,LOW
3.7323356274599746,4.511445,LOW
1.8347738958076523,4.3269796,LOW
5.254764211850468,3.726187,LOW
5.967798687999217,3.9505644,LOW
6.263061665602637,4.585469,LOW
6.004656384018401,5.1449404,LOW
3.5855953092060453,5.4621005,LOW
5.718397988724675,5.325696,LOW
5.146089634600138,5.5459785,LOW
4.17217088768386,5.7918806,LOW
3.870991831773691,5.5717444,LOW
2.9924688387510603,5.100741,LOW
6.183234749617574,4.5399017,LOW
5.964632899866061,5.0073338,LOW
6.366483346687504,5.4803023,LOW
6.535471637442498,5.7489233,LOW
3.5356228300564005,5.9775953,LOW
8.401812113739178,5.752901,LOW
8.599839615846367,6.691458,LOW
5.864706920157143,7.436355,LOW
6.531200434420981,7.465457,LOW
9.269281191917152,7.3493576,LOW
6.868705981169686,7.860915,LOW
7.82805542911061,7.977859,LOW
4.9096021825063545,8.3288,LOW
9.321422592113848,7.35955,LOW
4.72047463448545,8.26551,LOW
6.091267332232221,7.0795016,LOW
3.4040481359513866,7.0908403,LOW
7.87992611769506,6.0357842,LOW
4.0751509791737455,6.717328,LOW
4.81761201688945,6.131521,LOW
30.04455501883406,5.8684278,LOW
29.83630221799024,30.74124,HIGH
25.465935868294657,28.934628,HIGH
28.636687597980874,27.124516,HIGH
27.95798011894057,27.60236,HIGH
28.093992638102367,27.402159,HIGH
28.65542376602272,27.77005,HIGH
28.83089539511238,26.11958,HIGH
25.963288885015167,26.99907,HIGH
25.681753116476543,26.631824,HIGH
29.447797265216646,25.245186,HIGH
29.434099522029058,26.515793,HIGH
31.17892244530117,27.605124,HIGH
28.395286180319637,29.453613,HIGH
29.176991792358706,29.37105,HIGH
33.950563550616835,29.681177,HIGH
32.43396978920383,31.847061,HIGH
32.26608825910638,31.927065,HIGH
31.37942402320233,31.975187,HIGH
28.51693323533801,31.629421,HIGH
30.786372946029303,30.153767,HIGH
29.773747778984003,29.262552,HIGH
30.512088512882457,27.870625,HIGH
31.026464298527443,29.032845,HIGH
28.47949665528303,29.298094,HIGH
29.450650046895042,28.358643,HIGH
29.298439262966212,28.174355,HIGH
29.379844468856188,27.431164,HIGH
26.897816252313433,26.913887,HIGH
26.9436471445776,25.960285,HIGH
0.5056327572080361,25.61881,HIGH
3.535504088701702,2.4895349,LOW
4.4109301911256535,2.4442718,LOW
4.824295252497572,1.5468713,LOW
0.038740656586012,2.0538046,LOW
0.5999200245069414,2.186553,LOW
0.20661089481412853,2.2964623,LOW
0.0,2.1530762,LOW
3.869513756106498,1.8781765,LOW
3.2603143006789965,2.1236925,LOW
5.837763568076946,1.9991792,LOW
1.6402601447789211,2.7768507,LOW
3.2264049368971026,2.5534208,LOW
2.820749085146494,2.9575832,LOW
3.4763244700703417,3.394564,LOW
7.891641878794816,3.7170758,LOW
3.7329410229838307,4.8970585,LOW
5.295762491873102,4.846731,LOW
2.0196045477191458,5.001829,LOW
5.679014122082821,4.5587535,LOW
5.413106886218732,4.935482,LOW
4.527772758593118,5.3576293,LOW
4.726956307302866,5.2983522,LOW
5.327452062033767,5.018243,LOW
0.8934300356531963,5.163403,LOW
2.1827053073000555,4.3755455,LOW
3.80183406505484,3.7111864,LOW
2.1661296987963565,3.6998796,LOW
0.9825722294399442,3.383625,LOW
2.111250401868608,2.6597006,LOW
29.84610346911922,2.2679117,LOW
29.28572161413701,31.09627,HIGH
30.421862123116718,28.261383,HIGH
29.10563033269427,29.284657,HIGH
26.481092267807824,28.784225,HIGH
27.24012160349252,27.982191,HIGH
28.5741104477471,27.787746,HIGH
30.53251634940977,26.48588,HIGH
28.610814700052458,27.274368,HIGH
30.296226376838543,27.029795,HIGH
27.303601740180138,28.29906,HIGH
29.408183332264333,27.741295,HIGH
27.823528815003087,28.384575,HIGH
31.233266067492472,27.926392,HIGH
31.12553590264741,29.32366,HIGH
29.000746037495997,29.960043,HIGH
29.575471698175704,29.656593,HIGH
31.068643357281,29.717037,HIGH
26.938003859687104,30.10022,HIGH
31.713298424466267,28.598658,HIGH
29.836730592431074,29.528515,HIGH
32.541819280080595,29.17321,HIGH
29.23651318893713,30.442211,HIGH
31.76411765221531,29.106308,HIGH
28.577578680464484,29.460533,HIGH
29.211142797664152,28.646347,HIGH
29.41318728535903,28.044731,HIGH
25.992786367293427,28.373497,HIGH
30.068299583967047,26.489758,HIGH
27.25978318454409,27.080212,HIGH
25.538549766128554,25.79131,HIGH
24.831430226073355,24.24868,MEDIUM
22.165717493259567,22.457392,MEDIUM
23.36208510244153,21.645847,MEDIUM
22.573349397468263,21.746922,MEDIUM
20.912349529199652,21.484833,MEDIUM
23.6041664624985,21.264023,MEDIUM
22.404832567170903,21.799065,MEDIUM
22.86748327459371,22.027975,MEDIUM
25.826185533017938,22.361927,MEDIUM
22.060855486489103,23.54958,MEDIUM
22.12575404298512,23.083656,MEDIUM
23.652454146678796,22.543758,MEDIUM
24.525970583108393,22.554344,MEDIUM
24.253972830813854,23.196068,MEDIUM
24.41026099087173,23.457691,MEDIUM
25.821795532631405,23.70809,MEDIUM
23.47910722442923,24.479548,MEDIUM
24.25365924409089,24.074322,MEDIUM
24.88876720320026,23.898869,MEDIUM
23.084776164742628,23.942642,MEDIUM
26.08204326223321,23.489464,MEDIUM
23.050273204497092,23.930796,MEDIUM
24.83461996949826,23.597378,MEDIUM
23.86383820883463,23.78329,MEDIUM
24.075162487841126,23.450012,MEDIUM
23.47080285289881,23.579441,MEDIUM
23.208262560237475,23.255081,MEDIUM
23.819894134185994,22.926874,MEDIUM
24.071038808926176,22.839314,MEDIUM
1.3696390042139521,23.037094,MEDIUM
1.652864729182122,2.3434172,LOW
3.1011676776639128,1.3582157,LOW
0.0,1.1332433,LOW
0.0,1.1902965,LOW
0.0,0.9107027,LOW
0.8576840710098192,1.1844462,LOW
0.0,1.4387707,LOW
0.0,1.3577336,LOW
0.0,1.1804501,LOW
3.4670174469313313,1.1096714,LOW
1.5315689832368609,1.3911542,LOW
1.4169717482942463,1.5132484,LOW
3.5044951173648844,1.5238228,LOW
2.0406136801661505,1.6682267,LOW
1.7027374137134963,1.922731,LOW
1.3476063328881782,2.220629,LOW
0.5739876459951763,2.0972571,LOW
3.1343417390736867,1.9408462,LOW
3.2633582999931043,2.2351537,LOW
1.3572465015085138,2.3119771,LOW
2.413550404434151,2.070215,LOW
1.713439761311144,2.1295333,LOW
2.9231304938077907,2.066737,LOW
0.7727620087947198,2.4573011,LOW
3.610506605808423,2.2365894,LOW
1.4081872945626532,2.3906121,LOW
0.0,2.2254457,LOW
0.14381252579511017,1.8823034,LOW
2.403265529483587,1.713163,LOW
12.422562375321945,1.8170198,LOW
12.494841796307645,13.292038,MEDIUM
13.137177377321335,12.34404,MEDIUM
13.921780553285174,12.094334,MEDIUM
11.35106830270004,12.171167,MEDIUM
10.58090197496209,12.129309,MEDIUM
9.974690068965657,12.210264,MEDIUM
10.183701905050054,11.50728,MEDIUM
12.04096681235172,10.962988,MEDIUM
12.57026174720644,11.555294,MEDIUM
13.40101723223232,11.894772,MEDIUM
10.863856822362884,12.461985,MEDIUM
14.479087845838675,12.149227,MEDIUM
13.271434303058033,13.258471,MEDIUM
15.4088703475481,13.533241,MEDIUM
15.828508481637996,14.469351,MEDIUM
15.379887264122322,15.04665,MEDIUM
14.450745941140445,15.710251,MEDIUM
14.315081593270882,15.509996,MEDIUM
16.64013272667581,15.458111,MEDIUM
16.597356207129238,15.939001,MEDIUM
15.831803547465112,16.325424,MEDIUM
14.998575761180192,16.28943,MEDIUM
15.414756157353791,16.066025,MEDIUM
14.524649772084775,16.11259,MEDIUM
13.937369932604101,15.689075,MEDIUM
14.173621838429472,15.017162,MEDIUM
12.294751382714919,14.93018,MEDIUM
11.809006379572198,14.066057,MEDIUM
10.227595932634793,13.381208,MEDIUM
20.390812750417126,12.293858,MEDIUM
20.57936330974642,20.338902,MEDIUM
21.016377035240943,20.30798,MEDIUM
21.977923413973365,20.770767,MEDIUM
19.510145670574133,20.901793,MEDIUM
21.293598032721356,20.769846,MEDIUM
18.72788436020234,20.93199,MEDIUM
17.92495949019856,19.804756,MEDIUM
19.49217192437186,18.793098,MEDIUM
17.74404329757924,18.829044,MEDIUM
16.924339465854615,18.365374,MEDIUM
19.800565116055715,18.135756,MEDIUM
21.52404368607378,18.793503,MEDIUM
20.58053246166754,19.89401,MEDIUM
20.653103103703984,20.273006,MEDIUM
19.338045686430377,20.612957,MEDIUM
21.323282247722272,20.326244,MEDIUM
23.44577465013345,20.60938,MEDIUM
21.963876054054367,21.784767,MEDIUM
23.373958969813295,21.980812,MEDIUM
19.535364197615102,22.557877,MEDIUM
25.015066613539027,21.533588,MEDIUM
20.87983235057976,23.3796,MEDIUM
23.8756956684225,22.301552,MEDIUM
21.800550240467135,22.96494,MEDIUM
20.088206318165426,22.150026,MEDIUM
17.20932755262602,21.36083,MEDIUM
20.34571642613951,19.547482,MEDIUM
17.818486645466145,19.081799,MEDIUM
18.77051855425527,18.483751,MEDIUM
17.3403217672189,18.618631,MEDIUM
18.0600590319587,17.813967,MEDIUM
17.53884149566628,17.697018,MEDIUM
13.353046738974454,17.512768,MEDIUM
14.24925210442018,15.937744,MEDIUM
14.639327495235403,15.268126,MEDIUM
14.394773546710049,15.187271,MEDIUM
17.553873264557897,14.951332,MEDIUM
15.585776725201708,16.120398,MEDIUM
16.517400374653832,16.22085,MEDIUM
14.251442208519359,16.532265,MEDIUM
13.084299116466307,16.04263,MEDIUM
15.858223316539124,15.348116,MEDIUM
16.234494372569046,15.660955,MEDIUM
16.660414337503447,15.856491,MEDIUM
20.230662003141937,16.288502,MEDIUM
17.223277965450002,17.911634,MEDIUM
20.76669003555068,18.194748,MEDIUM
16.864633349306438,19.35468,MEDIUM
18.258198523969103,18.590763,MEDIUM
18.291408121530306,18.610613,MEDIUM
18.87262647647444,18.394686,MEDIUM
17.939552740330196,18.647985,MEDIUM
17.447330700829973,18.37928,MEDIUM
13.737463577306736,18.062939,MEDIUM
15.781223641102942,16.455183,MEDIUM
15.350491063312848,16.018578,MEDIUM
15.538788236684336,15.717815,MEDIUM
15.233797291438615,15.874714,MEDIUM
16.294703828604483,15.895733,MEDIUM
0.0,16.183874,MEDIUM
0.0,0.7716898,LOW
0.0,0.12288606,LOW
0.0,0.16446757,LOW
0.0,0.44546413,LOW
0.0,0.6370802,LOW
0.0,0.88334477,LOW
0.0,0.88845634,LOW
0.0,0.8908452,LOW
0.0,0.897679,LOW
0.0,0.8481467,LOW
0.0,0.82377195,LOW
0.0,0.87282765,LOW
0.0,0.9296082,LOW
0.0,0.926844,LOW
0.0,0.89399374,LOW
0.0,0.93410707,LOW
0.0,0.9803251,LOW
0.0,0.9906081,LOW
0.0,0.98003757,LOW
0.0,0.9876838,LOW
0.0,1.0366043,LOW
0.0,1.0317096,LOW
0.0,1.0090152,LOW
0.0,1.000458,LOW
0.0,0.983577,LOW
0.0,0.96155906,LOW
0.0,0.9465214,LOW
0.0,0.9342128,LOW
0.0,0.9191791,LOW
0.0,0.91068065,LOW
0.0,0.9706787,LOW
0.0,0.9478637,LOW
0.0,0.9247341,LOW
0.0,0.9038427,LOW
0.0,0.902357,LOW
0.0,0.9408053,LOW
0.0,0.870407,LOW
0.0,0.82964814,LOW
0.0,0.8116094,LOW
0.0,0.78992856,LOW
0.0,0.7570957,LOW
0.0,0.8101537,LOW
0.0,0.7927481,LOW
0.0,0.8202957,LOW
0.0,0.8397453,LOW
0.0,0.8815304,LOW
0.0,0.8569932,LOW
0.0,0.8724855,LOW
0.0,0.89880073,LOW
0.0,0.94675124,LOW
0.0,0.91120327,LOW
0.0,0.87710094,LOW
0.0,0.8690227,LOW
0.0,0.9331056,LOW
0.0,0.9236525,LOW
0.0,0.9124539,LOW
0.0,0.9261708,LOW
0.0,0.8977512,LOW
0.0,0.94220746,LOW
10.937389223508836,0.89561605,LOW
11.501942114696291,11.120205,MEDIUM
9.23419229830509,10.434431,MEDIUM
7.537166021174183,9.365954,LOW
11.993023520980897,8.60482,LOW
9.50875330044729,9.476186,LOW
10.683161929664879,9.730419,LOW
9.572652146829277,10.473892,MEDIUM
9.129938547720748,10.307974,MEDIUM
12.945560055326798,10.238714,MEDIUM
12.130123711527837,10.967508,MEDIUM
12.22711196110946,11.406757,MEDIUM
12.543441684158063,11.721762,MEDIUM
11.75245956805671,12.0665,MEDIUM
12.087721680558456,12.209078,MEDIUM
13.433973627912051,12.357275,MEDIUM
10.855894616975792,12.896265,MEDIUM
13.880928578174487,12.346226,MEDIUM
12.731604753803541,12.968103,MEDIUM
10.559043326725533,13.007004,MEDIUM
14.028074107314731,12.2441025,MEDIUM
14.999598588771498,13.018671,MEDIUM
16.568173431980306,13.678785,MEDIUM
12.534618933401099,14.763237,MEDIUM
14.308611722339512,14.344824,MEDIUM
7.372690632700266,14.490171,MEDIUM
14.15004279344797,9.641043,LOW
11.513333440550223,13.25205,MEDIUM
12.183153192370598,12.228384,MEDIUM
8.69492500055547,12.017414,MEDIUM
2.367371653098635,11.024822,MEDIUM
0.9804351448392286,3.0260243,LOW
0.7215300056812879,1.7033708,LOW
1.6419376478990682,1.0155449,LOW
1.335676625832729,1.3209553,LOW
0.0,1.8062315,LOW
4.3125484955802555,1.7060463,LOW
1.5558871689706848,1.9962171,LOW
0.0,1.9407296,LOW
0.0,1.7261821,LOW
0.5875418119369984,1.5802734,LOW
3.9123479170512647,1.5571216,LOW
1.247406561164789,2.0586634,LOW
0.0,1.7330147,LOW
2.508953275843254,1.5502244,LOW
4.517960866831046,1.6123296,LOW
6.9262939096398215,2.287012,LOW
3.0212734477539342,3.7965422,LOW
3.2932426682327236,3.6186154,LOW
5.726614208175858,3.4322007,LOW
7.983155763015217,4.288065,LOW
5.2222216637567165,5.740858,LOW
4.0997274237656205,6.0781755,LOW
5.247848428129677,5.5035176,LOW
3.2473108357464966,5.376111,LOW
3.3779142112750655,5.2070084,LOW
4.216502474594192,4.7374883,LOW
3.042941031743858,4.5288963,LOW
2.262006732153921,4.1039505,LOW
1.8767184963479915,3.6688178,LOW
31.76568582081041,3.0856078,LOW
30.559646861020013,32.778645,HIGH
31.33972754373855,29.891903,HIGH
30.51707443651604,30.3074,HIGH
29.21451692418417,30.1986,HIGH
29.421403181824953,29.688095,HIGH
29.628976569052433,29.74961,HIGH
30.064733922784693,27.544613,HIGH
31.882386914641373,28.242344,HIGH
29.66149770399124,29.683353,HIGH
27.804793165140833,29.488657,HIGH
29.87307266932416,28.67281,HIGH
31.28110429879574,28.299725,HIGH
31.09371011023599,28.728058,HIGH
31.815393546212498,29.42461,HIGH
33.23004320008805,30.555258,HIGH
33.677274898315645,32.05262,HIGH
33.43659480283385,32.798363,HIGH
33.363374097770816,33.145363,HIGH
33.13097599675489,33.012455,HIGH
33.7250640947592,33.116024,HIGH
33.59163936650018,33.106216,HIGH
31.343527522347028,32.575436,HIGH
33.0569438644267,31.378067,HIGH
34.06014305342092,31.351645,HIGH
31.346758952015122,31.662601,HIGH
30.245459878511863,30.760506,HIGH
29.343032073207652,29.772526,HIGH
29.61079310435818,28.205505,HIGH
28.93373861512959,28.072832,HIGH
27.53655880769812,27.109497,HIGH
23.763648684684743,25.334295,HIGH
23.653389408604106,23.291498,MEDIUM
23.829304629631167,22.078117,MEDIUM
23.64994532445455,21.910364,MEDIUM
21.968179946021362,22.410843,MEDIUM
26.18949705982741,21.894714,MEDIUM
24.26201524422496,23.615158,MEDIUM
21.255106838910983,23.702343,MEDIUM
23.84660880647995,22.715656,MEDIUM
26.5523895838975,22.486557,MEDIUM
24.148315800093663,24.02229,MEDIUM
24.626935839746018,23.990398,MEDIUM
22.82463085081398,24.193378,MEDIUM
27.726893446106,23.804085,MEDIUM
26.718285030279496,25.367788,HIGH
23.813772017536895,25.443083,HIGH
27.673023614817943,25.316753,HIGH
28.777890621169597,26.135624,HIGH
26.479319995458262,26.825909,HIGH
24.589526218594962,26.529423,HIGH
28.029242233469848,25.569395,HIGH
24.710009057812698,26.173561,HIGH
24.2486861178042,25.006393,HIGH
26.634119689166873,24.219143,MEDIUM
25.112842543991476,24.254107,MEDIUM
24.780655045097145,24.3036,MEDIUM
23.986995750454167,24.086483,MEDIUM
25.16938839676945,23.653683,MEDIUM
22.961923204496404,24.00023,MEDIUM
14.67115796082577,23.311417,MEDIUM
15.769989589332246,14.027037,MEDIUM
16.959612444652088,13.837042,MEDIUM
14.57938602369144,15.3286495,MEDIUM
13.292621714464726,15.159321,MEDIUM
13.722982236358586,14.596615,MEDIUM
14.345438006107518,14.387613,MEDIUM
15.20103683668704,14.640213,MEDIUM
18.434700072637597,14.851194,MEDIUM
15.957605840890341,16.328701,MEDIUM
16.474748626868774,16.383379,MEDIUM
15.879656752107874,16.676577,MEDIUM
13.5271010821841,16.516262,MEDIUM
17.365786354471332,15.692162,MEDIUM
15.364462294060733,16.413954,MEDIUM
17.792433424475,16.083847,MEDIUM
18.12566962887683,16.80583,MEDIUM
16.740233978495283,17.246319,MEDIUM
17.663560844430226,17.358667,MEDIUM
19.242198666554255,17.59269,MEDIUM
19.96336872169381,18.299232,MEDIUM
16.12466656804385,18.976917,MEDIUM
16.86773504008627,17.966541,MEDIUM
18.059770676799417,17.389143,MEDIUM
18.313849228184292,17.557411,MEDIUM
18.584247787349163,17.727089,MEDIUM
17.248088726577112,17.972618,MEDIUM
17.846955198214488,17.87757,MEDIUM
17.36741962607457,17.89981,MEDIUM
16.595183756692578,17.731588,MEDIUM
29.814866541678825,17.050604,MEDIUM
29.53846898935562,29.747124,HIGH
28.269922581001815,28.815716,HIGH
30.554122781508593,28.658844,HIGH
28.850063803192647,29.256912,HIGH
27.53425663719665,29.117008,HIGH
27.24341483142265,28.94238,HIGH
26.509538969304835,26.472116,HIGH
29.038103538169786,25.696707,HIGH
27.93695707021321,26.258244,HIGH
26.75687578350682,26.273235,HIGH
27.501281213848088,26.161518,HIGH
30.08576668361084,26.584345,HIGH
28.431197007728812,28.242851,HIGH
29.908100507803972,28.583004,HIGH
32.619024903855774,29.14035,HIGH
30.22910774311663,30.721972,HIGH
30.553714779930882,30.573328,HIGH
31.30966565242386,30.440634,HIGH
29.815701219004886,30.505249,HIGH
31.629663634192923,30.314875,HIGH
31.32167481555321,30.520206,HIGH
31.95535405428678,30.184149,HIGH
30.193953658272903,30.835209,HIGH
30.566490602297357,30.027851,HIGH
31.232491772928242,29.376057,HIGH
27.013997677110826,29.17255,HIGH
29.139950346475924,26.870571,HIGH
29.4916193865822,26.917622,HIGH
28.51824308464471,26.779274,HIGH
22.357307405537206,26.898758,HIGH
20.650865973008543,22.491524,MEDIUM
21.900644927572117,20.72852,MEDIUM
21.680181958367903,20.239796,MEDIUM
21.515633409757466,20.31791,MEDIUM
21.67217632928734,20.507633,MEDIUM
19.9828481578509,20.852009,MEDIUM
20.494718066883642,20.731874,MEDIUM
19.85133231232215,20.44931,MEDIUM
18.809401925720262,20.026289,MEDIUM
20.930903913812617,19.43514,MEDIUM
22.31928657783785,19.70862,MEDIUM
21.917280546847564,20.706024,MEDIUM
23.116536992691373,21.420885,MEDIUM
19.66233853154736,22.127914,MEDIUM
22.662474585879593,21.578024,MEDIUM
23.818983386286114,21.796093,MEDIUM
23.809606790019537,22.456276,MEDIUM
22.49617358515846,23.12918,MEDIUM
25.39126592063341,22.904503,MEDIUM
19.329351017282885,23.679712,MEDIUM
25.23397183362991,22.019573,MEDIUM
25.29780294886605,23.571293,MEDIUM
24.19533010783045,23.63869,MEDIUM
25.704316912991786,24.044466,MEDIUM
22.214035857011876,24.373125,MEDIUM
23.174876068165105,23.617777,MEDIUM
19.80702229285087,22.981182,MEDIUM
20.370098153261047,21.3769,MEDIUM
20.368444125264418,20.489246,MEDIUM
20.218293277125138,19.835623,MEDIUM
26.05584519915838,20.533808,MEDIUM
22.84769610717457,24.150734,MEDIUM
23.467707873690074,23.817167,MEDIUM
22.38305310645189,23.895561,MEDIUM
21.735433089923603,23.41108,MEDIUM
24.265147170111128,22.688852,MEDIUM
21.640200479414375,22.834711,MEDIUM
22.862134893044953,22.176388,MEDIUM
23.454005213764535,22.41863,MEDIUM
24.11822581267438,22.525057,MEDIUM
23.305446604484377,23.179844,MEDIUM
23.255097157698966,23.135643,MEDIUM
25.60729826868536,23.00925,MEDIUM
26.083718824091605,23.96558,MEDIUM
24.772445036708493,24.856522,MEDIUM
27.64069287318589,25.032578,HIGH
27.08654771531659,26.155537,HIGH
25.97049554624789,26.500921,HIGH
26.29634011884407,26.221504,HIGH
24.750201360713532,25.78145,HIGH
23.14430613829949,25.017548,HIGH
25.449764547091107,24.024647,MEDIUM
23.147313650005295,23.873783,MEDIUM
25.22393297045015,23.286045,MEDIUM
26.708244844738267,23.870033,MEDIUM
26.000340104656907,24.515987,MEDIUM
23.39613102023156,24.928741,MEDIUM
24.55112783060507,24.224216,MEDIUM
22.20035590877584,24.05058,MEDIUM
28.32248330178312,23.138802,MEDIUM
26.02353131734858,23.644573,MEDIUM
23.569926014495152,22.89384,MEDIUM
23.363264571945688,22.672306,MEDIUM
26.191616146262334,22.349537,MEDIUM
21.258099247546163,23.599686,MEDIUM
23.571407554399165,22.629118,MEDIUM
23.280809344730386,22.395811,MEDIUM
23.847240260921275,22.628426,MEDIUM
23.46912196425816,23.120089,MEDIUM
25.3321785058081,22.977451,MEDIUM
27.582448319809796,23.715324,MEDIUM
23.158214591871157,25.195412,HIGH
28.193426749063928,24.582151,MEDIUM
27.35294043847887,25.918915,HIGH
24.51072562779569,26.2229,HIGH
28.801026564565348,25.583506,HIGH
28.880624191638642,26.59505,HIGH
28.198720762120256,27.315542,HIGH
27.23483738916615,27.408197,HIGH
27.42559585403619,27.29264,HIGH
25.527680386386542,27.223518,HIGH
30.168562331519738,26.110687,HIGH
27.769973724334356,27.354198,HIGH
28.34042279775337,27.125011,HIGH
23.584215478410417,27.341984,HIGH
24.674201094869858,24.576221,MEDIUM
23.253517980217158,24.385998,MEDIUM
24.102968899633773,23.215208,MEDIUM
23.723030180493094,22.825191,MEDIUM
40.14458498451395,22.940222,MEDIUM
38.048154142285675,36.306004,HIGH
40.90349382836522,36.526035,HIGH
36.61339491836354,37.96709,HIGH
36.55060948046142,36.89706,HIGH
41.081696389588615,37.08322,HIGH
34.67179831213196,38.06635,HIGH
37.831014652659235,34.646885,HIGH
39.59879372060176,34.53867,HIGH
37.33829058228559,35.75981,HIGH
38.9002207457823,37.24876,HIGH
36.6014073335475,38.03541,HIGH
36.62798309804639,37.94939,HIGH
38.95690736666942,37.65259,HIGH
38.71523650159713,37.188812,HIGH
39.756507905888895,37.25957,HIGH
38.772971542656016,38.43952,HIGH
41.36300052454655,38.89374,HIGH
42.74008377365279,39.960857,HIGH
39.35544974406942,40.53168,HIGH
38.669231607057185,39.650524,HIGH
40.65138642325298,39.588696,HIGH
35.75122152822891,39.448956,HIGH
38.87563525265249,37.634834,HIGH
38.17153258802828,37.54275,HIGH
35.70027320553731,36.821968,HIGH
40.03714762841882,35.471302,HIGH
37.95783370605917,36.07336,HIGH
40.430324066991666,35.060978,HIGH
35.979796446827166,37.09503,HIGH
19.79773687096374,35.458656,HIGH
18.82050121978342,18.410542,MEDIUM
20.24570343643554,19.532562,MEDIUM
18.54494942369561,19.537853,MEDIUM
17.350620314278107,18.493917,MEDIUM
14.899994731631375,17.582657,MEDIUM
16.62655253215794,15.834898,MEDIUM
18.284807852283784,16.626665,MEDIUM
13.425239112605503,17.171816,MEDIUM
19.64913170747854,15.987856,MEDIUM
18.24589890780692,17.811958,MEDIUM
18.283387064905433,18.134657,MEDIUM
17.049617964263057,18.41418,MEDIUM
18.10531645865422,18.002186,MEDIUM
18.44234404366847,18.353401,MEDIUM
19.673854676139825,18.54299,MEDIUM
19.097922424714866,19.225298,MEDIUM
20.99853814717069,19.342995,MEDIUM
20.25717776135332,20.095722,MEDIUM
18.2884229596715,20.141289,MEDIUM
21.245725259982596,19.558426,MEDIUM
18.269393193936203,20.028471,MEDIUM
22.168555427560676,19.350945,MEDIUM
19.606505643045377,20.45206,MEDIUM
21.2630098435469,19.954151,MEDIUM
18.39360498328108,20.550522,MEDIUM
16.242900409726797,19.779451,MEDIUM
17.357037630460603,18.248138,MEDIUM
17.46017416842188,17.423668,MEDIUM
15.298188063467444,17.218777,MEDIUM
0.0,16.628014,MEDIUM
0.0,0.658162,LOW
1.967087578460034,0.2156893,LOW
0.9003832761105626,0.34002066,LOW
0.0,0.71313834,LOW
2.572719382931904,1.0749156,LOW
0.9016621511923981,1.4768373,LOW
0.0,1.5018066,LOW
0.6277411815709995,1.5404443,LOW
0.0,1.4919137,LOW
0.2943917479054763,1.4551256,LOW
0.27220967591074974,1.480584,LOW
2.534322963247602,1.4110589,LOW
0.0,1.4900216,LOW
3.2438526959991547,1.468433,LOW
4.64799638904881,1.6332482,LOW
1.2711485804337466,2.172384,LOW
1.7177854517233095,2.1763458,LOW
1.6846171210815832,2.1479712,LOW
1.6185075428913045,2.1207867,LOW
2.131670676540196,2.3036962,LOW
1.1182788070428842,2.3487294,LOW
3.8939483196830382,1.9256704,LOW
1.7375617239668095,2.2268429,LOW
2.7015736261326575,2.2047153,LOW
0.0,2.2592733,LOW
0.9527645477213147,1.9587554,LOW
0.0,1.9196191,LOW
0.0,1.7293696,LOW
1.5881688151294937,1.5314738,LOW
25.213775783278273,1.4997149,LOW
24.92376880551727,26.923536,HIGH
26.47127392668711,23.994865,MEDIUM
25.307553301474073,24.833803,MEDIUM
26.066290052715893,24.669075,MEDIUM
25.615747842350736,25.001265,HIGH
24.66761178481229,25.029734,HIGH
24.515373541895634,24.39083,MEDIUM
26.921955664899265,23.777649,MEDIUM
26.89854629778226,24.634293,MEDIUM
26.740027051162198,25.327583,HIGH
26.365027046759803,25.962307,HIGH
26.749812663056066,26.016748,HIGH
28.210612113328494,25.995358,HIGH
26.249768733265512,26.43145,HIGH
27.28118995116924,26.049358,HIGH
26.21072010361802,26.630976,HIGH
28.06710573813782,26.383804,HIGH
26.82140456607827,26.7179,HIGH
29.93677759208062,26.279585,HIGH
28.217813477558543,27.615564,HIGH
28.84268419396184,27.536625,HIGH
28.7192023286287,27.93015,HIGH
27.252536528866077,27.925472,HIGH
27.476374764247854,27.218163,HIGH
27.098086807004375,26.652094,HIGH
25.364023769138306,25.806614,HIGH
25.74578133318639,24.990084,MEDIUM
24.82592429734623,24.38337,MEDIUM
23.868324024430056,23.928429,MEDIUM
35.81772093349391,23.311401,MEDIUM
34.220964285507655,32.761005,HIGH
34.21822542536075,33.73141,HIGH
34.30408274972564,34.50295,HIGH
34.91141456710382,34.24841,HIGH
33.33854084275916,34.34345,HIGH
32.86819261668536,33.72085,HIGH
35.74545663799458,30.713158,HIGH
35.65237663531398,32.341484,HIGH
34.570145645727315,33.415886,HIGH
32.93844292008164,33.873116,HIGH
34.65668070101035,33.269062,HIGH
36.80725602288512,33.74818,HIGH
35.05542136778588,34.720104,HIGH
37.57319081125923,34.305145,HIGH
37.34243083396982,36.186985,HIGH
36.548166966811024,37.03895,HIGH
38.00542653108701,36.9863,HIGH
37.68412574602288,37.104233,HIGH
39.69575087190097,36.887157,HIGH
35.57996091665502,37.83314,HIGH
35.850473556482065,36.404995,HIGH
38.14699451402882,36.464283,HIGH
36.86044351941811,36.226917,HIGH
36.10841870041659,34.50651,HIGH
38.11657500482839,33.89977,HIGH
35.72197869447231,34.2477,HIGH
35.75461223051929,34.54453,HIGH
34.81416322569806,33.56306,HIGH
34.556717544034754,32.61412,HIGH
19.48928186299487,32.59044,HIGH
20.333300651846663,19.019903,MEDIUM
19.882654410607245,19.676813,MEDIUM
16.64590381869047,19.938538,MEDIUM
19.57045121025315,17.839848,MEDIUM
18.563518781291723,18.145514,MEDIUM
19.093298130947414,17.868546,MEDIUM
16.27144005016069,18.80732,MEDIUM
18.43249616820017,17.900652,MEDIUM
19.11422251225038,18.259962,MEDIUM
19.063313651187425,18.56368,MEDIUM
20.35231039319134,18.909512,MEDIUM
16.72998187411139,19.515171,MEDIUM
19.39828020709158,18.728558,MEDIUM
17.975452315734703,19.055622,MEDIUM
20.243959625027358,18.68135,MEDIUM
21.870046747809823,19.33236,MEDIUM
20.46494631597932,20.27878,MEDIUM
22.704292551510722,20.630314,MEDIUM
19.947532202017484,21.606955,MEDIUM
19.472208523777155,21.144777,MEDIUM
20.421991922601133,20.660433,MEDIUM
18.177771872882616,20.14376,MEDIUM
17.872579497110934,19.30332,MEDIUM
18.916358090997846,18.535942,MEDIUM
19.63064381577654,18.370941,MEDIUM
19.648890051724997,19.02621,MEDIUM
18.290041903808284,19.323257,MEDIUM
20.12000678337909,18.838844,MEDIUM
18.40089272386144,19.342,MEDIUM
7.6149183590923055,18.987907,MEDIUM
9.412967214048573,4.4691978,LOW
7.689256917894434,6.801061,LOW
9.881121689367049,6.230607,LOW
7.793893969125623,7.285189,LOW
8.396297323643562,8.627396,LOW
8.335506041111504,9.0405855,LOW
8.5194005823933,8.820339,LOW
7.758152898925795,8.917046,LOW
9.546834307414255,8.742556,LOW
9.428325243226642,9.048645,LOW
11.109927880697963,9.189672,LOW
9.19031303757337,9.869308,LOW
9.540264149092877,9.854998,LOW
11.428564638224042,10.02754,MEDIUM
9.79767018503291,10.424429,MEDIUM
8.508333897513724,10.5235195,MEDIUM
10.157758932482674,10.250036,MEDIUM
11.237674791826716,10.297079,MEDIUM
11.096072663941335,10.507294,MEDIUM
12.482501374752815,10.69273,MEDIUM
8.324126676979565,11.063276,MEDIUM
10.310415741184414,10.619734,MEDIUM
10.683567795625267,10.521969,MEDIUM
11.481643203773977,10.650173,MEDIUM
9.739428359589702,10.837042,MEDIUM
11.494261058714685,10.723188,MEDIUM
9.127119300395364,10.812656,MEDIUM
8.908314127372414,10.494606,MEDIUM
8.006037367984419,10.265026,MEDIUM
18.815947248756267,9.868336,LOW
19.298826189661575,18.84032,MEDIUM
18.993426362480967,18.188023,MEDIUM
16.812860619620743,18.713114,MEDIUM
20.878583602308723,18.040436,MEDIUM
17.173097834633445,19.136871,MEDIUM
18.25723097692227,18.470419,MEDIUM
18.394638066694288,18.186731,MEDIUM
15.974982696391109,18.215069,MEDIUM
18.21984888348992,17.43682,MEDIUM
18.82089384912817,17.466791,MEDIUM
18.235296816118442,17.984991,MEDIUM
19.734416577870743,18.311653,MEDIUM
17.9292677152105,18.79573,MEDIUM
17.06255236778413,18.471924,MEDIUM
20.02598037054964,18.025993,MEDIUM
21.54574085967905,18.720098,MEDIUM
20.093476957914383,19.764374,MEDIUM
19.45106691937295,19.949669,MEDIUM
21.554087785812655,19.934452,MEDIUM
21.381037381826065,20.3452,MEDIUM
21.514166063160772,20.731882,MEDIUM
17.055454596810385,21.024466,MEDIUM
19.68764693580707,19.425617,MEDIUM
19.417194505777594,18.918308,MEDIUM
18.80672544809559,18.745722,MEDIUM
20.68712276728838,18.656,MEDIUM
16.34954086470718,19.253937,MEDIUM
17.904962839990134,18.175522,MEDIUM
17.873160905671543,17.716501,MEDIUM
3.97590179972479,17.39838,MEDIUM
9.11429940485409,3.4251401,LOW
6.977168982705043,5.802548,LOW
5.474624446130658,5.9458957,LOW
4.094829416319058,6.359083,LOW
4.786323691816824,5.0014486,LOW
4.253817009569216,5.5225515,LOW
0.9978222708214872,5.6468587,LOW
6.003075955622585,4.2905817,LOW
5.660593289173214,4.7970257,LOW
6.627004271507474,5.114987,LOW
6.152486499796677,5.6713576,LOW
6.86676835971644,5.813419,LOW
7.840510267921932,6.0849166,LOW
7.141951386773627,6.661104,LOW
9.0005482339533,7.290935,LOW
7.318784605364721,7.777403,LOW
7.565261243607646,7.979959,LOW
7.433977549869946,8.205916,LOW
9.64899602651626,8.381435,LOW
7.653936802858393,8.997835,LOW
6.286733219596957,8.912741,LOW
8.468345978094119,8.546015,LOW
8.056218435928148,8.5244465,LOW
6.59124518780882,8.580568,LOW
7.475222932423204,8.396158,LOW
9.093686139842836,8.207907,LOW
6.10881190772138,8.320833,LOW
7.346414217864552,8.119423,LOW
4.489091314701346,8.065168,LOW
31.91435312069839,7.1489635,LOW
27.122912286351934,32.294514,HIGH
28.69208912881083,28.689417,HIGH
25.014819593812955,28.194796,HIGH
25.886990881414096,26.946161,HIGH
23.914545047465776,26.6556,HIGH
26.708923874835254,25.769276,HIGH
27.3893645484167,24.398735,MEDIUM
27.477629332670674,25.359852,HIGH
27.696211725725256,25.958313,HIGH
28.13538743799664,26.705389,HIGH
29.26474263109956,27.253752,HIGH
26.8248245917124,27.80597,HIGH
29.626712203756416,27.01884,HIGH
29.265413771504157,28.121143,HIGH
28.92502364130973,28.312178,HIGH
30.21412022954691,28.63212,HIGH
28.82133752218462,29.474617,HIGH
31.798620897765822,28.878883,HIGH
28.081659356030755,29.740643,HIGH
31.411964232026108,28.202517,HIGH
31.24159532114517,29.588655,HIGH
27.935612787964004,30.086456,HIGH
29.402987469633366,28.958069,HIGH
27.555604151451952,29.109623,HIGH
30.431908121318912,27.374525,HIGH
29.92979062145153,27.906132,HIGH
28.24594415874494,27.5997,HIGH
25.89238438832421,27.1534,HIGH
28.83322847506223,26.389856,HIGH
17.148417079382465,26.634655,HIGH
16.61048534017898,16.54783,MEDIUM
15.747217270284505,15.882097,MEDIUM
13.18113728961076,15.243271,MEDIUM
11.853874570012582,14.307323,MEDIUM
14.045944314324998,13.390453,MEDIUM
11.59819063551057,13.257586,MEDIUM
12.131298153852303,13.271326,MEDIUM
14.312467066728857,12.860134,MEDIUM
12.566690819751827,13.527576,MEDIUM
13.839929165695334,13.238546,MEDIUM
13.407084550130225,13.496634,MEDIUM
14.520994440679747,13.631411,MEDIUM
13.41123823490875,14.05151,MEDIUM
14.860433656924311,14.021509,MEDIUM
15.527790163060303,14.536858,MEDIUM
16.132465835829592,15.170118,MEDIUM
18.744536961863943,15.744951,MEDIUM
17.061954308123763,16.755596,MEDIUM
15.637812596606,16.885252,MEDIUM
15.965848319798749,16.666048,MEDIUM
17.026298396689278,16.474487,MEDIUM
16.67926019454548,16.649157,MEDIUM
18.32659269517157,16.627975,MEDIUM
13.959970211894397,17.219034,MEDIUM
16.75530366884751,16.184807,MEDIUM
12.434163303912634,16.324352,MEDIUM
16.5275661186733,15.090195,MEDIUM
11.976983917626322,15.531542,MEDIUM
13.628926531820259,14.327324,MEDIUM
22.911745993296464,14.0625,MEDIUM
20.684690707375847,21.132048,MEDIUM
21.63817476436126,20.888145,MEDIUM
22.100900491291277,21.219646,MEDIUM
20.42580204324602,21.41054,MEDIUM
18.951492035558335,21.186155,MEDIUM
22.03401154212113,20.136557,MEDIUM
20.904913242946954,20.171055,MEDIUM
24.226547936290213,20.3521,MEDIUM
20.470034982464263,21.952112,MEDIUM
19.831499421139842,21.4206,MEDIUM
19.664026810987725,20.979294,MEDIUM
20.894491137021415,20.122517,MEDIUM
21.144903813936658,20.07137,MEDIUM
24.23070517617444,20.352743,MEDIUM
21.320211444021552,22.046337,MEDIUM
24.805800878662495,21.820675,MEDIUM
25.611821380130625,23.26627,MEDIUM
21.302578971111174,24.17195,MEDIUM
22.38342674315173,23.414341,MEDIUM
23.889338875412164,22.572367,MEDIUM
23.65653886113734,22.519491,MEDIUM
18.886968015774464,22.76797,MEDIUM
20.97468904400275,21.031342,MEDIUM
23.964906234520726,20.417109,MEDIUM
23.151124282803554,21.57784,MEDIUM
24.470897408529126,22.241192,MEDIUM
21.35633863184103,23.07542,MEDIUM
17.824153502457676,22.512592,MEDIUM
23.20120099402219,19.849392,MEDIUM
8.410545509758759,20.855837,MEDIUM
10.082731658377734,8.178343,LOW
5.277267613386956,9.035534,LOW
10.848687013062218,6.512326,LOW
10.122427182769318,9.164333,LOW
7.067999170341125,9.031964,LOW
8.499493248630593,9.353727,LOW
10.773276002148092,9.5912285,LOW
8.490466916607193,10.152987,MEDIUM
8.62463085478086,9.916004,LOW
5.95653009876556,9.993103,LOW
6.8475074071871695,8.956461,LOW
7.105319284003308,8.648941,LOW
6.077865842493477,8.535566,LOW
10.863124055815506,8.257875,LOW
9.980424778944274,9.61108,LOW
10.596451554646032,9.550781,LOW
11.858148060836252,9.964003,LOW
12.821763812459194,10.55777,MEDIUM
10.47392947092704,11.605396,MEDIUM
10.748120522279532,11.68211,MEDIUM
11.837530492453112,11.886757,MEDIUM
12.569012734835725,12.198738,MEDIUM
11.61188108821911,12.6043415,MEDIUM
7.615290304436261,12.540678,MEDIUM
9.156201036800741,10.881359,MEDIUM
9.284119771221551,10.541382,MEDIUM
7.48388091930893,10.391335,MEDIUM
5.595070725054715,9.988981,LOW
7.4780769729278855,9.036036,LOW
13.262291580763584,8.694238,LOW
12.412429467206003,10.259829,MEDIUM
10.723308123897137,10.155502,MEDIUM
13.120826293832385,10.1439,MEDIUM
12.666660885503392,10.483543,MEDIUM
10.931051152237025,11.333118,MEDIUM
12.57527537475192,11.602377,MEDIUM
12.271196480475183,12.479765,MEDIUM
12.370656464576568,12.456303,MEDIUM
12.37897413646809,12.624992,MEDIUM
14.61958502957977,12.655325,MEDIUM
16.02646133167344,13.3573,MEDIUM
10.28565857448071,14.330444,MEDIUM
16.051656385348267,13.426495,MEDIUM
13.21987834731652,15.00622,MEDIUM
10.544119159437681,14.362366,MEDIUM
16.964276241201297,13.408306,MEDIUM
17.613070210508845,15.170296,MEDIUM
15.136248148963903,16.086725,MEDIUM
13.544255018363357,16.091297,MEDIUM
14.55598671750527,15.503258,MEDIUM
15.071874188917395,15.323208,MEDIUM
13.244066266835793,15.302492,MEDIUM
16.888147361870974,14.705305,MEDIUM
14.51267590513894,15.598797,MEDIUM
11.976863935366755,15.277847,MEDIUM
10.120081623610252,14.343166,MEDIUM
13.047240771006706,12.864056,MEDIUM
11.686374912827139,12.835691,MEDIUM
14.88388216321325,12.362661,MEDIUM
11.634014199948055,13.296299,MEDIUM
8.925310061442538,12.383648,MEDIUM
9.637468860511117,11.032309,MEDIUM
7.4558260529380265,10.587986,MEDIUM
8.341324517193158,9.740345,LOW
10.26750178186255,9.479589,LOW
9.47423609965814,9.885534,LOW
9.772105558239767,9.774952,LOW
8.517155956886317,9.693943,LOW
9.240480315247996,9.524504,LOW
9.703082950925182,9.580257,LOW
9.189462750661336,9.8023815,LOW
10.281577968748152,9.908693,LOW
10.98581528546371,10.083,MEDIUM
9.053674937584049,10.31399,MEDIUM
10.016891987553908,10.1849575,MEDIUM
12.06564139844116,10.266169,MEDIUM
10.727292602570683,10.689777,MEDIUM
12.15655681055237,10.782801,MEDIUM
12.60788697975661,11.247047,MEDIUM
11.933970483861998,11.64612,MEDIUM
11.53889401160458,11.921505,MEDIUM
11.801998428975914,11.901665,MEDIUM
9.975188610352077,12.015532,MEDIUM
10.225375531261657,11.333939,MEDIUM
10.93463012749927,10.960737,MEDIUM
10.789690265252212,10.932686,MEDIUM
8.3755202696359,10.863131,MEDIUM
10.966146327416352,10.440678,MEDIUM
9.772155321654576,10.5317745,MEDIUM
29.55979829572211,10.421066,MEDIUM
28.35835693898462,28.912539,HIGH
26.94151950635442,27.768908,HIGH
25.97768173064768,27.272484,HIGH
25.987576014083107,26.67617,HIGH
26.143230630171082,26.374668,HIGH
27.381409585310934,26.05143,HIGH
27.00317420398368,25.414236,HIGH
26.539920320967383,25.627522,HIGH
28.112786483498795,25.612757,HIGH
26.0536429474343,26.13177,HIGH
27.16368164849891,25.874619,HIGH
28.20191729563323,26.306515,HIGH
28.98821352183929,26.8031,HIGH
28.08740263603198,27.704086,HIGH
32.44166746119312,27.855095,HIGH
27.418176712143186,30.654074,HIGH
29.79552183714742,29.391548,HIGH
28.005437693080896,29.790497,HIGH
30.31640186903776,28.845573,HIGH
27.73621949361244,28.930382,HIGH
29.403816437863387,27.489452,HIGH
28.03322332905745,27.326324,HIGH
29.89607262127,27.505657,HIGH
29.652226451569963,27.96976,HIGH
28.456379217222057,28.005323,HIGH
29.704211433378422,27.524746,HIGH
30.211621780528308,27.897476,HIGH
26.763314400640724,27.80534,HIGH
28.27992997562899,27.110905,HIGH
10.872440694077598,26.92429,HIGH
9.068598144085044,8.77338,LOW
8.94150479223716,8.832855,LOW
8.096675596988145,8.884098,LOW
8.113860939558936,8.016743,LOW
6.954600905109089,7.651901,LOW
5.444248274459234,8.071745,LOW
4.157232164829648,7.959073,LOW
5.094798464424953,6.5657153,LOW
8.058892593679206,6.0304456,LOW
6.368167974478734,6.758601,LOW
8.326737084459868,6.826135,LOW
7.90642328647955,7.03318,LOW
8.837185162813089,7.2244506,LOW
8.870638447434354,7.773907,LOW
7.357473979816129,8.382427,LOW
8.822111062288755,8.596524,LOW
13.187617118227973,8.695129,LOW
8.43285248277861,10.585114,MEDIUM
10.55864825387727,10.191713,MEDIUM
10.450082013362767,10.443306,MEDIUM
9.70230198955863,10.424038,MEDIUM
11.915001409291952,10.501955,MEDIUM
10.174329990724226,10.888956,MEDIUM
11.221653265709545,10.738037,MEDIUM
8.43771775712581,10.743774,MEDIUM
5.417658181578059,10.449242,MEDIUM
12.456227021783043,8.154823,LOW
7.529161187806673,10.890463,MEDIUM
8.45049901475773,9.650173,LOW
32.56333073548274,9.366268,LOW
31.18651498578924,32.24978,HIGH
32.82740483039329,30.61989,HIGH
33.55153386421276,31.44545,HIGH
31.20240558237122,31.678406,HIGH
30.08507261669766,31.292673,HIGH
31.045928696385545,31.067211,HIGH
28.531098006245006,28.805138,HIGH
29.522544051927397,27.729233,HIGH
30.400837762419233,27.383018,HIGH
31.646058136919628,27.858997,HIGH
31.36385902176378,29.272564,HIGH
30.7637142029671,29.764053,HIGH
33.332197448974206,29.816822,HIGH
31.771029554144235,31.62083,HIGH
33.176618038903165,31.825396,HIGH
33.28433544476457,32.69918,HIGH
31.82658600980789,33.5865,HIGH
32.59061392673009,33.204792,HIGH
32.759996307155426,32.853226,HIGH
35.15060388689389,31.755642,HIGH
35.334482073341846,32.736465,HIGH
33.85836385593599,33.24798,HIGH
32.196439032335505,32.75386,HIGH
33.00839623521087,32.27969,HIGH
34.234829896644,31.548016,HIGH
31.189922541336017,31.317842,HIGH
28.059750894370254,29.742329,HIGH
30.608050671501154,28.403652,HIGH
29.35775655995868,28.444538,HIGH
26.7236654314843,27.56855,HIGH
27.069179233361105,25.388916,HIGH
26.739644679172258,23.812057,MEDIUM
24.95206249590121,23.685656,MEDIUM
24.45969274224788,23.469818,MEDIUM
27.088390683853376,23.027336,MEDIUM
24.264495847412462,24.272743,MEDIUM
24.98927926991865,24.521797,MEDIUM
23.732000937591376,24.441399,MEDIUM
24.113088487465333,23.91568,MEDIUM
28.844026061035436,23.758884,MEDIUM
24.575910736858475,25.403984,HIGH
26.506969506671002,25.051846,HIGH
26.01310615189532,25.885391,HIGH
28.53391205499809,25.865444,HIGH
27.679887762462926,26.767391,HIGH
29.94401262859941,26.736105,HIGH
29.398384556578698,28.1058,HIGH
27.35669863098182,28.372309,HIGH
28.849614513921765,28.123156,HIGH
30.580649646977264,28.139046,HIGH
27.462062346285798,28.606647,HIGH
27.695925734219607,27.825209,HIGH
26.951942156030782,27.330193,HIGH
26.498755054550173,27.006882,HIGH
26.367840474511155,26.431114,HIGH
25.924842834401353,25.488258,HIGH
26.966970226486218,25.082314,HIGH
26.110460084819636,25.24347,HIGH
24.389973854270735,25.042404,HIGH
26.76009953328282,24.45852,MEDIUM
28.780281974345677,25.046844,HIGH
27.910560764266627,26.877949,HIGH
27.58516897348458,27.320995,HIGH
28.300320365072896,27.50018,HIGH
27.220406061875604,27.842987,HIGH
22.605251270218083,27.078669,HIGH
25.760368277172397,23.656061,MEDIUM
26.670491566682138,24.094242,MEDIUM
26.610283093638316,24.67516,MEDIUM
26.883672722748457,25.23468,HIGH
27.80744862521837,25.684795,HIGH
27.17385531804554,26.596085,HIGH
27.247068304926433,26.427618,HIGH
28.366500187919883,26.227112,HIGH
27.73864475844147,26.712456,HIGH
27.95904376469408,26.99279,HIGH
31.08395228800375,27.215126,HIGH
30.8440198750173,28.98054,HIGH
30.138263202998107,29.868586,HIGH
30.213769013017885,29.769691,HIGH
30.067177947814837,29.659859,HIGH
28.09096935323745,29.421053,HIGH
29.034977596153908,28.532108,HIGH
30.38879236903358,27.508762,HIGH
27.22225882317402,27.975727,HIGH
26.998627541561643,27.06171,HIGH
28.308235309527586,26.117508,HIGH
25.28035766183621,26.164639,HIGH
26.675658332043028,25.626816,HIGH
0.0,25.423162,HIGH
0.0,1.4646595,LOW
0.0,0.5108305,LOW
0.0,0.5057688,LOW
0.0,0.55952585,LOW
0.0,0.6474781,LOW
0.0,0.8621,LOW
0.0,0.976401,LOW
0.0,0.96433246,LOW
0.0,0.9513347,LOW
0.0,0.95558035,LOW
0.0,0.91665757,LOW
0.0,0.91720665,LOW
0.0,0.90869474,LOW
0.34259621638055293,0.9649242,LOW
1.7273526188723292,0.97019875,LOW
1.4479825078508366,1.0902829,LOW
0.8796401797329736,1.1655294,LOW
1.4245744462654937,1.2158511,LOW
0.1411322604744889,1.3801144,LOW
0.0,1.4775273,LOW
0.7235316222353703,1.512005,LOW
0.4883625354751935,1.490346,LOW
0.0,1.4407271,LOW
0.3018466622908633,1.3447021,LOW
0.29823594044281165,1.2856697,LOW
0.0,1.2738402,LOW
0.0,1.246842,LOW
0.0,1.1725851,LOW
0.0,1.0884306,LOW
24.91574316605184,1.1081358,LOW
26.24312105276541,26.334276,HIGH
27.11259742702221,24.409512,MEDIUM
27.51507595031666,25.27164,HIGH
26.157381595210726,25.728516,HIGH
28.645697697870457,25.664112,HIGH
26.799662768412468,26.747747,HIGH
29.006586496147314,26.317516,HIGH
28.10670981125042,27.047968,HIGH
26.618944840499,26.793337,HIGH
28.271879695142644,26.320305,HIGH
27.69440884812826,26.794762,HIGH
28.851443181469172,26.964294,HIGH
30.24890128032213,27.512802,HIGH
28.785213285168485,28.379036,HIGH
30.624962744812784,28.560991,HIGH
29.790603719998295,29.540121,HIGH
31.825138836922658,29.487324,HIGH
27.74570823414469,30.333868,HIGH
29.931942573221487,29.046886,HIGH
31.290693825360197,28.848425,HIGH
28.985374517648005,28.989992,HIGH
30.976508413167736,28.566956,HIGH
28.95728804873721,29.675585,HIGH
29.22697715126025,28.88463,HIGH
29.987860759430212,28.690693,HIGH
29.346091462377945,28.456802,HIGH
29.120409104187697,28.015259,HIGH
29.55960291474142,27.854382,HIGH
26.90722040722666,27.77558,HIGH
11.003766715331842,26.894217,HIGH
11.002602452949796,9.1268635,LOW
12.006274369871916,9.935707,LOW
7.016965794695009,11.040518,MEDIUM
9.586159360986283,8.735394,LOW
8.194925871043495,8.9693985,LOW
4.886810675944647,8.823641,LOW
8.74804855271044,7.739125,LOW
7.092944811259441,8.566877,LOW
9.422537464891665,8.40383,LOW
9.402126740022027,8.801104,LOW
9.848058686754127,8.978673,LOW
7.922026126501088,9.2625065,LOW
12.121356581307758,9.196604,LOW
10.696986705988495,10.5000515,MEDIUM
13.069478089843278,10.577875,MEDIUM
10.030741268125348,11.464552,MEDIUM
13.55743542935933,10.999092,MEDIUM
13.472642646944134,12.351639,MEDIUM
11.0071164039188,12.598911,MEDIUM
14.038614206509369,12.607594,MEDIUM
12.537308956225111,13.136963,MEDIUM
13.16902092722717,13.139759,MEDIUM
12.19022013478774,13.29232,MEDIUM
12.912703640323024,12.999874,MEDIUM
12.029986822328965,13.106661,MEDIUM
10.143903665982233,12.776012,MEDIUM
11.089988840901366,11.95896,MEDIUM
9.400233514930868,11.64949,MEDIUM
9.009430896719241,10.923058,MEDIUM
30.67202544871408,10.543673,MEDIUM
29.399985725076053,30.011715,HIGH
27.52221828955774,28.834116,HIGH
30.859666821122836,28.134167,HIGH
32.13523999357216,29.155094,HIGH
26.04532463424654,29.900059,HIGH
29.282184708399605,28.453827,HIGH
28.238934162793285,27.529766,HIGH
29.699642683661978,27.017172,HIGH
30.15159138774566,27.554684,HIGH
29.055774109976543,27.883848,HIGH
29.216846283884898,28.872463,HIGH
29.524327478906883,28.979969,HIGH
27.88367338816081,29.076859,HIGH
29.627307342388946,28.513712,HIGH
32.186615010716615,28.472826,HIGH
33.75288446174058,29.859377,HIGH
32.084967976969494,31.947384,HIGH
30.57697526747343,32.39736,HIGH
33.00618285442643,31.534529,HIGH
32.49506612959925,31.803955,HIGH
32.58227155201489,31.00922,HIGH
29.08451564654799,30.80255,HIGH
29.071717132670774,29.625153,HIGH
30.315922138102348,29.141922,HIGH
29.492536724303132,28.55824,HIGH
29.590059595511885,27.484173,HIGH
28.964223961001263,27.409395,HIGH
30.489819379747985,26.92839,HIGH
30.61136726635346,28.048567,HIGH
9.815789169493161,28.445877,HIGH
9.089965261291276,7.8941407,LOW
12.221818995286588,8.205433,LOW
9.091212638662098,9.973181,LOW
10.197356070309471,9.255386,LOW
12.000968441236598,9.687185,LOW
9.68483283523172,10.779644,MEDIUM
11.562130555687233,10.724188,MEDIUM
9.533817550658359,10.882429,MEDIUM
11.168024608258255,10.743151,MEDIUM
9.717369582592877,10.864046,MEDIUM
9.5086381883478,10.776045,MEDIUM
11.673044767969415,10.670309,MEDIUM
13.975867464104498,10.832745,MEDIUM
11.365108949352152,11.911688,MEDIUM
10.610361735513525,11.949825,MEDIUM
12.655041517914292,11.70302,MEDIUM
13.197204907330988,12.238743,MEDIUM
12.037050846027002,12.763433,MEDIUM
16.432672382826553,12.823498,MEDIUM
14.592888718641756,14.043741,MEDIUM
14.35896519208352,14.35367,MEDIUM
12.57003054744562,14.758087,MEDIUM
14.097954602717108,14.13089,MEDIUM
12.688575010459374,14.260948,MEDIUM
13.104399470243422,13.769747,MEDIUM
9.309384847609646,13.619734,MEDIUM
11.262718642872066,12.166088,MEDIUM
11.373339977828596,11.516819,MEDIUM
12.380569733847443,11.658859,MEDIUM
22.26758727728219,11.885462,MEDIUM
18.492589912331443,20.450825,MEDIUM
17.66948152678,19.477795,MEDIUM
20.42762473765335,18.96981,MEDIUM
17.954783553795245,19.219433,MEDIUM
19.678434954701373,18.866415,MEDIUM
17.37914908413596,18.979519,MEDIUM
17.69036114729088,18.16834,MEDIUM
15.637126016989264,18.095892,MEDIUM
20.72932618795181,17.022696,MEDIUM
21.19114060867545,18.68571,MEDIUM
18.614501483913035,19.495358,MEDIUM
20.798177220389462,19.428707,MEDIUM
17.734472070265,19.863132,MEDIUM
19.8949366912873,19.235144,MEDIUM
19.867513664013877,19.312658,MEDIUM
22.438040036136883,19.25995,MEDIUM
20.857662299176386,20.684793,MEDIUM
22.11747271031992,20.876373,MEDIUM
22.738797423701932,21.462791,MEDIUM
24.015954865315926,21.85588,MEDIUM
21.336531479398026,22.771973,MEDIUM
22.572202127945943,22.32446,MEDIUM
20.652199133695238,22.241426,MEDIUM
20.717336467602063,21.600513,MEDIUM
20.219769015515094,20.954319,MEDIUM
20.31983371866459,20.059048,MEDIUM
21.24056299128358,19.855892,MEDIUM
20.45925971574193,20.239862,MEDIUM
18.29033553149148,20.198528,MEDIUM
40.3572039702848,19.559082,MEDIUM
43.10528171959872,37.178867,HIGH
41.50779567118585,39.292416,HIGH
39.28574677117325,39.232906,HIGH
38.62694826646171,38.77081,HIGH
42.67878712356575,38.521717,HIGH
40.990314047327935,39.48986,HIGH
40.360862913350644,38.49881,HIGH
39.65901863072146,37.607388,HIGH
37.325781320929174,37.796574,HIGH
40.69006263726984,37.57073,HIGH
37.89466135073567,37.49066,HIGH
40.78776134013511,35.329792,HIGH
40.42252456055999,37.351124,HIGH
39.63747382322135,39.415318,HIGH
41.39154088686948,39.788773,HIGH
41.81198989741335,40.426952,HIGH
39.42567455616462,40.768444,HIGH
38.85654602849729,40.444965,HIGH
42.58468992444153,39.00076,HIGH
45.74127807009242,39.503563,HIGH
40.53019230910286,41.254543,HIGH
42.58844226697281,41.035763,HIGH
38.4985891651988,41.642765,HIGH
38.29010846016215,40.914154,HIGH
43.38999961075463,39.293404,HIGH
40.945582584132595,38.15057,HIGH
39.43722750340196,36.844746,HIGH
40.61840128860626,37.463375,HIGH
42.714593156987526,37.699703,HIGH
4.320150368852024,40.271187,HIGH
4.620807373785947,3.93271,LOW
5.1333162280054445,3.050677,LOW
5.1540934983698765,3.210484,LOW
4.878266726057733,3.4339235,LOW
1.6143681385983726,3.7938337,LOW
2.3016285406267265,3.8784845,LOW
1.856836829676757,3.8933427,LOW
5.279173348454835,3.4621434,LOW
3.4079184896822525,3.823024,LOW
5.229068272935585,3.6258454,LOW
5.292395393245075,3.6783278,LOW
6.171284217434566,3.994514,LOW
6.841701193457551,4.9224095,LOW
5.2955588738732065,5.7034373,LOW
9.401854073639186,6.0418754,LOW
6.921259964032821,6.8551197,LOW
4.420410906586309,7.2645025,LOW
8.180252136065116,6.8471665,LOW
7.119404954029751,7.2219076,LOW
8.695912390444622,7.5316052,LOW
4.092275965373565,7.758877,LOW
8.118049030120343,7.1095595,LOW
8.195655636798705,7.2864146,LOW
7.351498650589059,7.5767694,LOW
6.85898566833851,7.893275,LOW
4.335419331580349,7.6162014,LOW
3.6068801977386933,6.905152,LOW
2.8112418388761604,5.9011865,LOW
3.5622953820536196,4.8710766,LOW
9.312751133374395,4.4588976,LOW
10.741101699684982,6.110312,LOW
6.602122442124795,7.510875,LOW
8.09063446876889,7.2385135,LOW
7.427566555376288,7.4409127,LOW
6.950156413912794,7.7986283,LOW
6.461637732180353,8.217863,LOW
8.54024459299598,8.194145,LOW
5.9060539695978544,8.19541,LOW
9.68050512662899,7.713176,LOW
9.645889170023484,8.152771,LOW
12.04363217395288,8.366226,LOW
10.965454424479429,9.612909,LOW
11.468031714667385,10.006275,MEDIUM
12.546829593061895,10.602739,MEDIUM
13.099517405118165,11.143448,MEDIUM
10.325389094074785,12.246859,MEDIUM
13.655958091343196,11.854021,MEDIUM
10.27163845358609,12.562727,MEDIUM
9.591353991882855,11.994286,MEDIUM
12.3908587140418,11.155437,MEDIUM
9.63093046730074,11.73538,MEDIUM
10.33590772470644,11.033159,MEDIUM
9.16733590893948,10.8390045,MEDIUM
10.876051079370745,10.533241,MEDIUM
10.380455189846641,10.548033,MEDIUM
6.138771724223043,10.566883,MEDIUM
8.999888355427707,9.57379,LOW
8.201051488724815,9.325415,LOW
6.176884214602831,9.179033,LOW
32.5387713134931,8.582022,LOW
30.8221758342177,32.27026,HIGH
31.903329649237293,30.405167,HIGH
27.881222513917418,31.152704,HIGH
29.898411704622543,29.713348,HIGH
29.753694761833646,29.314705,HIGH
29.966200032202785,28.733002,HIGH
27.774586848343365,27.539932,HIGH
28.7401840412416,27.232439,HIGH
30.325557717995583,27.821465,HIGH
29.13931994239215,28.66774,HIGH
27.313048255565366,28.615913,HIGH
30.313469706802685,27.851776,HIGH
29.759032593268408,28.719505,HIGH
30.53285041537422,28.876942,HIGH
33.14485331737075,29.303982,HIGH
29.95207896521449,30.958353,HIGH
32.38750451676235,30.582048,HIGH
32.28792862672114,30.976646,HIGH
33.72589964452523,31.289598,HIGH
30.006666342323914,32.516094,HIGH
33.17606636978061,31.27363,HIGH
29.253300847020608,31.788694,HIGH
31.907555166737477,30.077974,HIGH
28.83482552237693,30.067968,HIGH
30.1368553789625,28.209427,HIGH
30.680180756589113,28.184475,HIGH
30.39029476270822,28.788435,HIGH
31.200361868674598,28.955578,HIGH
27.560439376834132,29.385227,HIGH
25.712255140269342,27.743713,HIGH
25.716180663245567,24.82457,MEDIUM
23.945967916355123,23.27306,MEDIUM
23.698565841990323,22.502735,MEDIUM
25.013851911453653,22.10721,MEDIUM
21.446712621741874,22.649992,MEDIUM
23.758765989992497,22.413338,MEDIUM
23.786310280956982,22.361637,MEDIUM
23.88373763682558,22.650398,MEDIUM
23.48898265837242,22.9714,MEDIUM
23.99284182279368,22.980143,MEDIUM
24.354199794408046,23.353558,MEDIUM
24.87034516055482,23.580486,MEDIUM
26.227636601653888,23.910563,MEDIUM
28.386297208436204,24.65503,MEDIUM
27.13880262481493,26.172829,HIGH
23.10269988351782,26.440533,HIGH
26.62914838803281,24.7833,MEDIUM
27.201467207308053,25.055567,HIGH
26.006928846731743,25.368475,HIGH
23.054833844571704,25.39366,HIGH
24.539940169967878,23.844053,MEDIUM
24.75342766018453,23.927507,MEDIUM
27.226008116698253,23.633102,MEDIUM
22.204671271432783,24.691164,MEDIUM
27.400288369993593,23.61338,MEDIUM
25.476975126951622,25.269384,HIGH
21.496372537320816,24.852427,MEDIUM
24.96990298522536,23.182602,MEDIUM
22.842808760084825,23.203894,MEDIUM
31.20665160827097,22.969051,MEDIUM
27.043022755449314,28.56152,HIGH
27.338595561717934,27.897099,HIGH
27.283205851920222,27.96022,HIGH
24.987580969875875,27.619247,HIGH
27.119228075152407,26.639698,HIGH
27.94301459974038,25.781338,HIGH
23.23674035655886,25.804781,HIGH
27.518324649280945,24.304226,MEDIUM
28.097336454241322,25.017132,HIGH
25.824704736497015,25.92163,HIGH
28.810352375275418,26.013187,HIGH
28.75913789194042,26.824047,HIGH
26.682687261166272,27.544323,HIGH
29.537427111029,27.16098,HIGH
27.94999556182051,27.893883,HIGH
31.089746367145246,27.747772,HIGH
28.208183041676747,28.811626,HIGH
27.839385952383907,28.598885,HIGH
27.676972553991693,28.248814,HIGH
31.09703060866242,27.637321,HIGH
28.079101116755808,28.553768,HIGH
28.96835642459713,27.991615,HIGH
29.488158293280126,28.236597,HIGH
27.33694955206314,28.244999,HIGH
27.348671468348517,27.579945,HIGH
27.191724887899085,26.526905,HIGH
26.008249176589455,25.874155,HIGH
25.64381128129834,25.25372,HIGH
26.620046553416984,24.720673,MEDIUM
0.0,24.991882,MEDIUM
0.0,1.5771453,LOW
0.0,0.4834212,LOW
0.0,0.37418675,LOW
0.0,0.3852569,LOW
0.0,0.38014126,LOW
0.0,0.6635001,LOW
0.0,0.8715992,LOW
0.0,0.89183366,LOW
0.0,0.89185524,LOW
0.0,0.83430207,LOW
0.0,0.79846084,LOW
0.0,0.86112,LOW
0.0,0.87302196,LOW
0.0,0.84394634,LOW
0.0,0.86387193,LOW
0.006503740838875061,0.89994335,LOW
0.047680739742077094,0.96337295,LOW
0.0,1.0111904,LOW
0.0,0.98895884,LOW
0.45920581116166836,1.0594349,LOW
0.0,1.1191993,LOW
0.0,1.1736022,LOW
0.0,1.0946325,LOW
0.0,0.98549116,LOW
0.0,1.0521207,LOW
1.1372146820790956,1.0699162,LOW
0.0,1.1214213,LOW
0.0,1.0439514,LOW
0.0,1.0027682,LOW
15.592936170505691,0.98766387,LOW
11.049609735439635,15.742128,MEDIUM
15.003279250572268,11.569075,MEDIUM
14.883107937679654,11.837471,MEDIUM
9.995705483642256,12.703442,MEDIUM
12.01980745484721,11.902126,MEDIUM
10.826754657658872,12.160862,MEDIUM
11.639255617588159,11.966501,MEDIUM
13.284112726840707,11.701754,MEDIUM
13.712244385478538,12.521772,MEDIUM
12.273562988386278,12.7344475,MEDIUM
13.513106590687123,12.602964,MEDIUM
15.053007202527713,13.112528,MEDIUM
12.871350791958584,13.880611,MEDIUM
15.679492450344078,13.849546,MEDIUM
15.672877604069798,14.56245,MEDIUM
12.18476786748385,15.150143,MEDIUM
17.56089437340878,14.504381,MEDIUM
15.879931469065092,15.773935,MEDIUM
14.538899494269947,16.001284,MEDIUM
16.48033555613756,15.739292,MEDIUM
16.581302911176184,16.02721,MEDIUM
16.617868181744825,16.30236,MEDIUM
14.341245270374962,16.388412,MEDIUM
13.618181954809241,15.8644905,MEDIUM
14.55918486463693,15.1834545,MEDIUM
15.598681848958448,14.988998,MEDIUM
14.107263808192728,15.181309,MEDIUM
12.852127160872717,14.793797,MEDIUM
15.540737407541059,14.156656,MEDIUM
31.981322074364066,14.79138,MEDIUM
29.524644083746402,30.877037,HIGH
30.889481799302978,29.029446,HIGH
28.33180070175102,29.576668,HIGH
28.24569273432164,28.64432,HIGH
28.286451821363208,28.727776,HIGH
29.03604393677022,28.615509,HIGH
26.649041519449565,26.574787,HIGH
26.93623373692504,26.14198,HIGH
28.821323957976304,26.221598,HIGH
31.489896189476017,27.16096,HIGH
29.81527005011621,28.839294,HIGH
27.945285607169158,29.262657,HIGH
29.62183490724332,28.723316,HIGH
30.09449330252955,29.050406,HIGH
32.60528588267118,29.281668,HIGH
33.48678864390884,30.803493,HIGH
32.131612346639166,31.990376,HIGH
31.544079734401315,32.34228,HIGH
31.649403264344137,32.291958,HIGH
34.014527928434404,31.973595,HIGH
32.034179493068166,32.145187,HIGH
32.381120970188654,31.19269,HIGH
31.863573944751746,30.686958,HIGH
30.638801273504956,30.205742,HIGH
31.692884306607237,29.691872,HIGH
26.334526818416055,29.652348,HIGH
31.71005986076694,26.912119,HIGH
29.25613176130014,28.340944,HIGH
27.296748749279587,27.530014,HIGH
0.0,26.774887,HIGH
1.668633410302795,1.8955631,LOW
0.3325006790387306,1.0680656,LOW
0.957948968366904,0.85053146,LOW
0.22444878284980696,0.81823635,LOW
2.504871645876195,0.99940574,LOW
2.1831031743741125,1.410714,LOW
0.7396461253094575,1.6039538,LOW
0.0,1.5905886,LOW
0.0,1.4912766,LOW
0.0,1.4414781,LOW
2.50688124793263,1.4208894,LOW
0.22552912063342845,1.5190668,LOW
0.0,1.411336,LOW
3.2722130236267457,1.2908027,LOW
3.8923994702959313,1.4997772,LOW
3.731257455159036,1.849112,LOW
1.7748441487915425,2.3273988,LOW
3.609573436629149,2.1560035,LOW
2.327746382568458,2.4398074,LOW
1.364556589532265,2.916573,LOW
2.756524993345036,2.8191557,LOW
3.6882448629034847,2.6524022,LOW
2.095313625234187,2.7834408,LOW
3.51658542518335,2.658483,LOW
2.8974697285295488,2.705713,LOW
2.4012771204577295,2.6307423,LOW
0.0,2.8173316,LOW
0.0,2.2437787,LOW
0.3568821559453932,1.8173665,LOW
31.950471799416242,1.6815606,LOW
30.144415842067666,33.735397,HIGH
31.70825680518522,29.579935,HIGH
31.72088169735022,30.933065,HIGH
29.26553269194939,30.711855,HIGH
30.15027457767991,29.79343,HIGH
32.27745943604472,29.534447,HIGH
30.99012234434771,29.689325,HIGH
31.071535819508192,29.687347,HIGH
31.1832438467222,29.827196,HIGH
32.19933420604721,30.349258,HIGH
32.285473162738455,30.932186,HIGH
31.935807828134035,31.010567,HIGH
34.58566575662621,31.023386,HIGH
35.22889122888142,32.46057,HIGH
35.48395302338389,33.82654,HIGH
33.13416854544948,34.699497,HIGH
34.88557043875964,34.44748,HIGH
35.28197169847889,34.786617,HIGH
35.57915726743841,34.696278,HIGH
36.20265371882118,34.53366,HIGH
33.29119059612773,34.652546,HIGH
36.2094120431903,33.90859,HIGH
34.782720037099295,34.228046,HIGH
34.87491878825556,33.50945,HIGH
32.63300591790161,33.25642,HIGH
35.35137011854559,32.11027,HIGH
32.923747196131615,32.594246,HIGH
31.55662248309614,31.550968,HIGH
30.3708270308217,30.050198,HIGH
14.957859801366618,29.258034,HIGH
16.1303109083319,15.0514965,MEDIUM
17.271355895664172,15.54954,MEDIUM
17.552821616237775,16.192986,MEDIUM
17.24408280412707,16.475767,MEDIUM
18.38480975997924,16.178434,MEDIUM
16.29404862353303,17.60801,MEDIUM
17.31390670105985,17.530634,MEDIUM
16.16981534374421,17.576973,MEDIUM
15.343110105241395,17.12949,MEDIUM
15.929806302556049,16.66256,MEDIUM
14.260112276664731,16.320267,MEDIUM
17.379030413146616,15.874054,MEDIUM
17.8235763206792,16.648218,MEDIUM
20.233603711956754,17.036644,MEDIUM
15.426983502899306,18.684797,MEDIUM
19.18956881523657,17.796686,MEDIUM
20.02141882908831,18.74673,MEDIUM
20.657912081245733,19.125595,MEDIUM
18.9747489170954,19.890953,MEDIUM
18.126844366024024,19.647215,MEDIUM
19.613809560079154,19.21452,MEDIUM
17.68791957463789,19.166119,MEDIUM
17.01637633856526,18.576345,MEDIUM
18.23194037821683,18.12537,MEDIUM
15.604584738248068,18.043129,MEDIUM
18.64822195746249,17.299572,MEDIUM
18.44006022806245,17.79036,MEDIUM
15.333880740373628,17.954903,MEDIUM
16.344406223467317,17.223703,MEDIUM
0.0,16.875555,MEDIUM
0.0,1.3190728,LOW
0.0,0.45408177,LOW
0.16116915549383037,0.30509531,LOW
1.0586119960833802,0.62209094,LOW
0.0,0.9243449,LOW
0.0,1.2554137,LOW
0.0,1.1475607,LOW
0.0,1.1256708,LOW
1.0116405026543784,1.1349944,LOW
0.0,1.2345762,LOW
0.0,1.1527635,LOW
2.0867376013056838,1.0730476,LOW
2.478132855118016,1.2189155,LOW
0.31302194545127016,1.3456506,LOW
2.661395963003711,1.4242426,LOW
0.9644172207497199,1.5078567,LOW
2.8349633458554493,1.5568132,LOW
2.074257893553966,2.0292,LOW
2.579071875581981,2.0837035,LOW
2.4239691872062554,2.0798128,LOW
3.9424722104214176,2.2162166,LOW
3.008478072808842,2.5761268,LOW
1.5831621166501026,2.8529716,LOW
4.419429618398963,2.6658082,LOW
1.7662201385420406,3.1217759,LOW
0.0,3.0295873,LOW
0.0,2.4063568,LOW
0.4613228689890718,1.9277244,LOW
0.0,1.6986834,LOW
24.39929674393619,1.5124774,LOW
25.172896110965617,26.11225,HIGH
25.009912773494037,24.034878,MEDIUM
23.42580237585944,24.124697,MEDIUM
24.62934377400402,23.635479,MEDIUM
23.84956863849783,23.814442,MEDIUM
25.260474183464478,23.472889,MEDIUM
24.028935498600813,23.56762,MEDIUM
22.48302720296695,23.558092,MEDIUM
24.4858299356218,23.10421,MEDIUM
24.098135438865114,23.128288,MEDIUM
24.1517524185679,23.252476,MEDIUM
26.621781457631897,23.431961,MEDIUM
26.11974756321776,24.529835,MEDIUM
25.083154680974676,25.148983,HIGH
26.528966877632627,25.044476,HIGH
27.693186925776295,25.534548,HIGH
25.502218412195358,26.101068,HIGH
29.286148462246267,25.71074,HIGH
27.1505873269554,27.073355,HIGH
29.116619605224813,27.007143,HIGH
29.380798588406627,27.661669,HIGH
29.384690289632108,27.871975,HIGH
26.616356793927295,28.267582,HIGH
25.15971222020206,27.103806,HIGH
25.093683121329786,25.445671,HIGH
28.333245585620606,24.323914,MEDIUM
27.607229980748752,25.145172,HIGH
25.60769349281439,25.598015,HIGH
25.82712639725376,25.362328,HIGH
37.16232568429158,25.091906,HIGH
35.329492110102265,32.30683,HIGH
34.914522082821065,33.47964,HIGH
35.769172815761976,34.622982,HIGH
36.4580872361586,34.946655,HIGH
35.97529843828316,35.22521,HIGH
34.000997050313174,35.12975,HIGH
34.53860070599928,33.536343,HIGH
34.452893878792814,33.168858,HIGH
33.978830428290955,33.239967,HIGH
35.186095296510416,33.1232,HIGH
36.55457922527863,33.37481,HIGH
34.50784054626957,34.748413,HIGH
37.17095863146783,34.591824,HIGH
38.033754432956925,35.093014,HIGH
38.63444965268913,35.958317,HIGH
36.57150273303783,37.007866,HIGH
41.259246355448916,36.922955,HIGH
36.59422277695308,38.629974,HIGH
39.816726128936125,38.41391,HIGH
34.65656857685194,38.83934,HIGH
36.546712793439475,37.674297,HIGH
41.15330018028053,37.272312,HIGH
38.203508012533504,37.690907,HIGH
36.05171338034423,36.10999,HIGH
37.833180431697876,35.867252,HIGH
34.491185769077504,36.039455,HIGH
35.63354168073406,34.799515,HIGH
36.100005990821586,33.405792,HIGH
36.4191518045129,31.9114,HIGH
18.87689574985701,33.430256,HIGH
16.398302986529842,17.982136,MEDIUM
21.36101159287267,17.052778,MEDIUM
19.437653208604136,19.45373,MEDIUM
18.025927641558233,18.9738,MEDIUM
17.838939160116396,18.31217,MEDIUM
18.286829111394553,17.563095,MEDIUM
16.527003872521405,18.333878,MEDIUM
18.01686273333241,17.683815,MEDIUM
16.87560094323092,17.564194,MEDIUM
18.959330439887545,17.582468,MEDIUM
17.655033790809256,18.174564,MEDIUM
21.29326851534771,18.043781,MEDIUM
21.80235658897989,19.470947,MEDIUM
19.15074021353361,20.306015,MEDIUM
19.0412495796883,20.165558,MEDIUM
23.257166864781173,19.681774,MEDIUM
19.57022794628962,21.097082,MEDIUM
18.688338710333362,20.635252,MEDIUM
20.76474990348239,19.78302,MEDIUM
21.5283265023557,19.876087,MEDIUM
20.97027197623713,20.652714,MEDIUM
20.70658997005183,20.757385,MEDIUM
22.821796150950593,20.634207,MEDIUM
21.057599537825972,21.388971,MEDIUM
19.837823489150686,21.163603,MEDIUM
19.44045193512587,20.574465,MEDIUM
18.528068952668292,19.823229,MEDIUM
20.522927637552254,18.987041,MEDIUM
14.626987475716772,19.234566,MEDIUM
0.0,17.350498,MEDIUM
0.0,-0.15105057,LOW
0.0,-0.23603046,LOW
0.0,-0.090635896,LOW
0.0,0.2778144,LOW
0.0,0.4326713,LOW
0.0,0.65033257,LOW
0.0,0.73864746,LOW
0.0,0.80106246,LOW
0.0,0.6940236,LOW
0.0,0.7119762,LOW
0.0,0.7625016,LOW
0.0,0.7256056,LOW
0.0,0.7313726,LOW
0.0,0.66507065,LOW
0.0,0.7615545,LOW
0.0,0.6975405,LOW
0.0,0.6469016,LOW
0.0,0.65986145,LOW
0.0,0.71936977,LOW
0.0,0.68283165,LOW
0.0,0.70253515,LOW
0.0,0.75508904,LOW
0.0,0.7732636,LOW
0.0,0.76847374,LOW
0.0,0.75725555,LOW
0.0,0.73092926,LOW
0.0,0.8175453,LOW
0.0,0.7478509,LOW
0.0,0.783288,LOW
16.895516482304416,0.78353167,LOW
16.86658114547646,19.154694,MEDIUM
18.924280552707792,14.483311,MEDIUM
17.163346363036375,16.558764,MEDIUM
17.385025166104647,17.204731,MEDIUM
18.33458002861651,17.114744,MEDIUM
15.510385629559638,17.762726,MEDIUM
16.84395565836993,17.378195,MEDIUM
16.558595506698694,17.208973,MEDIUM
16.605294206683638,16.88227,MEDIUM
17.0892141509972,17.015133,MEDIUM
18.098772596488327,17.048569,MEDIUM
20.28973682274536,17.630535,MEDIUM
20.057163262140268,18.82634,MEDIUM
18.156822030090222,19.364597,MEDIUM
18.19403056722203,19.154816,MEDIUM
19.319886859360572,19.045954,MEDIUM
16.5004769629375,19.22383,MEDIUM
16.31927676034239,18.287102,MEDIUM
21.50009778164475,17.465092,MEDIUM
19.726056043183494,19.283428,MEDIUM
18.955036649674003,19.518284,MEDIUM
19.53778710734634,19.411457,MEDIUM
19.950742845172364,19.405067,MEDIUM
18.809793939839366,19.772112,MEDIUM
18.482175008953995,19.115452,MEDIUM
16.841396182895195,18.74521,MEDIUM
16.73208671283046,18.165337,MEDIUM
18.97310451585604,17.641209,MEDIUM
17.092027317918156,17.989294,MEDIUM
26.17738847169834,17.748669,MEDIUM
25.141889941706804,22.080606,MEDIUM
25.86925096247973,23.249548,MEDIUM
22.070336346854113,24.370895,MEDIUM
24.625647604500433,23.269096,MEDIUM
23.52781553738325,23.43782,MEDIUM
23.969408473929924,22.948944,MEDIUM
26.711199939624823,23.163513,MEDIUM
23.647789873613522,24.153843,MEDIUM
21.544486042375702,23.965155,MEDIUM
26.26267748701924,23.057812,MEDIUM
23.963206398576194,23.776905,MEDIUM
23.268803370846886,23.741165,MEDIUM
24.276646405092873,23.577503,MEDIUM
28.383204008735817,23.564987,MEDIUM
25.949124662811258,25.413868,HIGH
27.67593125441897,25.445362,HIGH
24.851595995152064,26.435795,HIGH
28.369406202998558,25.809347,HIGH
27.097476463574754,26.470085,HIGH
28.029790773327292,26.186264,HIGH
27.975387523787884,26.770937,HIGH
26.70693478022941,26.758333,HIGH
25.78257092916253,26.597755,HIGH
25.900118298038105,25.805069,HIGH
25.023484892498526,25.185987,HIGH
27.435690994035376,24.398533,MEDIUM
26.714051552210513,24.756508,MEDIUM
24.068635565785257,25.091848,HIGH
23.270711088839082,24.721876,MEDIUM
20.49441585255085,23.661865,MEDIUM
21.357682126208754,21.851774,MEDIUM
17.893206365028952,21.423141,MEDIUM
21.145936441309615,19.152058,MEDIUM
20.21055808479135,19.479742,MEDIUM
20.323265179494964,19.547855,MEDIUM
19.031307788716497,20.019913,MEDIUM
19.119588570368812,19.491142,MEDIUM
21.272222598638862,19.193577,MEDIUM
17.561585015933257,19.70426,MEDIUM
20.616526633184364,19.0576,MEDIUM
16.458924864182855,19.43592,MEDIUM
18.955750505157773,18.261145,MEDIUM
23.434734271900204,18.564762,MEDIUM
21.83992450645946,20.28603,MEDIUM
20.957639232589095,21.171104,MEDIUM
23.164955948197996,21.336332,MEDIUM
21.689623005008464,22.044453,MEDIUM
20.1506542111098,22.0217,MEDIUM
21.103899432908566,21.33004,MEDIUM
21.432877297323756,20.968544,MEDIUM
23.095898960938214,21.07148,MEDIUM
22.843998554873426,21.727032,MEDIUM
21.597236151545218,22.027054,MEDIUM
25.108774502624424,21.901451,MEDIUM
18.45874676607631,23.132952,MEDIUM
21.957017744810898,21.092299,MEDIUM
19.231132678298227,21.004028,MEDIUM
19.752488462907305,19.763538,MEDIUM
18.535454904812326,19.5874,MEDIUM
27.874471972632445,18.699043,MEDIUM
24.413452133672706,25.074333,HIGH
25.44352427364501,24.374317,MEDIUM
24.812607827987918,24.825134,MEDIUM
23.652607307286615,24.561436,MEDIUM
22.027530112423243,24.066765,MEDIUM
25.046894323920977,22.900536,MEDIUM
22.730735852052334,22.994263,MEDIUM
23.724530827419148,22.723122,MEDIUM
23.477358201471333,22.974075,MEDIUM
25.203519382176317,23.08775,MEDIUM
25.129108300178014,24.010586,MEDIUM
25.873568642462835,24.261116,MEDIUM
25.22030427827785,24.908966,MEDIUM
24.98386979340075,25.017593,HIGH
26.312299922555148,24.939056,MEDIUM
26.536420208025405,25.143415,HIGH
27.36899044941459,25.461884,HIGH
27.340209979989844,26.133114,HIGH
29.301426349680824,26.47876,HIGH
28.835427327238797,27.457863,HIGH
25.91538664371034,27.737335,HIGH
26.896497730770125,27.114883,HIGH
28.163772980843575,26.587418,HIGH
26.939686021398526,26.546791,HIGH
23.790548795408256,26.26598,HIGH
27.38792906609595,24.753307,MEDIUM
25.115595290252962,25.342518,HIGH
26.6076511682608,24.805952,MEDIUM
23.42085309306902,25.109531,HIGH
9.945484452650158,24.304176,MEDIUM
9.627413136938731,7.7698064,LOW
7.843554698800167,8.517266,LOW
6.412080121308241,7.863287,LOW
7.912591580005547,6.9322295,LOW
7.106295385705682,6.7022915,LOW
6.207849889560528,7.809767,LOW
8.856684514439843,8.169859,LOW
3.1422986153003425,8.1840725,LOW
7.037502014269707,6.591524,LOW
9.238707237940725,6.7798266,LOW
7.763730302805158,7.494518,LOW
9.425763004503581,7.6848187,LOW
9.141695364531687,8.14764,LOW
8.754978289241443,8.343765,LOW
8.9414569307643,8.817561,LOW
7.369373332511866,9.284426,LOW
11.510967857864506,9.144829,LOW
10.168617274813116,10.090948,MEDIUM
13.354504790503196,10.145094,MEDIUM
8.808718744161677,10.932985,MEDIUM
10.362858632167521,10.612623,MEDIUM
9.994621340659009,10.6797085,MEDIUM
12.090454030397474,10.609741,MEDIUM
5.822331244429831,11.004484,MEDIUM
9.8182580211519,9.737099,LOW
10.489442395473565,9.757977,LOW
9.58057378748649,10.060383,MEDIUM
8.918703599670959,10.036774,MEDIUM
7.28116811297174,9.966681,LOW
21.938042928643217,9.3479,LOW
21.558148244881643,21.935123,MEDIUM
19.709914664603083,21.125814,MEDIUM
19.978220517792646,20.507175,MEDIUM
20.260992767640992,20.121237,MEDIUM
18.883054046679376,20.000086,MEDIUM
20.12951050729974,19.534172,MEDIUM
19.23074314983104,19.303532,MEDIUM
18.972793408902316,19.167746,MEDIUM
21.764646375466754,19.112616,MEDIUM
22.96037184019459,19.917957,MEDIUM
19.640297792178266,21.217808,MEDIUM
19.441933475567367,20.898378,MEDIUM
19.58749612487648,20.242697,MEDIUM
22.94374227339096,19.746775,MEDIUM
22.524359762738484,20.876648,MEDIUM
23.232387411979165,21.53937,MEDIUM
23.34814636202626,22.3493,MEDIUM
23.054829320521186,22.849163,MEDIUM
23.417060803853616,22.963116,MEDIUM
23.718970145489358,22.927523,MEDIUM
24.37422452321841,23.034931,MEDIUM
22.82356174492609,23.499722,MEDIUM
22.10101599411255,23.260584,MEDIUM
21.393466933461955,22.590128,MEDIUM
21.735547493067298,21.921486,MEDIUM
20.111266967260043,21.366413,MEDIUM
20.536527423958795,20.580414,MEDIUM
19.88259415050723,20.090298,MEDIUM
16.611109754098543,19.686115,MEDIUM
17.00100476614577,18.415722,MEDIUM
17.74906691401137,16.590841,MEDIUM
14.137805507907787,16.258991,MEDIUM
15.729090045649023,15.672106,MEDIUM
15.833572466457003,15.560642,MEDIUM
12.472302833794004,15.685654,MEDIUM
12.82301314708311,14.781151,MEDIUM
17.860777055277417,13.802296,MEDIUM
15.133490404396321,15.910395,MEDIUM
15.818234342944208,15.643301,MEDIUM
17.004477389693857,15.919634,MEDIUM
15.872445510208301,16.376581,MEDIUM
16.105395242950287,16.25773,MEDIUM
15.59583720577492,16.241253,MEDIUM
17.812701329836706,16.153131,MEDIUM
19.710673265402875,16.666836,MEDIUM
16.610732038308633,17.871525,MEDIUM
15.706708796241578,17.661768,MEDIUM
15.853707078092436,17.029802,MEDIUM
16.784109686595258,16.412735,MEDIUM
18.489264159983595,16.437996,MEDIUM
18.546821887491685,16.95441,MEDIUM
19.596388571212096,17.626917,MEDIUM
16.478781740213257,18.438318,MEDIUM
17.55487539147445,18.012482,MEDIUM
13.61459101578729,17.723732,MEDIUM
16.30136759042731,15.914169,MEDIUM
13.80002148027762,15.644836,MEDIUM
15.920510470281291,15.136026,MEDIUM
14.149913612778532,15.396513,MEDIUM
5.960165202212449,15.062599,MEDIUM
5.75482570358189,6.5648937,LOW
6.907297141278006,5.350827,LOW
6.356356351429639,5.7555285,LOW
4.270064577502161,6.1234436,LOW
4.2791227931301385,5.694976,LOW
2.8184102526917787,5.9042673,LOW
2.8289084713801156,5.001725,LOW
4.83808798490684,4.35833,LOW
4.632814874187325,4.43392,LOW
4.6105559645942655,4.487224,LOW
5.613129147264637,4.445221,LOW
6.644445982208037,4.626304,LOW
5.533742061755319,5.3192034,LOW
4.651519668229934,5.7999897,LOW
7.744292182275393,5.80591,LOW
8.909789048808989,6.36831,LOW
6.3375669751144486,7.106031,LOW
6.1560343223845635,7.343986,LOW
7.991315418291949,7.144794,LOW
6.240875263928158,7.3968225,LOW
8.5362566477633,7.5757303,LOW
7.300890467188932,8.087397,LOW
6.515545599633908,7.8655353,LOW
8.753091471832168,7.687906,LOW
6.131447912732236,8.06234,LOW
6.7098911482336625,7.9917974,LOW
7.719918276171041,7.7176237,LOW
4.511957261736699,7.812574,LOW
6.937600022893186,7.2575946,LOW
19.460681795239203,7.178043,LOW
20.758327535998994,20.044144,MEDIUM
18.357925553717195,19.552214,MEDIUM
20.466595424907013,19.192474,MEDIUM
19.38922635262113,19.353619,MEDIUM
16.67270742803659,19.45071,MEDIUM
19.590930003591186,18.513727,MEDIUM
17.958141674846054,18.546787,MEDIUM
18.042867476822053,18.303526,MEDIUM
18.56076275034416,18.371904,MEDIUM
17.217007368212165,18.38144,MEDIUM
19.060595394373884,18.169556,MEDIUM
14.452787899364566,18.456022,MEDIUM
17.986292818278024,17.091745,MEDIUM
20.228697556009543,17.488556,MEDIUM
22.239675939185137,18.58317,MEDIUM
21.305451196135046,20.103447,MEDIUM
20.28096636006731,20.590935,MEDIUM
22.788749634814167,20.819864,MEDIUM
18.79351212194925,21.473982,MEDIUM
22.858746327978604,20.696373,MEDIUM
21.831620924361964,21.296318,MEDIUM
20.79533500022237,21.291336,MEDIUM
20.605334187499597,21.206383,MEDIUM
18.514815071226007,20.682037,MEDIUM
17.751382421591618,19.849062,MEDIUM
19.223042121695308,18.736795,MEDIUM
19.306779340149845,18.465065,MEDIUM
17.23522493666445,18.800583,MEDIUM
17.74782688072738,18.240612,MEDIUM
17.035638039337883,18.000872,MEDIUM
17.843556368826324,17.642057,MEDIUM
19.023607227938385,17.479057,MEDIUM
16.370628181906437,17.92431,MEDIUM
13.586527832060439,17.5617,MEDIUM
14.125328949270626,15.795256,MEDIUM
16.32187138451408,15.179665,MEDIUM
16.954877830093796,15.516653,MEDIUM
15.496558030814807,15.938425,MEDIUM
18.717084911264145,16.098864,MEDIUM
16.92036764353324,17.059038,MEDIUM
18.49886931920583,17.150421,MEDIUM
16.763582888544065,18.059753,MEDIUM
19.061156821968147,17.72596,MEDIUM
18.947222378796944,18.197662,MEDIUM
18.133297912501902,18.413029,MEDIUM
20.80723825798782,18.470829,MEDIUM
17.91268319455764,19.341484,MEDIUM
19.190389165117914,19.046015,MEDIUM
16.25806101830664,18.899326,MEDIUM
19.841329567487776,17.881294,MEDIUM
18.06987452181138,18.724787,MEDIUM
18.387949354982833,18.39456,MEDIUM
18.810936889694432,18.479761,MEDIUM
18.356898638860372,18.459045,MEDIUM
15.314322132864316,18.506317,MEDIUM
17.88518577373502,17.347174,MEDIUM
16.82011836198131,17.183397,MEDIUM
13.51317206923017,17.02213,MEDIUM
15.642268502067042,15.706821,MEDIUM
1.575331390815661,15.484364,MEDIUM
1.9181320528721866,2.0766337,LOW
0.0,1.2411267,LOW
0.0,0.789106,LOW
0.21275059578423328,0.8854805,LOW
1.406045414399296,0.978516,LOW
0.0,1.4247355,LOW
1.003485184675874,1.3433871,LOW
0.0,1.2667805,LOW
0.0,1.2051888,LOW
2.927269587872276,1.2708608,LOW
0.0,1.482073,LOW
0.1026985608963118,1.4119221,LOW
0.4842823487600256,1.3809246,LOW
2.9234907771626366,1.3486562,LOW
0.880542577556195,1.5334412,LOW
1.4255529434350622,1.5814911,LOW
2.947882709035749,1.5139765,LOW
3.0047808700470604,1.6739501,LOW
6.605830661461827,2.0662618,LOW
1.188246624694517,3.4073446,LOW
1.819816211089666,2.9906864,LOW
4.730408541168064,2.7923164,LOW
3.386206463962761,3.4318311,LOW
6.973879926894174,3.6753557,LOW
1.3451705666252174,4.7646823,LOW
1.6066802376287743,3.843893,LOW
2.4488285524669173,3.2092452,LOW
0.8259528060951036,3.1546319,LOW
0.0,2.6756182,LOW
18.85440765107088,2.0794978,LOW
18.583344418128682,19.165548,MEDIUM
18.418263011230408,17.783983,MEDIUM
20.16365163198018,17.657064,MEDIUM
17.957003003799844,18.059671,MEDIUM
16.512118077609067,18.083767,MEDIUM
18.02667608875261,17.684135,MEDIUM
14.920493445035365,17.525166,MEDIUM
16.403953185653414,16.595373,MEDIUM
16.507596046493166,16.211838,MEDIUM
19.44628837610138,16.239859,MEDIUM
17.814474969950872,17.516464,MEDIUM
18.533671293740507,17.691011,MEDIUM
22.063275055380725,18.201706,MEDIUM
18.090296188880586,19.533787,MEDIUM
19.630286281954806,19.249058,MEDIUM
20.697942629046338,19.333231,MEDIUM
18.267778636847094,19.613157,MEDIUM
20.93220825088009,19.118172,MEDIUM
22.60176983259977,19.486467,MEDIUM
19.014575048851338,20.582293,MEDIUM
22.63233395461356,20.319393,MEDIUM
17.630857596908854,20.886814,MEDIUM
19.064337973506913,19.791134,MEDIUM
17.40786852528368,18.746614,MEDIUM
18.859496632518717,17.878426,MEDIUM
18.18886187466068,18.06106,MEDIUM
17.86586344933086,17.978474,MEDIUM
18.030110410358688,17.906189,MEDIUM
15.207094363709938,17.95538,MEDIUM
5.494071531220079,16.913183,MEDIUM
4.409791066518071,3.778933,LOW
5.727687043091592,3.7421803,LOW
3.2318265301944002,4.193114,LOW
2.1148535587984547,3.590036,LOW
6.324606987395464,2.9503253,LOW
3.7169498043877134,4.8081164,LOW
6.3611946852732775,4.823308,LOW
4.21930161563081,5.129544,LOW
2.874755623827344,4.970216,LOW
3.748299457034788,4.5820737,LOW
3.7248888323525975,4.489506,LOW
4.799574012815198,4.4266067,LOW
4.283790115532056,4.54957,LOW
7.88277424742609,4.4560056,LOW
4.71717705853911,5.1987286,LOW
3.6055675766007855,5.4402213,LOW
6.562022807920227,5.2608604,LOW
8.88917616495387,5.6462603,LOW
8.074844524176463,6.66011,LOW
6.671498290555526,7.1224127,LOW
6.35360600523282,7.1616836,LOW
3.5932036475828717,7.06152,LOW
7.769606844776093,6.4301686,LOW
5.856699873054212,6.946112,LOW
4.247525062338378,6.912318,LOW
4.1675823667051155,6.2588577,LOW
4.567854023305937,5.654958,LOW
5.973896921515817,5.3867483,LOW
1.773213992034103,5.614365,LOW
2.80152365670433,4.93801,LOW
2.428787608657285,3.9861774,LOW
2.492096326902511,3.6883378,LOW
3.466228103268765,3.379148,LOW
2.985016238739143,3.3478246,LOW
2.5279110807019824,2.8758173,LOW
0.0,2.7784853,LOW
0.0,2.2334163,LOW
0.2528830561767257,1.9344274,LOW
0.6527481431282895,1.759933,LOW
0.0,1.6515758,LOW
2.253153699667986,1.4803737,LOW
0.8470459790084623,1.4352936,LOW
5.399047581181669,1.4710459,LOW
1.8781860968024433,2.1730816,LOW
3.774007625239445,2.221662,LOW
2.7593387736693527,2.7445693,LOW
5.568004475147111,2.8136306,LOW
3.8199359220172404,3.8318284,LOW
2.9155479587449693,4.123437,LOW
4.273850883590233,3.9044456,LOW
3.590069168466609,3.927715,LOW
3.578259708983472,4.0577245,LOW
2.250543306270718,4.1480117,LOW
3.3547884338011333,3.69082,LOW
2.306752752878977,3.4940004,LOW
1.3651027235145734,3.3486383,LOW
1.464456265869905,2.9114382,LOW
1.1168089082989088,2.4255502,LOW
2.0948296773971604,2.1981401,LOW
8.024603969864032,2.164476,LOW
7.908951498932986,5.263808,LOW
10.523199919823993,5.7751217,LOW
9.795075457142556,7.3059754,LOW
8.513777948323504,7.598036,LOW
9.656645976032173,8.309032,LOW
11.057842047808625,9.169221,LOW
8.239331219076599,10.056938,MEDIUM
9.070774525139738,9.943317,LOW
7.433528670806744,9.849476,LOW
8.27394993793671,9.375307,LOW
9.830812393561846,9.187038,LOW
9.761797190040259,9.5339775,LOW
10.351976473823557,9.610323,LOW
10.658008784566512,9.753574,LOW
8.755137109617152,10.124048,MEDIUM
12.575043866157316,10.018614,MEDIUM
11.432467264222973,10.810032,MEDIUM
9.99328393706899,10.976208,MEDIUM
12.11488868970175,10.844341,MEDIUM
10.28067376790823,11.141024,MEDIUM
10.680499152630688,11.050343,MEDIUM
9.629564294645654,10.971313,MEDIUM
10.595359965604562,10.818777,MEDIUM
9.390178457578518,10.73962,MEDIUM
11.206536783144106,10.520405,MEDIUM
11.258035320739689,10.670118,MEDIUM
10.314776919386281,10.7054,MEDIUM
7.8576188726851015,10.684114,MEDIUM
9.996716801744581,10.2134285,MEDIUM
0.8140940408022317,10.225864,MEDIUM
0.0,3.4762244,LOW
0.0,1.1995562,LOW
0.0,0.85235226,LOW
0.0,0.88987637,LOW
0.011780446653666843,1.1118696,LOW
0.0,1.1319997,LOW
0.0,1.0662246,LOW
0.0,0.99815655,LOW
0.0,0.98536026,LOW
0.0,0.9904463,LOW
0.0,1.0061265,LOW
0.0,0.9642929,LOW
2.2789433800376138,0.9775609,LOW
2.85782709240471,1.1204839,LOW
0.0,1.2774549,LOW
1.8531701342573523,1.277152,LOW
0.0,1.3608797,LOW
0.918206872339022,1.4483684,LOW
0.384947320041924,1.6007041,LOW
2.352574503566016,1.5098557,LOW
0.0,1.4773427,LOW
2.2964465803346368,1.4539504,LOW
0.0,1.5057286,LOW
0.6372593934874597,1.4922669,LOW
0.5609531863047152,1.5094997,LOW
0.0,1.4854158,LOW
0.0,1.4010295,LOW
0.0,1.315676,LOW
0.0,1.1742339,LOW
5.621701911686031,1.1631441,LOW
5.306865554969301,2.2827334,LOW
5.225400707598764,2.662714,LOW
4.329885042185154,3.5866911,LOW
4.640395641837584,3.9259548,LOW
2.6272718574529073,4.462307,LOW
5.6352575202193,4.734439,LOW
4.9041010530797315,5.0252814,LOW
1.600058379162963,5.086067,LOW
3.295259359501335,4.3939013,LOW
6.87580504662426,3.9674997,LOW
5.393368436145824,4.7103252,LOW
4.746119155886307,5.2537184,LOW
6.356273596076685,5.356902,LOW
7.221684558590212,5.281943,LOW
6.871985886598953,6.097405,LOW
6.2542863343139,6.7436934,LOW
7.590566251176636,6.8982434,LOW
6.914225001481581,7.0672293,LOW
7.813299951494741,7.3315425,LOW
7.827716465648546,7.6442685,LOW
6.451532161835136,7.8224096,LOW
9.873188903207806,7.6952915,LOW
7.0448779530847965,8.594881,LOW
4.574029186223006,8.446175,LOW
6.177731335652545,7.329094,LOW
4.339122621821522,7.320082,LOW
3.2959479566090586,6.5887957,LOW
7.2477597819017845,5.5150948,LOW
4.487220166981444,6.0845866,LOW
31.01219148848198,5.6742806,LOW
34.60678784989908,31.77401,HIGH
32.322172415016155,31.578934,HIGH
31.5699478734173,31.397425,HIGH
30.900059308314773,31.215271,HIGH
29.837079051581714,30.847004,HIGH
29.518561024560633,30.564726,HIGH
29.74949353329205,28.44401,HIGH
31.103264084638653,27.697895,HIGH
29.524829696262444,28.5248,HIGH
31.42528740458321,28.412386,HIGH
32.49386136633826,29.28482,HIGH
34.94118462215973,30.412464,HIGH
33.776012062940204,32.463104,HIGH
33.40381024669967,33.451622,HIGH
34.3642217229878,33.969067,HIGH
35.835574420713066,34.139793,HIGH
33.85637270061216,34.65819,HIGH
35.77330585717705,33.83058,HIGH
34.605331257292036,33.930576,HIGH
30.761804115968875,34.010754,HIGH
34.22333804111931,32.879494,HIGH
32.56634777011061,32.81673,HIGH
32.3835415290262,31.479591,HIGH
35.172317933962816,31.005375,HIGH
31.54620868462908,31.429024,HIGH
33.65782702552352,30.680988,HIGH
30.75601088425183,32.11043,HIGH
32.67990757200178,30.448833,HIGH
30.15031575084292,30.373056,HIGH
7.5939929722143695,29.469196,HIGH
3.6876840565495943,6.3888392,LOW
7.029999656805668,5.2471685,LOW
2.534486262468569,4.829138,LOW
5.932545822933356,3.8220162,LOW
3.85008841874423,4.2411375,LOW
3.80640116480018,4.6026525,LOW
6.7778779444929285,5.2770605,LOW
4.84002579184987,5.6394753,LOW
4.075482446255027,5.638231,LOW
5.18553852089115,5.458043,LOW
5.742785920432901,5.388342,LOW
6.70450887038473,5.6874003,LOW
8.135241732413618,6.247084,LOW
6.857649349422854,6.657843,LOW
9.093421336254734,6.8800015,LOW
7.299077589351413,7.5501914,LOW
5.961625552299113,7.9549775,LOW
8.347757036255539,8.0723095,LOW
8.488517808858338,8.42491,LOW
7.113027510132467,8.602547,LOW
4.589648522185383,8.474682,LOW
8.409419727395111,7.73396,LOW
3.722816373861818,8.095976,LOW
8.69908114746627,6.976276,LOW
6.462001194606232,7.776159,LOW
4.13211289316375,7.588879,LOW
3.8313364402011096,6.8721595,LOW
4.601371404232513,6.1083355,LOW
3.70365948534376,5.8738227,LOW
34.5179943230241,5.414544,LOW
33.88398765528916,34.70969,HIGH
36.37890748040275,32.40781,HIGH
35.121935186298415,34.29205,HIGH
31.311969574824637,33.84448,HIGH
31.97288665400092,32.455093,HIGH
32.442491708665756,31.809204,HIGH
31.33862850374687,30.702213,HIGH
33.12083251264683,29.382095,HIGH
35.34247448404673,29.99308,HIGH
35.128666398749715,32.476574,HIGH
34.53243511854144,33.58633,HIGH
34.750757544345745,34.15501,HIGH
34.58340577638575,34.47888,HIGH
38.62604767506035,34.17585,HIGH
36.95950377493834,35.779697,HIGH
33.86095403136828,36.60585,HIGH
37.585118905726794,35.592857,HIGH
36.08363477598883,36.286884,HIGH
33.53805140783674,35.93596,HIGH
32.668424888662855,34.403152,HIGH
35.49992897400646,32.013622,HIGH
37.1524827995856,33.55489,HIGH
35.60904972000491,34.102913,HIGH
37.25906156383214,33.081738,HIGH
33.662211468206536,34.91943,HIGH
35.433306473363096,33.80924,HIGH
32.254568184230145,33.2977,HIGH
35.179359389734756,31.285149,HIGH
30.624106437210056,31.152315,HIGH
22.445916652441543,29.965302,HIGH
23.780102346874685,22.029745,MEDIUM
21.705437770842227,22.195997,MEDIUM
24.146130032416398,21.565613,MEDIUM
24.511966836603953,21.600822,MEDIUM
21.982410080462465,22.230324,MEDIUM
23.983855347426726,22.384037,MEDIUM
24.576925573977356,22.898659,MEDIUM
25.47317508836029,23.332117,MEDIUM
25.067063120226134,24.096012,MEDIUM
24.618720061658706,24.386095,MEDIUM
23.149953063478826,24.420198,MEDIUM
26.023442872498308,23.879395,MEDIUM
23.66546774826703,24.285126,MEDIUM
23.06421310044804,23.874348,MEDIUM
24.896023358309662,23.569927,MEDIUM
25.1678546855398,23.67916,MEDIUM
24.987280004318357,23.96949,MEDIUM
25.81769089608813,24.429115,MEDIUM
26.982678701467766,24.900003,MEDIUM
26.395887364529678,25.3987,HIGH
25.875679882002174,25.562904,HIGH
22.966671399666367,25.458307,HIGH
26.786827449179548,24.215576,MEDIUM
23.734223774302496,24.59743,MEDIUM
24.52659506748195,23.855316,MEDIUM
24.624417578234056,23.654118,MEDIUM
23.39755043580146,23.651918,MEDIUM
24.15616585922735,23.552738,MEDIUM
21.803135390728354,23.305716,MEDIUM
18.140850823933107,22.398891,MEDIUM
17.754689575860866,19.254045,MEDIUM
17.675770844746125,17.744823,MEDIUM
15.251340320990032,17.166372,MEDIUM
17.296214653561172,16.19232,MEDIUM
16.677105653484738,16.226622,MEDIUM
13.731041340143818,16.4705,MEDIUM
17.315368947281677,15.6210575,MEDIUM
15.712289855278662,16.099066,MEDIUM
16.859486650421612,16.057339,MEDIUM
14.651952444908602,16.423603,MEDIUM
17.25656022477589,15.96888,MEDIUM
16.738717643463595,16.529854,MEDIUM
15.847554056839737,16.636448,MEDIUM
21.233824120834747,16.515572,MEDIUM
20.43963872667794,18.549175,MEDIUM
21.27314342504473,19.338385,MEDIUM
17.31972611595959,20.081516,MEDIUM
17.752800219950323,19.270626,MEDIUM
17.572473933451263,18.52261,MEDIUM
18.607500538793126,17.828012,MEDIUM
17.903215487046808,17.855001,MEDIUM
18.81572989992406,17.954742,MEDIUM
17.36965446738472,18.168137,MEDIUM
19.042154397135047,18.044622,MEDIUM
17.419207821198853,18.360931,MEDIUM
19.487823458387183,17.971415,MEDIUM
20.156527327545508,18.278728,MEDIUM
17.09581149762464,18.839321,MEDIUM
17.461527952658894,18.349045,MEDIUM
19.383051139134945,17.829247,MEDIUM
21.58227283784355,18.676985,MEDIUM
22.19280729413017,20.011381,MEDIUM
24.894104372906014,21.029205,MEDIUM
21.363408189577136,22.774685,MEDIUM
21.084846761125807,22.404095,MEDIUM
21.76837326318521,22.005676,MEDIUM
21.024193500784687,21.49878,MEDIUM
21.611316760319333,21.06549,MEDIUM
21.55827466061594,20.968256,MEDIUM
22.852952290208364,21.032333,MEDIUM
22.1625135382706,21.71568,MEDIUM
22.970954871738364,22.008293,MEDIUM
22.25230003104189,22.340485,MEDIUM
24.561343984223704,22.290154,MEDIUM
25.445728831884864,23.0191,MEDIUM
24.63442229422656,23.889324,MEDIUM
25.695202273947842,24.308805,MEDIUM
23.741848121588646,24.783638,MEDIUM
24.30123172649062,24.49902,MEDIUM
24.037975117724812,24.355558,MEDIUM
23.105084990373413,23.847534,MEDIUM
20.68651603135796,23.325298,MEDIUM
22.49209816901444,21.790493,MEDIUM
22.770526419937223,21.317793,MEDIUM
23.516588302607207,21.496334,MEDIUM
22.906859282623554,22.20176,MEDIUM
21.920278601739035,22.374195,MEDIUM
21.288551387787088,22.096533,MEDIUM
16.530716399351128,21.55347,MEDIUM
20.41372722333614,18.415613,MEDIUM
21.675040015739032,18.929832,MEDIUM
18.77868649173446,19.610575,MEDIUM
16.25676225778349,19.538525,MEDIUM
17.39687887930495,17.50412,MEDIUM
19.35355758515746,17.521858,MEDIUM
15.930273075110076,18.018877,MEDIUM
17.939573747541672,17.260956,MEDIUM
18.829533300811455,17.375565,MEDIUM
17.272296584984854,17.97585,MEDIUM
17.209977018799794,17.919144,MEDIUM
21.086579081719172,17.72358,MEDIUM
21.527425897731213,19.034351,MEDIUM
21.06352447835027,20.126757,MEDIUM
20.389796273813985,20.512217,MEDIUM
20.480398366814864,20.613522,MEDIUM
22.28262077946557,20.613987,MEDIUM
21.297060057255663,21.10635,MEDIUM
23.63044117024728,21.269547,MEDIUM
22.277152697597813,22.188034,MEDIUM
21.968325139053636,22.211765,MEDIUM
23.42087248956807,22.188335,MEDIUM
21.05531968861105,22.416267,MEDIUM
21.211630243513007,21.879042,MEDIUM
22.946909143097578,21.34459,MEDIUM
22.288653761733478,21.58688,MEDIUM
22.207566969819233,21.806297,MEDIUM
19.27299359871146,21.805605,MEDIUM
18.385595330517205,20.750462,MEDIUM
18.635786365243717,19.389984,MEDIUM
15.304710553640774,18.36271,MEDIUM
14.221790424479032,17.09993,MEDIUM
12.113295767076286,15.535862,MEDIUM
12.725907206628477,14.21879,MEDIUM
11.250197502472712,13.753233,MEDIUM
11.464553078776577,12.828938,MEDIUM
10.564863434081595,12.3168545,MEDIUM
10.158939875541567,11.885584,MEDIUM
10.587057717837544,11.404226,MEDIUM
14.694651667839704,11.21781,MEDIUM
12.689545895275906,12.888189,MEDIUM
13.757547398102282,12.887537,MEDIUM
12.764237505608333,13.511778,MEDIUM
14.813829750086903,13.358318,MEDIUM
15.345324619034404,14.307238,MEDIUM
13.740702003630217,14.914152,MEDIUM
14.732026488327895,14.928818,MEDIUM
14.708926095847813,15.270203,MEDIUM
16.72384071299806,15.251869,MEDIUM
15.300595584176852,16.10321,MEDIUM
16.531656986248947,15.882345,MEDIUM
13.710508421749866,16.410892,MEDIUM
14.658614345739167,15.65671,MEDIUM
16.494655917765378,15.4851265,MEDIUM
13.661411033516128,15.850143,MEDIUM
14.370484221783885,15.30489,MEDIUM
11.943405701409803,15.187593,MEDIUM
13.752703095068048,14.12933,MEDIUM
12.56445807873585,14.067032,MEDIUM
12.659607514937015,13.670544,MEDIUM
31.007730633919646,13.532984,MEDIUM
29.4134231520477,29.158884,HIGH
27.1652437204957,29.000427,HIGH
29.00717381534687,28.140781,HIGH
28.185614516815704,28.367567,HIGH
29.19882863891869,27.794315,HIGH
30.10338357815683,27.79429,HIGH
26.538940579317423,27.864635,HIGH
27.991948418677474,27.286642,HIGH
30.00978334537002,26.955444,HIGH
26.601422749788277,27.783512,HIGH
28.777363045415782,27.235598,HIGH
30.34582218568371,27.292658,HIGH
30.037819042804188,28.421324,HIGH
31.515718158134163,28.992634,HIGH
31.454590924651512,30.06092,HIGH
31.921156250674038,30.600464,HIGH
29.439840191714275,30.95327,HIGH
33.97441075400064,30.217873,HIGH
31.005154531247683,31.283552,HIGH
31.2276659221434,30.512894,HIGH
31.40354006433195,30.481709,HIGH
31.025636826086853,30.62136,HIGH
32.10733949576613,30.374287,HIGH
29.94495680299007,30.274405,HIGH
29.72920126145449,29.737148,HIGH
29.413827803442228,29.134153,HIGH
27.50406237439433,28.551634,HIGH
28.17959710705855,27.521877,HIGH
27.893812662719707,26.833153,HIGH
24.31920038907036,26.481565,HIGH
27.45234367386255,26.145645,HIGH
25.737897409360187,26.999163,HIGH
24.72648371503163,26.540161,HIGH
24.452014176364422,25.609531,HIGH
25.28110104087625,24.412292,MEDIUM
25.62847813349658,24.277122,MEDIUM
25.804841726638248,24.253614,MEDIUM
24.300957429938233,24.53686,MEDIUM
26.62194605588568,24.293432,MEDIUM
26.270717966250878,24.91869,MEDIUM
25.343746937002535,25.142471,HIGH
26.418083962972954,25.048767,HIGH
28.916620010315143,25.359808,HIGH
27.319858787944206,26.875664,HIGH
28.24179079088887,27.123768,HIGH
28.58988495866523,27.404202,HIGH
28.99946086018205,27.82802,HIGH
27.629338528046475,28.015604,HIGH
27.733731171755124,27.381207,HIGH
25.603693911003333,27.03825,HIGH
27.78279527196121,26.280731,HIGH
28.622793189616093,26.571766,HIGH
27.773351268456178,26.948109,HIGH
27.239808022643224,27.105354,HIGH
28.03650287307773,26.46666,HIGH
28.35679628718093,26.396744,HIGH
28.19435524348173,26.667242,HIGH
24.994900799096627,26.394705,HIGH
26.773453037842167,25.25241,HIGH
8.796071618626517,25.078302,HIGH
11.058162490539544,7.4768434,LOW
8.7781918517954,9.237045,LOW
7.3365275366845,8.543173,LOW
5.919323874329587,7.753364,LOW
10.96357869370894,6.668596,LOW
7.464793140417125,8.708324,LOW
6.348133501856995,9.143234,LOW
5.912860218428113,8.389259,LOW
7.2492504455104125,7.860337,LOW
6.778569241677934,7.774567,LOW
7.328011516004137,7.7374864,LOW
10.825231539312542,7.7701173,LOW
12.038240467707038,8.250738,LOW
11.499236939433011,9.165623,LOW
10.883372405418664,9.997093,LOW
11.719938133538413,10.464258,MEDIUM
9.275958699396714,10.917402,MEDIUM
8.35296344738568,10.896606,MEDIUM
12.833997172892971,10.481195,MEDIUM
11.567951701793557,11.21582,MEDIUM
10.759630031355412,11.13871,MEDIUM
8.221816738987739,11.068823,MEDIUM
9.11064156372667,10.584648,MEDIUM
10.500545105618219,10.373686,MEDIUM
7.7459814849838,10.406523,MEDIUM
8.869705180468374,10.026445,MEDIUM
7.216608655693017,9.660898,LOW
7.185675353632599,9.026314,LOW
7.7902274342634845,8.606339,LOW
25.39763480201897,8.49505,LOW
26.719602455759762,25.18695,HIGH
24.57855901895712,24.770365,MEDIUM
24.668852309098103,24.398577,MEDIUM
23.07419340473696,24.125238,MEDIUM
25.049866685159557,23.585272,MEDIUM
24.459449859156475,23.798164,MEDIUM
23.01278719026908,23.508991,MEDIUM
24.356996412662838,23.396235,MEDIUM
26.77376256344144,23.344276,MEDIUM
24.99874984448821,24.529476,MEDIUM
27.287299781318815,24.69891,MEDIUM
24.099153161155833,25.51385,HIGH
28.4696130510068,25.102776,HIGH
26.53339484781419,26.266659,HIGH
27.892111613064852,25.8853,HIGH
30.39264182227278,26.691614,HIGH
26.94036566218848,27.998043,HIGH
29.280284153802583,27.691563,HIGH
26.56608932225464,28.239454,HIGH
28.94239777177357,27.54554,HIGH
28.138232558509593,27.777273,HIGH
27.55362537783936,27.220894,HIGH
26.895427091593962,27.05332,HIGH
31.07027570934589,26.276783,HIGH
27.14062109697703,27.760197,HIGH
24.668678623206368,27.097626,HIGH
26.809049216284713,25.3871,HIGH
27.476632723339492,25.42473,HIGH
26.030359304317894,25.612606,HIGH
0.0,25.10526,HIGH
0.0,1.4912598,LOW
0.0,0.52260005,LOW
0.0,0.4060018,LOW
0.0,0.37374115,LOW
0.0,0.28438175,LOW
0.0,0.63226354,LOW
0.0,0.8709109,LOW
0.0,0.834612,LOW
0.0,0.8117119,LOW
0.0,0.83788955,LOW
0.4822380589228583,0.85593593,LOW
0.0,0.94054115,LOW
0.5148608804545631,0.9578222,LOW
0.0,1.0390875,LOW
0.6868662324206039,1.0493115,LOW
0.7899579907889631,1.107793,LOW
0.0,1.2299916,LOW
1.7127169601518268,1.2151437,LOW
0.0,1.3125716,LOW
0.0,1.2390128,LOW
1.6168659011012352,1.2481672,LOW
0.0,1.3134816,LOW
0.0,1.2870474,LOW
2.4209273811346854,1.241916,LOW
0.0,1.2819868,LOW
0.0,1.3251189,LOW
0.0,1.2761331,LOW
0.0,1.1694884,LOW
0.0,1.1194457,LOW
15.967254739592603,1.1277496,LOW
15.074217526120481,15.225489,MEDIUM
12.0100747518042,13.785521,MEDIUM
15.124242519658386,12.877237,MEDIUM
14.124892255523381,12.519741,MEDIUM
16.951609225672826,12.7471695,MEDIUM
13.404100344822389,14.791325,MEDIUM
9.723935524686684,14.861006,MEDIUM
13.917232415407458,13.179731,MEDIUM
12.62617822797708,13.275091,MEDIUM
13.335738688050919,12.938101,MEDIUM
13.45817281148466,13.018219,MEDIUM
13.634567743041742,13.421322,MEDIUM
16.0873060020848,13.498852,MEDIUM
16.000198579621436,14.324274,MEDIUM
15.001476648419468,15.191158,MEDIUM
16.49689168512433,15.520662,MEDIUM
17.118913762748885,15.9295025,MEDIUM
12.901453405882878,16.43312,MEDIUM
14.672571253373112,15.3867,MEDIUM
17.68080351780144,15.068735,MEDIUM
16.99030128848196,16.027538,MEDIUM
16.560040011369296,16.276855,MEDIUM
16.818084713247774,16.45968,MEDIUM
12.669617919612307,16.606468,MEDIUM
16.888568858665717,15.503107,MEDIUM
12.78538665953814,15.947077,MEDIUM
13.324950466029806,14.95088,MEDIUM
15.65451998157897,14.192755,MEDIUM
10.832915761708797,14.696154,MEDIUM
8.535103553882163,13.501268,MEDIUM
7.187869615045463,12.186899,MEDIUM
7.954267215560085,7.9690886,LOW
9.16301196138679,8.070966,LOW
5.838673442937651,9.183912,LOW
8.716992538326625,8.576635,LOW
8.928751576056602,8.722408,LOW
4.736901922780728,8.536876,LOW
7.401897441963461,7.662216,LOW
6.336260887217771,7.743816,LOW
8.65380955131133,7.648491,LOW
7.7068100780948825,7.8128667,LOW
9.733338095459668,7.972018,LOW
9.80946844040661,8.249282,LOW
7.545715534798079,8.662184,LOW
8.160076667318036,8.917117,LOW
11.547272439905765,8.939162,LOW
9.248637999931091,9.982079,LOW
11.140065131199474,9.935204,LOW
8.838058191714547,10.352785,MEDIUM
9.032455678578675,10.108179,MEDIUM
11.690456224875785,10.119329,MEDIUM
11.889927532883716,10.533302,MEDIUM
9.390195572202447,10.830194,MEDIUM
10.62640899644386,10.682846,MEDIUM
7.735748824886045,10.649342,MEDIUM
6.424099609902392,10.311644,MEDIUM
9.25377226266032,9.027756,LOW
9.718936184721564,9.228008,LOW
8.276880779784763,9.307644,LOW
21.791018173942454,9.063805,LOW
17.29959690440761,21.665176,MEDIUM
18.609721845564998,18.921686,MEDIUM
20.98345413640924,18.69308,MEDIUM
20.06988511280281,19.131153,MEDIUM
20.010004948917185,19.500563,MEDIUM
16.15309711693543,19.632757,MEDIUM
17.5861844050958,18.227474,MEDIUM
18.907889129574276,17.647217,MEDIUM
19.00439790602049,17.72928,MEDIUM
18.27824215386428,18.151632,MEDIUM
17.973736309600774,18.234962,MEDIUM
19.617612058408852,18.178326,MEDIUM
19.62740085196235,18.771,MEDIUM
21.30665750004136,19.123348,MEDIUM
22.501389184234387,19.82678,MEDIUM
22.600318740347127,20.867458,MEDIUM
21.375859876613585,21.669632,MEDIUM
21.698710768355816,21.662579,MEDIUM
19.89967862077046,21.53675,MEDIUM
20.771510697152486,20.815603,MEDIUM
21.014711787329713,20.367756,MEDIUM
21.122065228154366,20.21265,MEDIUM
21.89534019449247,20.387966,MEDIUM
21.516671161402133,20.825104,MEDIUM
22.753207558011407,21.100842,MEDIUM
19.45173555479619,21.580988,MEDIUM
21.358453506061572,20.822803,MEDIUM
18.754400254370317,20.548424,MEDIUM
20.067688067906186,19.594543,MEDIUM
14.893848265799896,19.203548,MEDIUM
14.647558037092365,15.500912,MEDIUM
16.367344736719748,14.887413,MEDIUM
14.90629255010558,15.171202,MEDIUM
13.72404461341496,15.075272,MEDIUM
15.724553631792391,14.778782,MEDIUM
14.288901613104246,15.1024,MEDIUM
16.01303048340405,15.003231,MEDIUM
16.402019795530315,15.361725,MEDIUM
13.984411301924654,15.789364,MEDIUM
14.97017472563469,15.428635,MEDIUM
14.358660788473825,15.313446,MEDIUM
15.085359909154946,15.142742,MEDIUM
17.86661226352601,15.169508,MEDIUM
16.637940043424855,16.117067,MEDIUM
16.757910961187676,16.427984,MEDIUM
18.194814871252415,16.61534,MEDIUM
16.317916031560795,17.189503,MEDIUM
16.870465227187076,16.974161,MEDIUM
14.879230365208139,16.804623,MEDIUM
17.02715281852727,16.21204,MEDIUM
18.05077429044993,16.358088,MEDIUM
18.716943316121448,16.861317,MEDIUM
16.43097541440908,17.49882,MEDIUM
15.602430215962013,17.27901,MEDIUM
17.983538796745258,16.728985,MEDIUM
15.963154837101479,16.939104,MEDIUM
14.305548139514654,16.532715,MEDIUM
14.919961858395084,15.699718,MEDIUM
15.488624997978826,15.360193,MEDIUM
34.26904582110624,15.476229,MEDIUM
31.342489790042556,33.679695,HIGH
34.58191189369807,31.11433,HIGH
35.05608892648761,32.565025,HIGH
34.42134260989975,32.78134,HIGH
33.950591632306384,33.170887,HIGH
34.38914842693524,33.34043,HIGH
31.284837621630867,32.978924,HIGH
34.040141664954376,31.679537,HIGH
35.32570000573511,31.33461,HIGH
34.45032686701326,32.317604,HIGH
30.565090567605303,33.47507,HIGH
37.05784614719951,32.149406,HIGH
33.629359541811816,34.469906,HIGH
35.61258843744127,34.08076,HIGH
37.657542739610555,34.855198,HIGH
39.087750877228615,36.07633,HIGH
36.05289974741427,37.59824,HIGH
36.94744425393042,36.847042,HIGH
36.41623837413848,36.181057,HIGH
39.008255286410865,36.06125,HIGH
38.90470526408461,36.94905,HIGH
37.78694017704724,37.434017,HIGH
35.51467322110478,37.845543,HIGH
36.08303002123314,37.11253,HIGH
32.23540571533998,35.67377,HIGH
35.711158002177555,31.755117,HIGH
34.88474014539654,30.453188,HIGH
33.717843180747096,29.936031,HIGH
32.49480419410259,30.454811,HIGH
7.207272751259257,30.676254,HIGH
6.1047452726005105,5.852354,LOW
6.080498775538383,5.5923667,LOW
7.830583730344262,5.569868,LOW
6.864986442013408,5.706591,LOW
5.250911410989143,5.9118314,LOW
7.056570271221457,6.3415504,LOW
5.318691936471864,6.9862685,LOW
4.3894339170994705,6.8783894,LOW
7.2271325728622955,6.258869,LOW
7.47500132140252,6.591021,LOW
4.659081946306848,6.7789273,LOW
6.044022689645067,6.507578,LOW
6.385244397267964,6.3820443,LOW
8.73432729735282,6.5126166,LOW
7.2349661016141145,7.1631937,LOW
7.991032215627266,7.3892627,LOW
9.755822865437397,7.528683,LOW
9.291375872353168,8.093215,LOW
9.593307082293528,8.928054,LOW
9.571806755139423,9.39098,LOW
7.83063355915325,9.595287,LOW
7.998748968789964,9.379139,LOW
7.822639052664745,9.21414,LOW
8.445569672766105,9.088688,LOW
6.953217868123357,8.971563,LOW
5.377916362876563,8.589426,LOW
6.492795687871694,7.9213777,LOW
5.2640688296050895,7.5815225,LOW
4.294173244466023,6.98791,LOW
18.87402120429791,6.356385,LOW
17.632912895181004,19.528627,MEDIUM
20.887291505120118,17.50612,MEDIUM
18.51355117486969,18.65149,MEDIUM
16.777496205167104,18.448107,MEDIUM
17.51789068437978,18.159706,MEDIUM
18.710757612878755,17.890856,MEDIUM
17.467754508729072,18.066166,MEDIUM
20.67090824019214,17.969986,MEDIUM
17.12544507751934,18.889061,MEDIUM
19.06395746306433,18.494429,MEDIUM
20.27239838988008,18.760796,MEDIUM
18.73569214263553,19.214052,MEDIUM
21.314527876998476,19.11269,MEDIUM
20.001276368273942,19.877808,MEDIUM
18.121116109274936,20.072992,MEDIUM
19.049456875886243,19.54906,MEDIUM
19.141885517614973,18.950306,MEDIUM
21.24095351626724,19.152945,MEDIUM
20.61196074919203,19.798193,MEDIUM
23.085959912515243,20.140842,MEDIUM
21.798684521437792,21.332544,MEDIUM
20.93332187059272,21.464012,MEDIUM
22.148689679484544,21.363966,MEDIUM
18.578546972108846,21.48257,MEDIUM
18.74543366824494,20.473293,MEDIUM
19.901477924579986,19.200666,MEDIUM
17.253910390801966,18.788998,MEDIUM
17.05224843951886,18.43341,MEDIUM
19.726941959640943,17.580025,MEDIUM
15.373435291891688,18.26127,MEDIUM
12.745200120064075,16.843569,MEDIUM
17.712921285556828,14.795525,MEDIUM
14.310590906185837,15.832846,MEDIUM
15.809479697135986,15.369526,MEDIUM
14.511851365119387,15.569208,MEDIUM
16.447499018935446,15.2597885,MEDIUM
16.317416218683356,15.801323,MEDIUM
14.0451328370746,15.984362,MEDIUM
17.311886880858705,15.592377,MEDIUM
13.131429988215048,16.209173,MEDIUM
14.742405723449458,15.390951,MEDIUM
17.776775561389883,15.160753,MEDIUM
14.794199290393088,16.047312,MEDIUM
16.969591439751593,15.965351,MEDIUM
14.182740562837578,16.423178,MEDIUM
19.493369438271554,15.851999,MEDIUM
16.131292427205807,17.250477,MEDIUM
20.77950667613714,16.904913,MEDIUM
16.04577535811918,18.647041,MEDIUM
19.002270789446538,17.884037,MEDIUM
20.225211968957083,18.162724,MEDIUM
17.791682401155313,18.824713,MEDIUM
17.133564046149655,18.573812,MEDIUM
15.311401927657688,17.82665,MEDIUM
17.883403302119092,16.651218,MEDIUM
16.204166626890192,16.853079,MEDIUM
17.073770735126793,16.444187,MEDIUM
13.786577444553934,16.584015,MEDIUM
15.02704351157892,15.780628,MEDIUM
3.944237318051771,15.519295,MEDIUM
3.310333141409396,3.82241,LOW
4.05982739004676,2.822,LOW
4.82126269442745,2.516323,LOW
1.8232100073400979,2.9124303,LOW
1.38274955294062,3.0201402,LOW
1.8024995149951,3.3463092,LOW
1.5468865242833179,2.851331,LOW
3.0994154311868893,2.5628695,LOW
1.9346715771874656,2.6146793,LOW
3.279914900867549,2.214682,LOW
3.3524193812647276,2.2635436,LOW
4.575600393303578,2.4904652,LOW
4.839551783340438,3.0928535,LOW
3.8846416134912367,3.6953433,LOW
3.5284617546328807,3.865805,LOW
5.033049333102159,4.005491,LOW
5.749705080842618,4.4262733,LOW
5.615367415415703,4.99226,LOW
7.668531938173166,5.3855877,LOW
7.034992360656764,5.88666,LOW
4.473528585341981,6.410035,LOW
2.4036019522529486,6.2811446,LOW
6.244322766460538,5.315714,LOW
4.427254404727815,5.701335,LOW
3.658057452745137,5.508959,LOW
1.9449329531820077,5.1096373,LOW
3.588454783488096,4.164605,LOW
4.091601246181689,3.8737047,LOW
4.013903969210631,4.042429,LOW
14.981735927367046,4.0303736,LOW
15.236827607286841,14.629873,MEDIUM
11.385757298697552,14.709915,MEDIUM
15.287810748674858,13.689291,MEDIUM
16.37066831869742,13.736313,MEDIUM
12.736749723904257,14.64451,MEDIUM
15.78561224760363,14.499426,MEDIUM
14.173491625681905,15.1960945,MEDIUM
17.162089730770397,15.038795,MEDIUM
13.912889885064535,16.019682,MEDIUM
15.34067149938084,15.491167,MEDIUM
15.631448523037593,15.786343,MEDIUM
17.619335283468534,15.895493,MEDIUM
15.935595753409341,16.516096,MEDIUM
16.844184221062036,16.448027,MEDIUM
15.522917717345598,16.700882,MEDIUM
16.020952363436656,16.467804,MEDIUM
16.65760281504697,16.45938,MEDIUM
16.224844882307416,16.560942,MEDIUM
16.29889561748652,16.668844,MEDIUM
20.49022812192807,16.610111,MEDIUM
20.29448712635422,18.381866,MEDIUM
17.701787802097357,19.290503,MEDIUM
14.777158076412512,18.856161,MEDIUM
16.76885076705877,17.231804,MEDIUM
16.86782991194825,16.6286,MEDIUM
16.602862308256963,16.35981,MEDIUM
15.359853507421064,16.43901,MEDIUM
14.290451269074838,16.259966,MEDIUM
13.522606912640498,15.822582,MEDIUM
13.167343608033013,15.102352,MEDIUM
13.702026670735336,14.021095,MEDIUM
11.698310711641446,13.617964,MEDIUM
9.889902436087798,12.980652,MEDIUM
10.466804418007502,11.766851,MEDIUM
12.964581743314021,11.058537,MEDIUM
12.53207643879304,11.78932,MEDIUM
11.21552992084583,12.101419,MEDIUM
12.056984793126801,11.840359,MEDIUM
11.469731394390207,11.89296,MEDIUM
13.871646120757097,11.914589,MEDIUM
13.136586195727308,12.772488,MEDIUM
15.12692754739522,13.040447,MEDIUM
10.415182993384228,13.724993,MEDIUM
12.96518710136571,12.916063,MEDIUM
13.729054597842845,13.131294,MEDIUM
12.221111506737971,13.316822,MEDIUM
13.935375519165772,13.142418,MEDIUM
19.283573086032693,13.438307,MEDIUM
15.518977548941672,16.356277,MEDIUM
13.00267736921155,16.307213,MEDIUM
12.271799289374243,15.535763,MEDIUM
16.91333162226357,14.313807,MEDIUM
14.455727129939172,15.520489,MEDIUM
11.759009531961954,14.998325,MEDIUM
15.420448533731188,13.952837,MEDIUM
12.045481036418535,14.55847,MEDIUM
14.673171463001204,13.81097,MEDIUM
12.800061390934003,14.094391,MEDIUM
10.256165396964626,13.641237,MEDIUM
23.755577406651348,12.744547,MEDIUM
25.73339616425755,24.18637,MEDIUM
21.06945755433469,23.820795,MEDIUM
22.555978156127164,22.91563,MEDIUM
22.293990162934477,22.885933,MEDIUM
22.687793238459548,22.469337,MEDIUM
25.31426638270362,22.277006,MEDIUM
22.92675124902956,23.114733,MEDIUM
23.780761014841968,23.124718,MEDIUM
23.340344871023408,23.35705,MEDIUM
24.186393543353244,23.167099,MEDIUM
22.712310242812652,23.27883,MEDIUM
26.045202363225606,22.699701,MEDIUM
24.259867265361006,24.059624,MEDIUM
24.816620504712095,24.092424,MEDIUM
28.275678631723633,24.43664,MEDIUM
25.2608128320457,25.896034,HIGH
27.68973190618135,25.604944,HIGH
28.23069547620657,26.09011,HIGH
23.889567317922307,26.449211,HIGH
25.395724933440484,25.475021,HIGH
25.17976457085161,24.759895,MEDIUM
25.4490680740343,24.250603,MEDIUM
28.398175643010937,24.36158,MEDIUM
28.457650532079615,25.529781,HIGH
23.63967517953698,26.46522,HIGH
22.793137235411518,25.41188,HIGH
25.20626706157966,23.663052,MEDIUM
23.04123036396992,23.494091,MEDIUM
23.79237129822893,22.676397,MEDIUM
15.976379555741989,22.687172,MEDIUM
16.65488191739908,14.888161,MEDIUM
13.068726500964106,14.775036,MEDIUM
14.150061536960141,14.664642,MEDIUM
14.911253440803089,14.252075,MEDIUM
14.264278596112527,14.388624,MEDIUM
12.916439772639642,14.435881,MEDIUM
14.706680369825381,14.169165,MEDIUM
12.455502436722377,14.366095,MEDIUM
16.21576306013045,13.867952,MEDIUM
14.842530243220999,14.778404,MEDIUM
14.02571117534741,14.85247,MEDIUM
14.560809039922697,14.846254,MEDIUM
16.273305351682165,14.868204,MEDIUM
17.546224592465798,15.60202,MEDIUM
17.06944411492272,16.20272,MEDIUM
16.907939382860697,16.576204,MEDIUM
16.068895624707913,16.824162,MEDIUM
18.443395855910595,16.656029,MEDIUM
18.197530892452654,17.313934,MEDIUM
17.947879223437262,17.595913,MEDIUM
17.527046861998585,17.78873,MEDIUM
16.24290749516522,17.815859,MEDIUM
14.87560787970251,17.157679,MEDIUM
17.020447149745763,16.154207,MEDIUM
15.654147717582088,16.352264,MEDIUM
14.486536918438706,16.111622,MEDIUM
15.133005867300167,15.643644,MEDIUM
15.863017255184126,15.576824,MEDIUM
12.631095984530594,15.668137,MEDIUM
21.02156529169862,14.735888,MEDIUM
23.945004524174806,18.949196,MEDIUM
20.316165263659048,21.297,MEDIUM
23.337540140834026,21.134386,MEDIUM
19.373223721604127,21.931248,MEDIUM
23.964985713344717,21.105003,MEDIUM
20.713500529218962,21.989323,MEDIUM
19.417558287700217,21.211847,MEDIUM
22.29038621639154,20.610851,MEDIUM
18.551211417237155,20.80723,MEDIUM
23.105805175070422,20.131264,MEDIUM
21.620164356693483,20.852757,MEDIUM
19.40577208081569,21.073418,MEDIUM
22.327743903487608,20.853424,MEDIUM
23.50817644899226,21.068974,MEDIUM
24.75870584415611,22.109291,MEDIUM
23.147239472434983,23.23004,MEDIUM
23.745046870545956,23.22958,MEDIUM
21.17275516445188,23.277494,MEDIUM
22.444806976232943,22.410784,MEDIUM
22.78445505121569,22.097025,MEDIUM
25.0251550038739,21.89917,MEDIUM
23.715069527585023,23.06527,MEDIUM
25.491096939135375,23.313135,MEDIUM
21.66810822343257,24.164982,MEDIUM
21.977837582174914,23.235943,MEDIUM
21.93631789986479,22.36919,MEDIUM
21.171533632273913,21.476933,MEDIUM
21.216060567434265,21.04262,MEDIUM
22.838308106204437,20.693289,MEDIUM
17.547859602976445,21.3306,MEDIUM
21.931483418660665,20.430601,MEDIUM
15.678935990516292,20.5129,MEDIUM
17.314624000067028,17.799984,MEDIUM
15.787177332431678,17.27273,MEDIUM
17.476808854444386,16.263474,MEDIUM
17.242477552199254,16.609348,MEDIUM
15.04675070543368,16.85302,MEDIUM
16.937865508276335,16.322407,MEDIUM
14.735736276568092,16.58819,MEDIUM
16.001770111212533,16.02213,MEDIUM
15.858232031808669,16.118505,MEDIUM
16.666997610737468,16.064926,MEDIUM
16.796629654051017,16.518766,MEDIUM
17.98789306596152,16.629581,MEDIUM
18.70374037428864,17.312521,MEDIUM
18.753786355562404,17.946556,MEDIUM
17.407278955109575,18.433233,MEDIUM
19.015684432969998,18.216873,MEDIUM
17.501287422078356,18.560322,MEDIUM
17.838802574590247,18.18421,MEDIUM
16.396369274695047,17.977524,MEDIUM
16.673364365781417,17.298195,MEDIUM
17.87072733287557,17.143621,MEDIUM
15.92519640174477,17.29607,MEDIUM
17.481134152800916,16.748302,MEDIUM
17.96019629692882,17.032412,MEDIUM
16.746644433325272,17.358461,MEDIUM
17.27035188273501,17.16076,MEDIUM
15.737430188066204,17.12098,MEDIUM
26.87344401219447,16.752453,MEDIUM
30.15570593555385,23.767452,MEDIUM
27.070375674341122,28.202696,HIGH
28.21153731206972,27.338795,HIGH
27.179217901918886,27.537258,HIGH
25.25229330971958,26.982891,HIGH
27.58772209008367,25.85981,HIGH
28.377735221418597,25.513624,HIGH
26.05228586415715,26.364376,HIGH
28.813669488959473,26.128822,HIGH
28.485687979020188,26.934706,HIGH
28.75644813274363,27.498135,HIGH
30.818932434162825,27.666851,HIGH
29.514727759194734,28.689175,HIGH
29.458801444189525,29.173458,HIGH
30.26887394465766,28.92278,HIGH
31.984544328131832,29.213263,HIGH
30.952128520292284,30.038858,HIGH
30.05573261147679,29.95021,HIGH
30.051609127692803,29.892265,HIGH
31.016404918871267,29.914982,HIGH
30.504921495851367,29.876331,HIGH
28.472840571569158,29.517914,HIGH
29.404955100715732,28.74535,HIGH
31.399266806852296,28.536118,HIGH
30.17026226148566,29.11977,HIGH
27.147801556447945,29.050901,HIGH
28.31055570892555,28.112387,HIGH
28.933914123805085,27.651894,HIGH
29.236847258877678,27.400097,HIGH
22.76788984653721,27.18779,HIGH
24.86760569860779,24.384491,MEDIUM
22.615813175138484,25.10614,HIGH
24.302212096751497,23.716396,MEDIUM
22.996171449435874,23.672995,MEDIUM
25.723670320973724,23.02752,MEDIUM
23.47176714210839,23.811996,MEDIUM
24.244718041540025,23.461893,MEDIUM
20.516553888771412,23.878914,MEDIUM
22.097977658707123,21.842144,MEDIUM
26.478061737808723,21.732283,MEDIUM
24.78459496744024,23.462511,MEDIUM
28.452800530964574,24.04042,MEDIUM
25.214824664680222,26.165855,HIGH
25.39577309175413,25.837906,HIGH
27.501379698029243,25.748098,HIGH
25.120784109084624,25.912333,HIGH
25.113090246880056,25.40847,HIGH
24.871230050807128,24.886477,MEDIUM
28.756409835231523,24.458092,MEDIUM
27.396372077910478,26.143185,HIGH
26.967310501565546,26.395927,HIGH
25.616973094684106,26.625965,HIGH
26.63959310709646,26.008041,HIGH
24.955804626260274,25.918228,HIGH
24.352119359230784,24.885609,MEDIUM
27.175983103063615,23.999228,MEDIUM
24.32386481690137,24.80398,MEDIUM
26.135708210022287,24.428902,MEDIUM
22.022904202710386,24.744263,MEDIUM
24.305993250215813,23.307545,MEDIUM
24.664856080765258,23.3107,MEDIUM
25.858516767437465,23.518929,MEDIUM
24.547091416995485,24.184795,MEDIUM
20.751978732010954,24.251413,MEDIUM
22.66472510645027,22.180935,MEDIUM
22.153497318311565,22.140358,MEDIUM
23.590697741731987,21.699219,MEDIUM
20.484953422729124,22.198662,MEDIUM
23.508593731612006,21.597412,MEDIUM
21.357427274274336,22.122091,MEDIUM
23.237638046656645,21.858744,MEDIUM
22.25931008262752,22.3037,MEDIUM
22.276601515034354,22.187824,MEDIUM
24.810413348873258,22.317015,MEDIUM
23.443978676090584,23.246956,MEDIUM
26.126746219233652,23.39679,MEDIUM
23.129784576803274,24.383125,MEDIUM
28.00298591937457,23.890362,MEDIUM
28.67959776906575,25.549583,HIGH
28.058902025195472,26.578213,HIGH
25.160256907673364,27.31924,HIGH
24.284885974828086,26.365742,HIGH
25.885011807147002,25.318436,HIGH
24.020233515716924,24.705618,MEDIUM
23.46251775620874,23.803246,MEDIUM
23.700396823359675,23.134207,MEDIUM
23.38857035324113,22.920128,MEDIUM
22.177833001004217,23.097569,MEDIUM
23.720387455181715,22.588615,MEDIUM
0.0,22.596992,MEDIUM
1.109149220381573,1.7402351,LOW
0.0,0.8443116,LOW
2.036567308058725,0.6870173,LOW
1.432919283744976,0.8429384,LOW
0.0,0.8934213,LOW
0.0,1.3193506,LOW
0.3942220703734787,1.2974477,LOW
2.042478403415334,1.2752862,LOW
0.0,1.4400417,LOW
0.0,1.3910156,LOW
0.0,1.2113347,LOW
0.0,1.1208947,LOW
0.733441216661447,1.167983,LOW
2.9207099470235267,1.2345262,LOW
4.234049992458594,1.3067145,LOW
4.779577580154431,1.495411,LOW
4.407747786139051,1.9906846,LOW
3.677971112389587,2.6729746,LOW
3.0527569434479105,3.3361237,LOW
6.974495296307282,3.7438369,LOW
3.8606947270960124,4.9919515,LOW
4.1778408505172795,5.132159,LOW
2.4040068653087623,4.9527903,LOW
2.879358167867583,4.2681084,LOW
0.3374495951729095,4.0621643,LOW
0.2925387873935712,3.3098586,LOW
0.0,2.40133,LOW
0.0,1.8467289,LOW
0.0,1.486072,LOW
19.11199201053919,1.270139,LOW
16.481446540635176,19.419464,MEDIUM
16.7848012732751,16.133993,MEDIUM
15.816109876069383,16.015701,MEDIUM
14.761548256588192,15.664452,MEDIUM
17.83770194182012,15.384289,MEDIUM
15.362406302984665,16.373194,MEDIUM
16.886709304049738,16.127563,MEDIUM
16.0492815402081,16.488716,MEDIUM
15.581996128815456,16.475863,MEDIUM
15.291615027032957,16.237797,MEDIUM
18.524823807707254,16.056963,MEDIUM
21.22555357106545,16.826302,MEDIUM
15.007306555664002,18.684761,MEDIUM
17.018970595759303,17.649788,MEDIUM
18.276087902245514,17.391346,MEDIUM
18.28728447722262,17.706379,MEDIUM
15.889985886426578,17.966238,MEDIUM
17.780054141797525,17.14389,MEDIUM
21.654624430023112,17.345783,MEDIUM
17.537707815320513,19.121002,MEDIUM
17.820148888020626,18.701511,MEDIUM
17.062759803605463,18.32392,MEDIUM
20.25700821798642,17.936028,MEDIUM
18.026922806172266,18.708094,MEDIUM
15.486788069979795,18.311113,MEDIUM
18.255757150146287,17.21239,MEDIUM
14.626420140977437,17.409367,MEDIUM
15.52478157121141,16.31726,MEDIUM
14.177715764245573,15.9127655,MEDIUM
30.76756159805555,15.215242,MEDIUM
29.583739574473398,31.343662,HIGH
29.3747623583169,29.235733,HIGH
28.937128352347386,29.200542,HIGH
24.968143488177155,28.880892,HIGH
24.762503429680898,27.818048,HIGH
28.279310338415485,27.034393,HIGH
26.23610669012577,25.298689,HIGH
28.214549881456342,25.105295,HIGH
27.364421383960426,26.0769,HIGH
28.92521134810309,26.415367,HIGH
29.7898637698354,27.641972,HIGH
29.19679060780594,28.566004,HIGH
31.672749456258607,28.797668,HIGH
30.7754094433521,29.874022,HIGH
32.7948764290488,29.938173,HIGH
31.99290385227583,31.4318,HIGH
30.099533085347787,32.12165,HIGH
32.79206313647754,31.547016,HIGH
31.06133400242531,32.37573,HIGH
34.484585356812126,31.477053,HIGH
28.442219152244483,32.10728,HIGH
29.75366734859646,29.85366,HIGH
34.50364958117714,29.745302,HIGH
29.56093693980808,31.3557,HIGH
31.985807172449473,29.431704,HIGH
28.2427391696396,29.937994,HIGH
31.285842580934542,27.744085,HIGH
30.58730890319754,28.666918,HIGH
29.435924775215526,28.106913,HIGH
38.63453914547851,27.370726,HIGH
37.43022618470104,33.23542,HIGH
36.555075692058416,33.67656,HIGH
37.63279335665962,34.047077,HIGH
34.75083581398191,34.91454,HIGH
34.588654236082725,34.16509,HIGH
35.560344902149694,33.637115,HIGH
35.644629805823634,32.009357,HIGH
32.99511445344794,32.933723,HIGH
36.90054976234818,31.906378,HIGH
36.9587067443159,33.26212,HIGH
37.84390262295338,34.96363,HIGH
39.571600138184984,36.20196,HIGH
35.196350897089374,37.623302,HIGH
38.801336965738635,37.25364,HIGH
37.6428750178117,37.9277,HIGH
41.87985947906053,37.22843,HIGH
37.43512988195819,38.548313,HIGH
42.460763596056005,38.341785,HIGH
36.994087844579326,39.826572,HIGH
39.85381512227265,38.88416,HIGH
38.31541218866052,39.005215,HIGH
37.53264380044291,38.398937,HIGH
40.295057817497195,36.846767,HIGH
39.90010039335315,37.791245,HIGH
38.29919790875016,36.37884,HIGH
34.67087626170113,36.668007,HIGH
37.353109104280435,34.25825,HIGH
37.674771806175976,34.391632,HIGH
31.064543757061323,34.00818,HIGH
3.943989357076557,31.656536,HIGH
6.380397034628924,3.8164756,LOW
4.987572401334047,5.1709175,LOW
4.386741565169425,4.2282085,LOW
2.78150958925424,3.465545,LOW
1.9211575293152983,3.6066499,LOW
3.3466658476127797,3.2126129,LOW
2.9885439356690213,4.027253,LOW
3.8365407116820585,3.7608898,LOW
4.550195245666075,3.6107216,LOW
4.606069255148194,3.5837438,LOW
5.264752587540777,3.8302915,LOW
3.8341269213215288,4.4144945,LOW
5.166768697297332,4.636199,LOW
4.517719823864471,4.994733,LOW
3.2755606169597797,5.183217,LOW
6.745448765490359,4.992502,LOW
7.401690560981034,5.50826,LOW
8.351950717368688,6.084365,LOW
7.6694709093971785,6.742325,LOW
7.37231034037163,7.0808377,LOW
5.881411207922007,7.3870635,LOW
6.418852985556265,7.5489984,LOW
9.389920932130423,7.792361,LOW
5.657431967039837,8.423014,LOW
3.2342144585449333,8.052482,LOW
4.976988928429273,6.3313274,LOW
3.1128819645465278,6.1070795,LOW
5.0818484398085815,5.4459343,LOW
5.261722052748009,5.35796,LOW
8.292393606569705,5.3557205,LOW
6.929615543729774,5.522026,LOW
9.275397251223751,5.8976393,LOW
8.895803967014087,6.545367,LOW
8.866258045882518,6.995005,LOW
6.430591025603773,7.570475,LOW
7.416855289835338,7.777246,LOW
9.663819284263672,8.370234,LOW
8.971829487243005,8.819292,LOW
9.946520055041756,9.039671,LOW
3.2057155154862187,9.37092,LOW
6.535800173595076,6.880697,LOW
10.20810797367546,6.794237,LOW
9.832312296524158,8.671739,LOW
10.868913535344843,8.817448,LOW
10.216046910815232,9.508288,LOW
9.326617380114675,9.546139,LOW
9.693676045171328,9.660313,LOW
12.837610074350819,10.216177,MEDIUM
14.07466483776288,10.954351,MEDIUM
10.113805271782976,11.8471775,MEDIUM
9.33248944841254,11.483255,MEDIUM
10.682282744872017,10.881384,MEDIUM
8.3320246616729,10.903521,MEDIUM
8.995858423599836,10.528429,MEDIUM
8.820943232203197,10.121328,MEDIUM
7.4317979079242775,9.888586,LOW
10.821727385120216,9.253141,LOW
7.683747773617908,9.737209,LOW
8.623124671186238,9.265548,LOW
28.022371965748732,9.165735,LOW
30.556962262116016,27.829975,HIGH
29.36589104541615,28.55906,HIGH
28.273861392761027,28.274063,HIGH
26.540457477967465,27.973633,HIGH
26.244878483300646,27.439528,HIGH
27.251829357339442,27.368298,HIGH
27.143850122179167,25.397264,HIGH
24.97751348998061,25.296768,HIGH
26.818856066405203,24.68689,MEDIUM
27.30328737845297,25.156454,HIGH
27.310937993057912,25.802681,HIGH
28.17647227386684,26.445799,HIGH
27.91456458837773,27.110622,HIGH
29.137208398840887,27.582203,HIGH
28.682427597784184,28.473833,HIGH
28.13610785679354,28.40669,HIGH
30.376009502589874,28.271212,HIGH
32.24420425890423,28.79533,HIGH
27.224715050901665,30.135416,HIGH
30.547666213180374,28.704107,HIGH
25.357392362753963,29.359665,HIGH
27.402461242651487,27.030365,HIGH
29.873485101301778,26.521868,HIGH
30.204653089236352,26.860424,HIGH
27.631592413582258,27.351807,HIGH
28.035284354307507,27.444649,HIGH
28.038703187876774,26.86397,HIGH
29.117048719578914,26.757153,HIGH
26.110959327967926,27.16407,HIGH
21.98276215342255,26.13701,HIGH
19.944471791941776,21.384716,MEDIUM
20.765382081112254,19.945404,MEDIUM
20.361721461338746,19.29094,MEDIUM
17.696209222022958,19.319862,MEDIUM
19.936160704810028,18.257832,MEDIUM
18.880974970547623,18.380205,MEDIUM
18.300674635981913,18.52568,MEDIUM
17.578479604289697,18.409681,MEDIUM
19.702862259398593,17.827362,MEDIUM
22.562323981224306,18.57278,MEDIUM
21.456862672282934,20.0406,MEDIUM
24.989028990242005,20.727383,MEDIUM
20.882845274474757,22.653084,MEDIUM
20.669074815925942,22.111423,MEDIUM
19.653210632703434,21.567537,MEDIUM
25.021174702884444,20.408676,MEDIUM
23.95284325180775,22.324963,MEDIUM
21.885745235978092,22.788258,MEDIUM
24.463183665022584,22.78526,MEDIUM
24.468276891073128,23.235462,MEDIUM
21.939443915493456,23.50813,MEDIUM
22.109553485170643,22.869225,MEDIUM
24.061018163864844,22.113071,MEDIUM
23.77280739410529,22.448349,MEDIUM
19.12786411472515,22.812487,MEDIUM
21.888509175760305,20.325954,MEDIUM
17.25368952653603,20.719852,MEDIUM
21.91426594709982,19.217186,MEDIUM
18.960702558889103,19.514385,MEDIUM
12.68663321144506,18.8635,MEDIUM
14.858923847968299,11.41976,MEDIUM
13.407357230246088,13.097628,MEDIUM
13.024950684944654,13.606661,MEDIUM
11.364591316677052,13.437431,MEDIUM
10.869354381765957,12.855801,MEDIUM
12.417879903885623,12.133547,MEDIUM
11.742781538851878,12.254185,MEDIUM
11.871711202068303,12.114975,MEDIUM
11.612816465750644,12.024288,MEDIUM
15.313599298969688,11.909712,MEDIUM
11.531411070979727,13.280401,MEDIUM
15.159818375742097,12.961777,MEDIUM
15.386422122846326,13.923605,MEDIUM
15.473146329777546,14.262495,MEDIUM
15.82054211638931,14.965996,MEDIUM
15.343685218020592,15.408434,MEDIUM
17.369542166315973,15.647951,MEDIUM
15.018324116545635,16.29888,MEDIUM
14.58708493163426,16.037565,MEDIUM
13.755623389252849,15.654272,MEDIUM
17.411547312133113,15.030737,MEDIUM
14.201730988621552,15.9456005,MEDIUM
17.599630365915182,15.467468,MEDIUM
14.646043649301873,16.238163,MEDIUM
13.549795282937927,15.920326,MEDIUM
13.114091657439412,15.187609,MEDIUM
11.907789327329624,14.435675,MEDIUM
12.836600303507309,13.538988,MEDIUM
13.702249575548434,13.078951,MEDIUM
41.13624446302901,13.2607975,MEDIUM
40.87771487451385,38.12609,HIGH
42.3030210740209,37.304207,HIGH
40.74905977389533,39.17788,HIGH
38.603803088762625,38.90489,HIGH
41.12424394400455,38.510323,HIGH
38.98366113500832,39.23828,HIGH
37.84617165463283,38.22189,HIGH
40.90650992872196,36.66292,HIGH
38.48446518185671,35.917477,HIGH
40.93147950421831,36.445385,HIGH
42.68457713349455,38.303234,HIGH
40.387860547231426,39.04111,HIGH
41.43168335849532,40.15085,HIGH
42.819821521495314,40.863194,HIGH
40.984196376090026,40.83412,HIGH
45.637303558936445,41.580185,HIGH
43.37667316143809,42.58542,HIGH
43.16230938417473,42.747295,HIGH
41.91565177019287,43.075825,HIGH
44.3643831875449,42.424274,HIGH
41.79021515272278,42.682384,HIGH
41.37620731772383,41.899975,HIGH
43.07250256682337,40.32773,HIGH
44.23979498132188,41.057995,HIGH
41.58038017528823,40.601276,HIGH
39.69240877398853,40.464596,HIGH
42.868656716556,39.364857,HIGH
38.3393994159846,39.93938,HIGH
41.93813754337978,37.459827,HIGH
32.870873041962945,36.585514,HIGH
32.997471170817136,31.387222,HIGH
34.80909245685273,29.035883,HIGH
31.69346877197088,28.413269,HIGH
29.84744513773569,26.983532,HIGH
31.50524825378546,26.316303,HIGH
31.63045815670445,27.0354,HIGH
33.96445687074033,29.604692,HIGH
32.661460224917796,30.549221,HIGH
32.153291539865116,31.228495,HIGH
32.6743218563869,31.73914,HIGH
32.908580926894714,31.796848,HIGH
32.93591491583294,31.882803,HIGH
32.83776003099749,31.990788,HIGH
31.746246090238763,32.086357,HIGH
33.11917316656615,31.61937,HIGH
37.04671652433763,31.779282,HIGH
34.00144662624449,33.58076,HIGH
36.15448967073652,33.746334,HIGH
34.06247781644979,34.925343,HIGH
35.532114397460965,34.716953,HIGH
31.766164476771074,34.794445,HIGH
35.99074952680449,33.025658,HIGH
35.34702790452349,33.12794,HIGH
36.69653165215983,33.003086,HIGH
33.66800953006066,33.948498,HIGH
32.44228947738262,33.38733,HIGH
31.172282911397968,32.496464,HIGH
33.35419117598154,31.2127,HIGH
32.082594136516235,30.401346,HIGH
6.037289787438213,29.857634,HIGH
6.881252789548601,4.8628006,LOW
4.676303844647982,5.2818723,LOW
6.338076817561767,5.0497117,LOW
8.70553370029847,5.132489,LOW
4.58581897683519,5.160051,LOW
5.6062582583216996,5.8573623,LOW
7.884956229073925,6.4492197,LOW
6.512914425292477,6.8424387,LOW
8.311539231562353,7.041803,LOW
4.996586278820236,7.4880695,LOW
6.928859019903883,7.0857997,LOW
8.168864615673376,7.0626254,LOW
5.262818870719546,7.5342526,LOW
6.86392927409616,7.4739366,LOW
11.26439029108168,7.2672753,LOW
7.955425069514382,8.548061,LOW
10.339438867633717,8.495879,LOW
8.108411807678202,9.365334,LOW
9.886234059219575,9.146007,LOW
10.607089224462126,9.504614,LOW
7.710419174415344,10.134834,MEDIUM
7.937735744892493,9.772396,LOW
9.488401269315695,9.132293,LOW
11.466863805594024,9.43154,LOW
8.469857546831397,10.0240135,MEDIUM
6.0259977016552355,9.953018,LOW
8.689491791102197,8.716063,LOW
8.123880857035397,8.795279,LOW
6.297843322271152,8.764172,LOW
33.2961326795684,8.447058,LOW
30.88514276298695,32.78866,HIGH
29.867293610862447,30.727627,HIGH
30.373466229063084,30.192816,HIGH
32.22511401216922,30.201942,HIGH
30.91250397476156,30.58592,HIGH
31.525439032125753,30.721897,HIGH
30.002278674509068,29.17603,HIGH
32.64434054040485,29.259436,HIGH
32.47956497398467,30.051594,HIGH
29.814822885444034,30.816845,HIGH
31.59648740508443,30.421268,HIGH
31.371665719703557,31.01167,HIGH
32.32391578488447,31.040104,HIGH
33.83949998803257,31.312008,HIGH
34.85161365722382,31.735506,HIGH
33.54354200635639,33.211094,HIGH
32.890118905128865,33.65697,HIGH
30.981916473320794,33.146053,HIGH
31.95551459360089,32.43029,HIGH
36.23532646703029,31.794353,HIGH
32.44014175152484,32.73221,HIGH
32.29055186729471,31.854113,HIGH
32.1800358435772,31.855997,HIGH
31.21923755005233,31.33319,HIGH
33.92464915855207,30.576603,HIGH
30.497132789276,30.895208,HIGH
28.49206386955369,29.197454,HIGH
29.06648780478053,28.619282,HIGH
33.02730071710451,27.590076,HIGH
13.32952214259968,28.97118,HIGH
15.215442419503129,11.907808,MEDIUM
12.193692863436768,12.729752,MEDIUM
18.28987965740905,13.019064,MEDIUM
14.17009203699271,16.4543,MEDIUM
14.50342193932529,15.400557,MEDIUM
15.980385919917968,15.2096615,MEDIUM
13.645054461352471,15.647667,MEDIUM
13.482712810050094,15.105944,MEDIUM
16.190821578816042,14.611492,MEDIUM
11.716042159105202,15.183586,MEDIUM
16.974158596698675,14.165201,MEDIUM
17.989284037412485,15.476852,MEDIUM
18.801078687000285,16.32004,MEDIUM
14.360128508979734,17.134537,MEDIUM
13.881381138092866,16.493288,MEDIUM
17.149834221597928,15.718344,MEDIUM
20.38285030614527,16.20328,MEDIUM
18.48100726365753,17.87912,MEDIUM
16.417132807035795,18.240608,MEDIUM
16.022658908613924,17.896587,MEDIUM
17.05465992297176,17.060411,MEDIUM
16.957350242798025,16.81884,MEDIUM
15.305521135085149,16.542469,MEDIUM
18.219426461997646,16.205074,MEDIUM
18.63237419791905,16.853436,MEDIUM
14.961861418240527,17.546339,MEDIUM
19.0205404010347,16.66583,MEDIUM
11.350550640444524,17.392897,MEDIUM
13.211373926983384,13.96553,MEDIUM
22.37428856547705,13.928915,MEDIUM
23.1054490161471,20.592667,MEDIUM
20.780041671957303,21.438566,MEDIUM
20.17014789606984,21.339788,MEDIUM
20.833273302637703,20.958115,MEDIUM
18.526297401965913,20.739628,MEDIUM
18.836614407509142,19.73143,MEDIUM
20.780817680906516,18.525272,MEDIUM
19.855117160832062,18.984985,MEDIUM
20.105041987126576,19.42437,MEDIUM
22.84648021515725,19.471268,MEDIUM
19.462777860251794,20.929092,MEDIUM
21.921809333511447,20.544031,MEDIUM
19.869218330673355,20.952871,MEDIUM
22.73950255777197,20.459312,MEDIUM
24.494978888905198,21.223349,MEDIUM
20.4838295241982,22.45824,MEDIUM
22.697400476555018,22.051476,MEDIUM
21.962291409809286,22.041954,MEDIUM
23.888398854003547,21.920347,MEDIUM
23.85271743030937,22.524513,MEDIUM
22.196036937662555,22.751774,MEDIUM
25.387219878197136,22.622248,MEDIUM
20.541596025068586,23.397964,MEDIUM
18.1386688447013,22.443983,MEDIUM
23.024675146643506,19.208645,MEDIUM
21.149182553767627,20.51748,MEDIUM
22.12839124746392,20.618761,MEDIUM
20.883088097630008,21.140541,MEDIUM
19.80120075946649,20.96835,MEDIUM
31.247828195298396,20.570875,MEDIUM
29.261938867110985,28.998974,HIGH
28.865454084512383,29.283138,HIGH
26.482563208975584,29.346134,HIGH
28.954595822989024,28.308662,HIGH
28.839760508569427,28.635069,HIGH
26.77152657134254,28.15818,HIGH
25.03865512390202,26.280869,HIGH
29.23404605997733,25.327843,HIGH
26.67486850697211,26.702818,HIGH
28.85452780727937,26.279264,HIGH
29.79333601149986,27.018435,HIGH
28.421010391515956,27.772882,HIGH
31.52748868658946,27.983658,HIGH
29.006007931609034,29.303938,HIGH
30.411472710068473,29.085434,HIGH
30.278433584955298,29.533762,HIGH
33.083620056279344,29.491646,HIGH
30.591471425608265,31.064892,HIGH
32.88466636175259,30.917164,HIGH
30.639471584860786,32.00437,HIGH
32.26778537212178,31.260218,HIGH
31.90918541737822,31.236721,HIGH
30.268682113017046,30.624527,HIGH
30.66611753395334,29.412758,HIGH
29.972827093862946,28.750984,HIGH
31.748549168725702,28.171852,HIGH
27.689953963165912,29.384483,HIGH
28.586442757006623,27.909618,HIGH
27.568933212626245,27.58681,HIGH
32.783695020751075,27.16771,HIGH
33.87585542969837,30.569618,HIGH
31.603171882799874,33.046432,HIGH
32.366837329944005,33.525463,HIGH
30.091206926106434,32.882847,HIGH
29.82359383065171,31.629318,HIGH
30.482628546304475,30.354298,HIGH
35.3956043846125,28.075493,HIGH
31.507315791250512,30.628674,HIGH
28.891731137514714,30.938126,HIGH
32.754343866749444,30.0013,HIGH
31.47129884854364,30.902792,HIGH
32.69226102627263,30.710476,HIGH
32.917297857695274,31.331999,HIGH
31.547600811486333,31.657953,HIGH
29.33372669476885,31.919504,HIGH
31.888402731820157,31.116922,HIGH
36.22801876600761,30.764523,HIGH
32.977441582401724,33.168526,HIGH
35.47050491336336,33.17446,HIGH
34.470315970786174,34.42641,HIGH
34.14407858173945,34.484303,HIGH
31.925685969914895,34.2285,HIGH
34.1310061091137,32.772614,HIGH
33.57750456129776,31.92248,HIGH
32.18513805508038,32.19995,HIGH
32.59561761465019,30.663937,HIGH
31.868452014612515,30.654697,HIGH
30.536938265864993,29.51802,HIGH
31.236613017828567,29.030989,HIGH
12.282183325254085,28.428236,HIGH
8.586443984307747,10.565857,MEDIUM
8.995214793321844,9.475975,LOW
7.356189059150468,9.553186,LOW
9.824337293880312,7.769604,LOW
9.871811512924285,8.089054,LOW
4.882592346900802,9.176573,LOW
8.825265778092458,8.595791,LOW
7.296447917495367,8.865234,LOW
11.172240014564878,8.612038,LOW
7.090998947147817,9.680965,LOW
10.21562728497827,9.296917,LOW
12.001363799987896,9.551369,LOW
11.362549407392612,10.059029,MEDIUM
12.281297867963188,10.675396,MEDIUM
9.680825419139941,11.21101,MEDIUM
11.91492736297825,11.042028,MEDIUM
12.646568215502873,11.592348,MEDIUM
11.336715314624241,12.206469,MEDIUM
10.470391001426728,12.230663,MEDIUM
12.568866801372504,11.71697,MEDIUM
12.205359610016394,12.1619,MEDIUM
12.291507228163951,12.225067,MEDIUM
9.993041439679525,12.464344,MEDIUM
11.479593575676805,11.669369,MEDIUM
11.059163200460652,11.736639,MEDIUM
9.47430334277876,11.582003,MEDIUM
8.506709731897628,10.980825,MEDIUM
8.218803523518382,10.559317,MEDIUM
8.924131284208777,10.067799,MEDIUM
0.0,9.846304,LOW
0.0,1.8843008,LOW
0.0,0.8412863,LOW
0.0,0.7301334,LOW
0.0,0.8006766,LOW
0.0,0.8617928,LOW
0.0,0.8087274,LOW
0.0,0.7873343,LOW
0.0,0.77196467,LOW
0.0,0.73777413,LOW
0.0,0.7621201,LOW
0.0,0.80699587,LOW
0.0,0.80823433,LOW
0.0,0.819633,LOW
0.0,0.85237265,LOW
0.0,0.87708426,LOW
0.23551203092749695,0.90636706,LOW
0.0,0.9824395,LOW
0.052596492574702225,0.99542654,LOW
0.0,1.0562147,LOW
0.0,1.0501796,LOW
0.6171427780769037,1.0735741,LOW
0.0,1.1348717,LOW
0.48552096112157983,1.0948919,LOW
0.0,1.1555189,LOW
0.0,1.120414,LOW
0.0,1.0940945,LOW
0.0,1.0707898,LOW
0.0,0.99561656,LOW
0.0,0.95921814,LOW
18.92537219369061,0.89828444,LOW
23.232905036419197,19.806587,MEDIUM
24.163519481549443,20.601183,MEDIUM
18.034996372674414,21.294643,MEDIUM
16.363192842199275,20.58092,MEDIUM
20.732524203898237,18.992687,MEDIUM
18.62716066274801,19.14171,MEDIUM
19.98511976562464,18.47213,MEDIUM
20.264501660224223,18.970694,MEDIUM
21.06395372727122,19.430916,MEDIUM
21.192854771523468,20.255228,MEDIUM
19.41527863282509,20.519466,MEDIUM
17.94677059213052,20.14756,MEDIUM
20.303145655509972,19.343433,MEDIUM
20.4642528565498,19.510675,MEDIUM
21.942179105384366,19.649902,MEDIUM
23.948292657344815,20.622044,MEDIUM
20.516349909965562,22.193384,MEDIUM
22.02337179924856,21.762318,MEDIUM
21.83017447357277,21.749271,MEDIUM
25.686350422369536,21.52449,MEDIUM
21.249051497513705,23.521988,MEDIUM
21.337621519323903,22.723682,MEDIUM
19.19837124296661,22.092352,MEDIUM
23.419656405115134,20.62801,MEDIUM
21.62200034677779,21.514671,MEDIUM
20.317561234864765,21.153011,MEDIUM
19.719865865938313,20.595665,MEDIUM
21.973566857398957,19.996944,MEDIUM
18.43136562213415,20.51463,MEDIUM
20.29054703713482,19.682281,MEDIUM
22.20058279794716,18.243855,MEDIUM
19.92184481971998,18.738316,MEDIUM
20.031317379252023,18.984837,MEDIUM
20.05047305267331,19.173256,MEDIUM
21.212527842735774,19.310257,MEDIUM
19.382419462903925,19.922153,MEDIUM
19.32166991645689,19.626862,MEDIUM
21.354649083934376,19.281593,MEDIUM
19.455193611630904,19.840425,MEDIUM
20.996407878116198,19.653492,MEDIUM
22.097182898983853,19.935484,MEDIUM
21.352993161536556,20.64171,MEDIUM
19.638207619172412,21.02114,MEDIUM
21.853597085295853,20.444378,MEDIUM
23.226028130967734,20.700796,MEDIUM
22.276954767947654,21.59906,MEDIUM
21.61255137422342,21.957016,MEDIUM
20.35533191612282,21.94205,MEDIUM
23.320204334383142,21.204817,MEDIUM
23.942843145560353,21.57833,MEDIUM
22.354613783307325,22.40311,MEDIUM
21.82022207342993,22.536526,MEDIUM
23.692288043247117,22.089752,MEDIUM
21.587161800566978,22.30356,MEDIUM
21.720015693912096,21.920618,MEDIUM
21.285197668919984,21.514559,MEDIUM
19.472047687568747,21.157684,MEDIUM
19.916113364274366,20.236885,MEDIUM
17.462370573716903,19.4267,MEDIUM
18.31057356560517,18.454084,MEDIUM
19.68897702417643,18.272991,MEDIUM
18.409615811814596,18.69561,MEDIUM
17.07815592395544,18.601938,MEDIUM
16.09283078664805,17.777237,MEDIUM
15.447900121152516,16.947508,MEDIUM
13.496824521735437,16.159994,MEDIUM
16.03119700307463,15.2303505,MEDIUM
18.0959463455873,15.332218,MEDIUM
14.883072468109868,16.420958,MEDIUM
16.665172119015,16.04575,MEDIUM
19.115352534014185,16.336662,MEDIUM
15.311672168744995,17.268705,MEDIUM
19.682659281577827,16.537594,MEDIUM
16.825034101124245,17.902674,MEDIUM
20.258517720921116,17.627707,MEDIUM
18.87283920468575,18.757248,MEDIUM
19.722862056724168,18.735947,MEDIUM
21.53304310105779,19.046562,MEDIUM
22.405316627458127,19.796488,MEDIUM
19.675630453131145,20.829908,MEDIUM
18.1686489950635,20.611507,MEDIUM
20.267754230464792,19.42979,MEDIUM
18.474035723715065,18.98207,MEDIUM
21.46138668897935,18.581827,MEDIUM
18.445846625340003,19.50087,MEDIUM
16.24430193160649,18.95691,MEDIUM
19.789337612948664,17.708048,MEDIUM
14.472613141926217,18.067663,MEDIUM
16.36156259012869,16.594454,MEDIUM
21.273908618109264,16.090734,MEDIUM
24.555490069352636,19.010422,MEDIUM
22.943763101713245,22.03029,MEDIUM
23.597033197302785,22.700672,MEDIUM
21.599889018873228,23.076149,MEDIUM
22.52236019860569,22.5873,MEDIUM
22.54745994775597,22.233036,MEDIUM
20.561156146508644,21.898424,MEDIUM
18.95745114984888,21.265059,MEDIUM
20.32656486462669,20.045273,MEDIUM
23.042500085377842,19.55461,MEDIUM
21.218289277969674,20.939934,MEDIUM
24.732754494477387,21.011478,MEDIUM
21.80015013028008,22.645058,MEDIUM
24.22644373472827,22.421295,MEDIUM
21.5564117158767,23.17844,MEDIUM
21.396799784120255,22.511784,MEDIUM
23.418743694765663,21.899885,MEDIUM
23.81331231055296,22.126913,MEDIUM
25.486052208453696,22.663622,MEDIUM
23.59561857383324,23.725048,MEDIUM
25.516223624075984,23.603043,MEDIUM
24.868252693442304,24.13542,MEDIUM
25.83319242119501,24.26294,MEDIUM
23.13884420145464,24.631111,MEDIUM
24.041501241571915,23.898888,MEDIUM
22.704345364934124,23.538242,MEDIUM
21.84137860640653,22.891361,MEDIUM
22.971113276234153,22.021465,MEDIUM
23.33871804237903,21.779724,MEDIUM
14.261926250823667,22.205132,MEDIUM
18.96551663822675,12.9435215,MEDIUM
18.41275845582237,14.903624,MEDIUM
15.830239040838949,16.606321,MEDIUM
17.309496409790587,16.228035,MEDIUM
15.264605157208461,16.477379,MEDIUM
16.55977432601809,16.358904,MEDIUM
15.850041148069291,16.35602,MEDIUM
18.347432226374607,16.07732,MEDIUM
14.051916353932722,16.842934,MEDIUM
14.2258823031305,15.936979,MEDIUM
15.440899037525437,15.456768,MEDIUM
17.28354993449287,15.438499,MEDIUM
20.967406786744057,16.093855,MEDIUM
17.947963635539672,17.816364,MEDIUM
20.033319347950663,18.23601,MEDIUM
20.98122631395586,19.121273,MEDIUM
19.404768177673574,19.684612,MEDIUM
19.063985736728664,19.601948,MEDIUM
19.206332044845933,19.079937,MEDIUM
19.54707227962418,18.897846,MEDIUM
17.94735702533825,18.957691,MEDIUM
18.717533396809475,18.463234,MEDIUM
21.239989939646662,18.182173,MEDIUM
18.171807976147345,19.237202,MEDIUM
18.541635797053072,18.867975,MEDIUM
17.182196563108555,18.513689,MEDIUM
14.772837356771179,17.972855,MEDIUM
16.175041425028052,16.580462,MEDIUM
14.917335229628858,15.730343,MEDIUM
22.48076806138824,15.54484,MEDIUM
18.90995684183732,21.342617,MEDIUM
18.86468833422507,20.401264,MEDIUM
19.106280481054714,20.422443,MEDIUM
16.831585546325606,19.961956,MEDIUM
19.316735346651996,18.73399,MEDIUM
19.69672584611679,18.572422,MEDIUM
18.779392950935076,18.614082,MEDIUM
20.44044994894672,18.79832,MEDIUM
23.449437260646388,19.365755,MEDIUM
20.988310160348377,21.279448,MEDIUM
21.21980371337378,21.441288,MEDIUM
18.673724656656052,21.474018,MEDIUM
21.19230927711609,20.510948,MEDIUM
20.344543417148714,20.66592,MEDIUM
21.368965914098656,20.207241,MEDIUM
22.196875984546985,20.943886,MEDIUM
22.809930135421425,21.518852,MEDIUM
21.36998234013197,22.300863,MEDIUM
23.858605211799354,22.142288,MEDIUM
21.87054690330907,22.932177,MEDIUM
22.04079108330158,22.478533,MEDIUM
23.005565027990954,22.156391,MEDIUM
23.108656226620205,22.021019,MEDIUM
22.28383119014793,22.281662,MEDIUM
18.432405355729294,22.14286,MEDIUM
22.123870498000827,20.640852,MEDIUM
19.45934831973166,20.976982,MEDIUM
21.397514824380504,19.896275,MEDIUM
17.602502189672308,20.351269,MEDIUM
29.648631991370465,19.08622,MEDIUM
31.580964303762396,26.612188,HIGH
28.703948986752106,29.798046,HIGH
27.629996102384634,28.7456,HIGH
24.67173361961424,27.618355,HIGH
29.304399493484055,26.182272,HIGH
30.868233944348518,26.327663,HIGH
29.737645927868748,27.494852,HIGH
28.99849687064705,28.462461,HIGH
28.45231491364141,28.905403,HIGH
27.177850237199944,28.779633,HIGH
28.056464428305922,27.747711,HIGH
27.5395635692161,27.13408,HIGH
27.483785334243485,26.708376,HIGH
29.55268779151713,26.533758,HIGH
30.20387682891635,27.29784,HIGH
31.03048369040958,28.258553,HIGH
31.99318262511785,29.266624,HIGH
32.32904732337644,30.368477,HIGH
30.088181880371206,30.96392,HIGH
31.944776124400015,30.438719,HIGH
30.92454429452826,30.817225,HIGH
29.892999196727583,30.317905,HIGH
29.24251181282716,29.629383,HIGH
31.39923444392342,28.878654,HIGH
27.340787903616967,29.469841,HIGH
29.60067480130288,28.136005,HIGH
28.85569482610699,27.97707,HIGH
25.955547909087407,27.707394,HIGH
24.475697483250425,26.607746,HIGH
20.109432232446416,24.764198,MEDIUM
15.510794584748144,20.373314,MEDIUM
18.932453034557277,16.039337,MEDIUM
16.309426402890097,15.501535,MEDIUM
18.40121673394323,15.9618,MEDIUM
18.791899530525775,16.925585,MEDIUM
20.152785176154847,17.69897,MEDIUM
17.649840214358,18.815475,MEDIUM
16.367460869835806,18.420002,MEDIUM
18.83396360658852,17.695572,MEDIUM
18.769861823845115,17.83226,MEDIUM
18.1675283871634,18.08487,MEDIUM
21.195987593302835,18.03627,MEDIUM
21.19339697911576,19.171593,MEDIUM
21.348141445630347,19.949652,MEDIUM
16.25629254043378,20.624022,MEDIUM
20.151033969781388,18.49739,MEDIUM
19.25002295958319,18.737467,MEDIUM
22.565136213308758,18.776394,MEDIUM
19.618149309412566,20.155369,MEDIUM
22.973245184062556,20.065166,MEDIUM
19.7516074655469,21.22867,MEDIUM
18.660323286786937,20.712528,MEDIUM
21.19105801765736,19.741426,MEDIUM
19.663832634755718,19.612015,MEDIUM
18.528362790161513,19.422268,MEDIUM
20.168345100216605,18.838596,MEDIUM
17.70735640882714,18.965275,MEDIUM
21.41126338943912,18.575073,MEDIUM
18.85006264448639,19.344387,MEDIUM
14.593227508505127,19.094124,MEDIUM
14.000241005276107,17.6078,MEDIUM
14.005596494402463,14.890192,MEDIUM
12.243918359760837,14.898085,MEDIUM
12.022636058992221,13.964689,MEDIUM
11.695808743665697,13.11878,MEDIUM
12.827825829442876,12.808125,MEDIUM
13.016541807715992,12.971155,MEDIUM
14.62603183935339,13.013931,MEDIUM
16.53136077746497,13.663868,MEDIUM
12.391412637177988,14.635838,MEDIUM
12.957181634375623,14.440912,MEDIUM
13.232810869431358,14.266966,MEDIUM
17.71690473186461,14.136127,MEDIUM
13.579007290434324,15.894701,MEDIUM
15.478175115075292,15.191303,MEDIUM
14.519774837002013,15.716339,MEDIUM
18.745307562729984,15.440308,MEDIUM
16.364883103228387,17.03572,MEDIUM
17.70043158821102,16.712671,MEDIUM
17.65730688663248,17.213612,MEDIUM
15.246345822221759,17.424747,MEDIUM
16.94360175871523,16.955118,MEDIUM
14.65712942706796,16.814337,MEDIUM
15.825865652115814,16.00162,MEDIUM
16.347133649726906,16.116037,MEDIUM
11.628641687524071,16.131546,MEDIUM
14.927386786296822,14.737337,MEDIUM
15.258666260374024,14.834665,MEDIUM
14.43202377473315,14.762815,MEDIUM
24.41582756919773,14.805517,MEDIUM
26.636964493334833,21.469254,MEDIUM
25.965796555371,24.365547,MEDIUM
26.817130608012445,25.025913,HIGH
25.5903580299771,25.608833,HIGH
24.67715646314474,25.395733,HIGH
25.65701766145598,24.913078,MEDIUM
23.70690969591194,24.626017,MEDIUM
26.817056022881477,24.096947,MEDIUM
26.737617275293193,24.68151,MEDIUM
26.970575976407282,25.207855,HIGH
27.311597858359114,26.018404,HIGH
23.080197578811127,26.309992,HIGH
27.782087957656994,24.888317,MEDIUM
23.561957643049404,25.696411,HIGH
28.819419627123146,24.768583,MEDIUM
26.27629149850577,26.179817,HIGH
26.869879702366998,25.937601,HIGH
30.172585868120972,26.39963,HIGH
27.491261449237005,27.57457,HIGH
27.126016291289222,27.297699,HIGH
27.20935244495918,27.003271,HIGH
27.122930140661346,26.882828,HIGH
27.81327135154687,26.512287,HIGH
27.634829757619247,26.318613,HIGH
30.152554788312827,26.469582,HIGH
27.550879640651328,27.600105,HIGH
29.676601680061676,27.09061,HIGH
25.22415009675784,27.834648,HIGH
28.29219205034373,26.535656,HIGH
0.0,26.59748,HIGH
0.0,1.3250175,LOW
0.0,0.3506546,LOW
0.0,0.3247472,LOW
0.0,0.3612349,LOW
0.0,0.38056302,LOW
0.0,0.636217,LOW
0.0,0.8324357,LOW
0.0,0.8018116,LOW
0.0,0.7800698,LOW
0.0,0.7582824,LOW
0.0,0.7266879,LOW
0.0,0.7258829,LOW
0.0,0.76796246,LOW
0.0,0.7809514,LOW
0.0,0.8183913,LOW
0.0,0.853781,LOW
0.0,0.87248945,LOW
0.0,0.9178238,LOW
0.0,0.95257974,LOW
0.0,0.9346502,LOW
0.0,0.9565878,LOW
0.0,0.96810937,LOW
0.0,0.9610857,LOW
0.0,0.9205036,LOW
0.0,0.8846147,LOW
0.0,0.91213083,LOW
0.0,0.87560964,LOW
0.0,0.8302978,LOW
0.0,0.8214761,LOW
7.454761646753056,0.8306271,LOW
5.882849449036469,6.7203097,LOW
5.315711834719588,5.2759223,LOW
4.898176521174589,5.2428336,LOW
7.032583647690187,5.255945,LOW
7.651404603253276,5.21747,LOW
4.258418048460102,6.1746173,LOW
4.485151344853815,6.4658756,LOW
4.638096348186039,5.9198747,LOW
3.4686469402363116,5.7195063,LOW
6.569379284820645,5.3838167,LOW
8.237196910876804,5.7630043,LOW
4.316722662118956,6.2501745,LOW
8.305984227000973,6.0249286,LOW
5.133568761220847,6.601516,LOW
6.552438001506728,6.550463,LOW
9.057608301231483,6.8757424,LOW
8.093076865326832,7.62133,LOW
8.251034996380811,7.80008,LOW
11.535714864012924,7.9906054,LOW
11.339593430290233,9.1625595,LOW
8.607137643110793,9.824713,LOW
7.252700308196955,10.045643,MEDIUM
7.190386970742562,9.586004,LOW
10.310754605332667,9.148815,LOW
6.312045012571167,9.667021,LOW
7.546870750853685,9.047272,LOW
4.7817454430931114,8.567314,LOW
4.890553483750514,7.676512,LOW
5.494264072929582,6.931948,LOW
1.1276934463702961,6.614567,LOW
3.760454238904021,4.9966974,LOW
1.381231987818797,4.537961,LOW
2.5609967596405294,3.8275104,LOW
3.061764660150141,3.4579635,LOW
0.0,3.2273517,LOW
1.5470749683936482,2.3031187,LOW
2.262893595984563,2.0764284,LOW
0.0,2.021113,LOW
1.2385161452812792,1.7289485,LOW
0.0,1.6361487,LOW
2.7047846191431173,1.4363236,LOW
4.621318471629886,1.618277,LOW
2.7443691316113092,2.093655,LOW
4.160418374650714,2.1193154,LOW
2.3078889356858134,2.5109355,LOW
6.200880538845466,2.583562,LOW
4.688285017602064,4.076869,LOW
5.6333338977066045,4.7218695,LOW
5.366710673971811,5.079319,LOW
5.034398195109528,5.216904,LOW
5.590799417416347,5.5446286,LOW
5.265229153706267,5.7705364,LOW
1.1167197284884995,5.8943834,LOW
3.35836439726255,4.7945714,LOW
2.9878037725701923,4.3840246,LOW
0.7384991018142824,3.9814339,LOW
3.6733819692855505,3.3042207,LOW
1.538086712664109,3.181912,LOW
3.5082794922323153,2.4873786,LOW
0.0,2.8097067,LOW
0.0,2.0012293,LOW
0.0,1.5522914,LOW
0.0,1.3519309,LOW
0.0,1.1919191,LOW
0.0,1.067386,LOW
0.0,0.93113637,LOW
0.0,0.847016,LOW
0.0,0.8563212,LOW
0.0,0.89978254,LOW
0.0,0.8460604,LOW
0.0,0.8109975,LOW
0.0,0.87745893,LOW
0.0,0.9225818,LOW
0.0,0.904415,LOW
0.5020532262535777,0.9299344,LOW
0.0,1.0509374,LOW
0.0,1.0783583,LOW
1.2709755005148367,1.0906768,LOW
0.0,1.172164,LOW
0.0,1.1612217,LOW
1.2128736229622206,1.1596493,LOW
0.059676904080063764,1.1802845,LOW
0.0,1.2608259,LOW
1.610708259249222,1.2379646,LOW
1.2818745074817097,1.2509439,LOW
0.0,1.3256171,LOW
0.0,1.3421383,LOW
0.0,1.1923449,LOW
0.005137061764583617,1.0833656,LOW
1.0685940780877317,1.1645385,LOW
0.0,1.2134364,LOW
0.0,1.1385161,LOW
0.09679615419995713,1.0937366,LOW
0.658174979249166,1.1457052,LOW
0.0,1.3038709,LOW
0.0,1.296069,LOW
1.0173069260769998,1.2151021,LOW
0.0,1.2793058,LOW
0.17828062628089159,1.2928549,LOW
1.2319774429632062,1.2607253,LOW
0.0,1.2643769,LOW
0.0,1.3190969,LOW
0.0,1.3009369,LOW
1.5744277586338598,1.2306231,LOW
1.5846764322727713,1.3608054,LOW
2.1670633729579887,1.4541425,LOW
0.0,1.4704984,LOW
2.287800952457438,1.4412827,LOW
2.6770410563447635,1.5891616,LOW
0.0,1.8876119,LOW
2.6721469597098295,1.7523098,LOW
2.9655697495873445,1.8518492,LOW
2.064546624600062,2.028186,LOW
1.9658099610284347,2.2180126,LOW
0.0,2.1913762,LOW
1.1012301531594462,1.7656276,LOW
0.0,1.9140402,LOW
2.36753244736483,1.685914,LOW
0.0,1.7023886,LOW
11.001935382246081,1.4982606,LOW
7.457133430615498,12.752653,MEDIUM
11.289485604277278,9.137346,LOW
6.2183759813421755,9.001678,LOW
10.90803180760609,8.231655,LOW
10.804696218728118,9.207235,LOW
8.003591315699698,9.644108,LOW
11.55971813033334,9.951075,LOW
11.014927101127082,10.343271,MEDIUM
6.900648316095698,10.598082,MEDIUM
12.756538163128125,9.861393,LOW
11.298952836913173,11.111128,MEDIUM
12.149321141799987,10.904913,MEDIUM
9.6030721767725,11.383894,MEDIUM
11.0781136869846,10.99288,MEDIUM
12.587079153624956,11.162548,MEDIUM
7.328657092631816,11.618757,MEDIUM
13.080429790104619,10.614626,MEDIUM
12.487013017412211,11.882469,MEDIUM
13.636880596023172,11.890173,MEDIUM
13.179336929018639,12.618948,MEDIUM
13.084556941080738,12.846367,MEDIUM
12.167038189294031,13.2586975,MEDIUM
12.14996956840271,12.878412,MEDIUM
8.70767595430034,12.917631,MEDIUM
11.014298403671466,11.223129,MEDIUM
10.152159312348347,10.864807,MEDIUM
8.200491914346136,10.815559,MEDIUM
8.69799247272578,10.39439,MEDIUM
11.232632671002031,10.062265,MEDIUM
29.20275905990799,10.386105,MEDIUM
28.125356364075124,27.839052,HIGH
28.04505927000259,27.16099,HIGH
28.997094830204627,27.42497,HIGH
24.574312233420777,27.547226,HIGH
25.49480688628433,26.474663,HIGH
25.523841405663454,25.432007,HIGH
25.535492479523988,24.573645,MEDIUM
28.5028075694543,24.54311,MEDIUM
25.293324752036124,25.572403,HIGH
26.466391472434246,25.493763,HIGH
27.29214526726517,25.7525,HIGH
27.720792780349246,26.115993,HIGH
29.646691074122494,26.58796,HIGH
25.599964588102182,27.64688,HIGH
25.05658921097021,27.14395,HIGH
25.226327426524197,26.01361,HIGH
28.170647875243027,25.134174,HIGH
29.138762813576797,25.668003,HIGH
29.34097845615959,26.729342,HIGH
28.549684960887447,27.68066,HIGH
27.9371509063218,28.14009,HIGH
25.06351032161968,28.092934,HIGH
28.85862514044028,26.664814,HIGH
28.450003616617614,26.823067,HIGH
26.574310036456744,26.742077,HIGH
28.65419062650001,26.219658,HIGH
24.725126451884613,26.632898,HIGH
26.165905630761113,25.675362,HIGH
23.998279929592847,25.092587,HIGH
13.612393897246516,24.262833,MEDIUM
9.751215983301103,11.555668,MEDIUM
13.706031989722582,9.729618,LOW
15.677087706100558,11.299438,MEDIUM
12.875009374683138,13.334488,MEDIUM
10.817842460692146,12.916307,MEDIUM
12.36005907274987,12.752724,MEDIUM
12.866517543468833,12.632084,MEDIUM
13.795669932629146,12.723671,MEDIUM
11.964398983330934,13.097645,MEDIUM
10.859249632168734,12.868336,MEDIUM
14.129113580888308,12.259644,MEDIUM
13.745720303929112,12.891205,MEDIUM
14.61556072712683,13.251335,MEDIUM
15.944009740118773,13.725758,MEDIUM
16.90676396217399,14.52252,MEDIUM
14.714156343511167,15.557371,MEDIUM
18.438976675362483,15.581875,MEDIUM
16.49520580398309,16.781504,MEDIUM
13.443465580494548,16.675093,MEDIUM
13.837318311118652,15.812664,MEDIUM
15.371656189821502,14.959667,MEDIUM
13.17994726447241,14.975567,MEDIUM
12.903207929810188,14.348591,MEDIUM
10.744075274971696,13.892054,MEDIUM
13.578950620825882,12.847193,MEDIUM
15.865060709399973,12.952349,MEDIUM
11.867161259756212,13.844742,MEDIUM
13.788728735538836,13.402273,MEDIUM
12.396022826687954,13.623678,MEDIUM
34.25911128238488,13.25382,MEDIUM
34.33815679338865,33.77641,HIGH
32.95598623080213,32.70065,HIGH
36.52380306432095,32.643833,HIGH
32.654952455749836,33.895275,HIGH
33.33140166948387,33.01888,HIGH
30.614035021240504,33.0425,HIGH
34.10342492173445,30.142706,HIGH
33.212832336755234,31.168402,HIGH
33.50795222513677,31.634176,HIGH
32.790885258739145,31.860432,HIGH
35.49477724783313,32.13052,HIGH
33.84846373077047,33.397545,HIGH
33.65485237778304,33.204697,HIGH
34.842360888378366,32.66472,HIGH
32.432724450908125,33.339237,HIGH
36.570974937901596,33.146027,HIGH
35.1566895198756,34.780643,HIGH
36.67662499826629,34.775967,HIGH
36.29544118063646,35.608345,HIGH
36.63012706874469,35.633305,HIGH
36.60898222583504,35.40482,HIGH
35.752463282443806,35.621456,HIGH
39.037613379085144,35.39507,HIGH
35.18693856482324,36.819607,HIGH
34.61306859592551,35.673473,HIGH
36.2285118964802,34.543076,HIGH
32.809273976726,33.23384,HIGH
33.47363222525196,30.60438,HIGH
32.71815805761988,30.373344,HIGH
11.625766727965708,29.741138,HIGH
11.529465087693348,9.631247,LOW
11.087547414406327,10.382416,MEDIUM
8.955771178995532,11.506466,MEDIUM
8.332698711824259,10.48263,MEDIUM
12.143310606277423,9.006456,LOW
10.811117600470642,10.177586,MEDIUM
10.952304607832723,10.874533,MEDIUM
9.91164264112569,10.950628,MEDIUM
11.983302332630593,10.741901,MEDIUM
10.811973411081777,11.21944,MEDIUM
10.64170452219607,11.244511,MEDIUM
13.95158828687482,11.2929,MEDIUM
11.012176127180599,12.231916,MEDIUM
11.010425764992219,12.049284,MEDIUM
9.88615838944161,11.955341,MEDIUM
12.03991932012018,11.393557,MEDIUM
12.89220628937809,11.857214,MEDIUM
14.324340564411617,12.381092,MEDIUM
14.13845290322675,13.15155,MEDIUM
14.304802401507686,13.4767,MEDIUM
15.042192642437087,13.934328,MEDIUM
13.64077455336422,14.547674,MEDIUM
11.368080912061101,14.668171,MEDIUM
11.019356056007148,13.719097,MEDIUM
12.283702169203535,12.788275,MEDIUM
12.4890817490752,12.514978,MEDIUM
8.957092115808484,12.628504,MEDIUM
9.172628033055636,11.445908,MEDIUM
11.034070019115141,10.694124,MEDIUM
20.298016742582615,10.7665,MEDIUM
21.947232043538058,18.822454,MEDIUM
21.071997436917158,20.02948,MEDIUM
21.529557475083312,20.41644,MEDIUM
19.21607058761314,20.445007,MEDIUM
21.664637895734582,20.087793,MEDIUM
18.251516655163094,20.458088,MEDIUM
21.15457433072777,19.529732,MEDIUM
19.317773106544443,19.623444,MEDIUM
22.72236583166307,19.422922,MEDIUM
20.806573633642575,20.559317,MEDIUM
24.12327717772667,20.78563,MEDIUM
20.80599618016683,22.280725,MEDIUM
25.185283201404808,21.903402,MEDIUM
22.371555278822164,23.18385,MEDIUM
25.98136757447258,22.83424,MEDIUM
25.182188865512316,24.15261,MEDIUM
23.956529305714003,24.298922,MEDIUM
24.908896158973338,24.326788,MEDIUM
23.79465176108534,24.176655,MEDIUM
25.658529315277637,23.906952,MEDIUM
25.888601039341133,24.158077,MEDIUM
25.37996769144867,24.51892,MEDIUM
23.419277291489706,24.678383,MEDIUM
26.01177562886882,24.00609,MEDIUM
22.963952472426616,24.345493,MEDIUM
23.896575277692182,23.70248,MEDIUM
24.310707110621177,23.34134,MEDIUM
22.194775190827897,23.406004,MEDIUM
21.26476012521978,22.90701,MEDIUM
0.0,21.733429,MEDIUM
0.0,-0.24349368,LOW
0.0,-0.058892965,LOW
0.0,0.029179692,LOW
0.0,0.1956836,LOW
0.0,0.3179258,LOW
0.0,0.568689,LOW
0.0,0.80015576,LOW
0.0,0.74792576,LOW
0.0,0.68598855,LOW
0.0,0.7539785,LOW
0.0,0.6843387,LOW
0.0,0.6609466,LOW
0.0,0.74582136,LOW
0.0,0.73007095,LOW
0.0,0.6705749,LOW
0.0,0.7383057,LOW
0.0,0.7453573,LOW
0.0,0.66787696,LOW
0.0,0.7068044,LOW
0.0,0.72066176,LOW
0.0,0.7610489,LOW
0.0,0.72352266,LOW
0.0,0.75354373,LOW
0.0,0.7858138,LOW
0.0,0.756991,LOW
0.0,0.77160835,LOW
0.0,0.7701187,LOW
0.0,0.7489196,LOW
0.0,0.7529087,LOW
1.6193478519329148,0.7821586,LOW
0.8544825727826462,1.1772038,LOW
0.882217988087346,1.1427361,LOW
0.0,1.0852202,LOW
0.0,1.0835384,LOW
0.0,0.95658576,LOW
0.0,1.0916455,LOW
0.0,1.2340606,LOW
0.3971440359895144,1.1795005,LOW
0.0,1.1597153,LOW
0.4658087040895946,1.1605777,LOW
0.9955630373758559,1.2154564,LOW
1.1115392687753243,1.320429,LOW
0.15901232988145253,1.3838804,LOW
1.6244012768712928,1.3873546,LOW
2.0361015843050945,1.4477924,LOW
3.073942449304493,1.5532628,LOW
2.5796217540716704,1.80652,LOW
1.5689314188510437,1.9418119,LOW
2.8886743211556816,1.9025943,LOW
1.36368812700805,2.2669816,LOW
0.8650919824322294,2.31046,LOW
0.8615154247214658,2.1640055,LOW
0.7061119730119962,1.898722,LOW
3.1027801201598812,1.6988567,LOW
0.0,1.9826504,LOW
0.0,1.6443108,LOW
0.0,1.4934453,LOW
1.7208629801080946,1.4127166,LOW
0.0,1.4915078,LOW
7.13815871492093,1.4377594,LOW
4.038608777862374,4.0314765,LOW
5.997525918793908,3.5901701,LOW
4.216219449727504,4.4967613,LOW
3.5559627247886425,4.482337,LOW
6.3698501579434055,4.6284966,LOW
6.517967684517977,5.153557,LOW
4.032158753785561,5.861931,LOW
4.577110212085358,5.607221,LOW
4.060041871021928,5.3314753,LOW
5.847757387113871,5.088208,LOW
5.925971042907705,5.476951,LOW
5.3409452092286855,5.7984405,LOW
6.300157072105877,5.735958,LOW
6.3864074907573,5.8374076,LOW
6.042377396376443,6.1610694,LOW
7.588355186698886,6.402611,LOW
7.06916158955454,6.78641,LOW
10.024198590834152,6.99121,LOW
5.219586523986591,7.7044563,LOW
7.642959619306231,7.4161277,LOW
6.738373708364609,7.7026067,LOW
6.120853939159909,7.7961726,LOW
7.319488658302381,7.614817,LOW
4.916112022224105,7.6367393,LOW
8.341115487716909,7.06809,LOW
3.5678006709127352,7.2042174,LOW
3.035339979045588,6.460835,LOW
6.704084183872451,5.4597473,LOW
1.8204371980904224,5.800301,LOW
14.3650313862739,4.965196,LOW
13.484775042017233,15.265682,MEDIUM
14.357463702934325,14.358704,MEDIUM
13.826038060259178,13.779545,MEDIUM
15.89411542845583,13.574686,MEDIUM
13.783932547438207,14.581615,MEDIUM
10.6721128953838,14.587835,MEDIUM
12.225221458980812,13.680111,MEDIUM
8.969513725497231,13.152658,MEDIUM
13.076937694422803,11.670216,MEDIUM
11.227765655377233,12.349323,MEDIUM
15.69700483622393,12.065184,MEDIUM
11.250593075422001,13.886398,MEDIUM
11.432817206222479,13.210478,MEDIUM
13.129820958976886,13.056652,MEDIUM
15.336865768014029,12.979158,MEDIUM
14.32589705377978,14.017117,MEDIUM
16.319312014432157,14.244091,MEDIUM
14.042866459692508,15.422615,MEDIUM
17.42867424737618,15.202044,MEDIUM
14.436238836652365,16.314962,MEDIUM
17.856895603327303,15.825466,MEDIUM
16.42884647056988,16.834082,MEDIUM
13.763105588435325,16.624235,MEDIUM
14.251961714637211,15.9897,MEDIUM
12.020800327744203,15.387266,MEDIUM
12.731162365507444,14.305508,MEDIUM
12.278142102803082,13.661318,MEDIUM
14.707670865730279,13.259497,MEDIUM
12.660920180249192,13.76255,MEDIUM
16.43816289809867,13.608402,MEDIUM
16.200367972951888,14.298748,MEDIUM
18.60797482995611,14.850588,MEDIUM
18.242931681782483,16.433266,MEDIUM
14.484879934431753,16.978283,MEDIUM
16.970098647778478,16.422401,MEDIUM
18.029255790186394,16.474064,MEDIUM
17.86711510438878,16.873737,MEDIUM
15.789687050621113,17.20283,MEDIUM
16.973579657829106,16.652248,MEDIUM
17.680187799005132,16.814217,MEDIUM
15.079366077713885,17.082848,MEDIUM
18.525793782194967,16.306402,MEDIUM
17.369810287170072,17.0224,MEDIUM
16.12073201797061,17.28658,MEDIUM
20.662345028791535,16.992542,MEDIUM
19.59704968206955,18.473396,MEDIUM
19.548476860861765,18.978909,MEDIUM
19.39582884555124,19.2554,MEDIUM
21.032306018698772,19.129017,MEDIUM
19.89944434431458,19.755228,MEDIUM
21.249468819411454,19.594854,MEDIUM
19.338353296431645,20.07396,MEDIUM
19.390696774886628,19.81493,MEDIUM
21.43107762492445,19.50861,MEDIUM
19.022672910094645,19.724094,MEDIUM
20.14229789909036,19.342026,MEDIUM
18.939502623434883,19.385763,MEDIUM
18.13410081486959,18.952408,MEDIUM
17.10996652375675,18.450882,MEDIUM
13.385040940260575,17.69418,MEDIUM
13.803047969621678,16.477175,MEDIUM
13.764757449496365,15.305239,MEDIUM
15.717958930466102,14.67668,MEDIUM
12.640270374651456,15.244423,MEDIUM
15.2999100450428,14.478262,MEDIUM
12.397807188072273,15.079117,MEDIUM
9.23137088463357,14.191067,MEDIUM
11.486720322055996,12.538038,MEDIUM
14.575252384481821,11.947775,MEDIUM
12.094609232264212,13.066629,MEDIUM
12.648518317664058,12.91647,MEDIUM
15.661299186824442,13.237734,MEDIUM
16.511768322216792,14.118422,MEDIUM
15.12406733831735,15.289085,MEDIUM
13.395178578556495,15.631941,MEDIUM
14.397523378877448,15.189768,MEDIUM
15.054621602328806,15.289515,MEDIUM
14.15345868612494,15.533457,MEDIUM
16.555381382001478,15.161783,MEDIUM
13.183683600101547,15.812424,MEDIUM
13.043195060432742,15.174786,MEDIUM
17.21778787027212,14.665239,MEDIUM
14.525904207933522,15.867983,MEDIUM
15.34716156824156,15.583557,MEDIUM
15.448469914247188,15.850435,MEDIUM
13.719292437476344,15.828138,MEDIUM
14.014650666522547,15.361465,MEDIUM
14.979937606460163,14.8848095,MEDIUM
14.310046245524982,15.03084,MEDIUM
0.0,14.890785,MEDIUM
0.0,0.6962011,LOW
0.0,0.03371787,LOW
0.0,0.119519114,LOW
0.0,0.390298,LOW
0.0,0.5747323,LOW
0.0,0.85282934,LOW
0.0,0.85045636,LOW
0.0,0.8300464,LOW
0.0,0.8114644,LOW
0.0,0.8432977,LOW
0.0,0.8516388,LOW
0.0,0.8459588,LOW
0.0,0.82604647,LOW
0.0,0.8319179,LOW
0.0,0.87902534,LOW
0.0,0.86980987,LOW
0.0,0.8338263,LOW
0.0,0.8690834,LOW
0.0,0.93866587,LOW
0.0,0.95103586,LOW
0.0,0.96459746,LOW
0.0,0.994807,LOW
0.0,1.0416261,LOW
0.0,1.0172045,LOW
0.0,1.0176342,LOW
0.0,1.037601,LOW
0.0,1.0714221,LOW
0.0,1.0209217,LOW
0.0,0.949455,LOW
6.741552455763102,0.9174253,LOW
5.292927624092014,3.655993,LOW
1.0246309907590483,2.9419608,LOW
1.2235608301139749,2.3786335,LOW
1.551487876247494,2.0247784,LOW
0.0,2.1059308,LOW
0.7622619896511225,2.193194,LOW
4.802361333597773,1.9038451,LOW
0.0,2.1997292,LOW
1.185732033174915,1.7508646,LOW
2.4653741038692623,1.6510211,LOW
1.7452299843391312,1.6637449,LOW
2.469225537660341,1.862729,LOW
3.197315517543302,2.0715692,LOW
2.387469311129875,1.9813925,LOW
4.420438649247178,2.1262193,LOW
2.491075746750022,2.8835955,LOW
3.87413054469096,2.868897,LOW
4.7179424019469085,3.3060937,LOW
5.84189047441121,3.6728928,LOW
4.054247480715617,4.421646,LOW
3.1589309312484097,4.5965023,LOW
4.45704053761353,4.38216,LOW
3.789409122734323,4.4116535,LOW
2.7066253430197396,4.546163,LOW
4.637666599913757,4.1671968,LOW
2.526017268716389,4.1363716,LOW
3.4547428589304445,3.7832365,LOW
0.1840102402230599,3.7685149,LOW
0.25922367786706957,3.01291,LOW
6.552087114000662,2.3421345,LOW
4.3313481124575866,3.9149768,LOW
2.332061820548706,4.3531227,LOW
4.365571905393274,4.0793753,LOW
5.856863493329859,3.7013004,LOW
1.1528615919201286,4.3742537,LOW
3.633761784885431,4.3196087,LOW
2.9517799248378065,3.881423,LOW
3.5611039953124006,3.6204531,LOW
2.4579035739875454,3.7640913,LOW
6.265329484861494,3.4700818,LOW
6.907303905875741,3.8224673,LOW
4.038381521879479,4.693236,LOW
7.214503254932229,5.0693502,LOW
6.2187183500621295,5.4978175,LOW
6.751158098693091,6.0583143,LOW
6.322687717092254,6.578159,LOW
4.978769930743857,6.8266525,LOW
4.92108592202954,6.593077,LOW
5.75335753644754,6.2828374,LOW
4.654244405049823,6.2908854,LOW
9.048845950484896,6.0039525,LOW
6.889790961868339,6.7085414,LOW
7.394176291988192,6.8292565,LOW
5.3341236363356135,7.0860295,LOW
6.925939718846948,6.9367657,LOW
7.505451762318231,7.160238,LOW
3.3267111792638175,7.371117,LOW
1.8096003542009207,6.487447,LOW
2.6372774342946794,4.9461713,LOW
34.44046092958078,4.1766505,LOW
38.082070340564414,34.724895,HIGH
34.42445547033264,35.08953,HIGH
35.48315821827002,34.767544,HIGH
35.342919934390075,34.620014,HIGH
34.14894697076333,34.151157,HIGH
32.94312476243019,33.66062,HIGH
35.071523445955556,31.678013,HIGH
35.795938187633205,31.893066,HIGH
35.070099660216684,33.152428,HIGH
35.073710999699244,33.81142,HIGH
34.75779236631913,34.513172,HIGH
33.849688038803805,34.68202,HIGH
35.49162771517097,34.194206,HIGH
36.88785346313695,34.230366,HIGH
37.26160732193352,34.920193,HIGH
38.99354098724159,35.74782,HIGH
37.17862920326173,36.739323,HIGH
36.42804551861157,36.963535,HIGH
38.66827043650048,37.023357,HIGH
37.872255523099476,37.55022,HIGH
35.99230232585562,37.553627,HIGH
36.915054272493705,36.700672,HIGH
38.562354991214335,36.318142,HIGH
38.0860526252575,35.950344,HIGH
35.50295628156253,35.30251,HIGH
36.38769502162896,34.45035,HIGH
36.602239529767665,34.54926,HIGH
34.327015694894676,34.573956,HIGH
34.31661960387119,33.282078,HIGH
24.25866525987716,32.489826,HIGH
20.60923718925534,23.07822,MEDIUM
18.983979039099488,21.002623,MEDIUM
19.63492977504039,19.844667,MEDIUM
19.12282769469091,18.573406,MEDIUM
20.13658364527911,17.979689,MEDIUM
20.554272754953892,18.383926,MEDIUM
17.587984356715477,19.36432,MEDIUM
20.561926199712143,18.777752,MEDIUM
20.7467460253128,19.166174,MEDIUM
17.81080762939585,19.513912,MEDIUM
18.823347124674648,18.912378,MEDIUM
18.53729789401498,18.610323,MEDIUM
21.577453355651354,18.579218,MEDIUM
21.151571924847318,19.685947,MEDIUM
21.199792706208623,20.13672,MEDIUM
23.999079865392048,20.813257,MEDIUM
24.725166514562115,21.99562,MEDIUM
22.71856460898451,23.152657,MEDIUM
22.349009517604177,23.00834,MEDIUM
21.13922993000945,22.6319,MEDIUM
23.51273967562785,21.836693,MEDIUM
21.282233567239007,21.975536,MEDIUM
22.250994619904294,21.581352,MEDIUM
24.123916151298236,21.688238,MEDIUM
21.625818072378348,22.377392,MEDIUM
21.37846115286436,22.197315,MEDIUM
18.259664709832006,21.558075,MEDIUM
20.34066447193669,19.957989,MEDIUM
22.644454531561692,19.367456,MEDIUM
17.698519347926222,20.207144,MEDIUM
14.268056761883978,19.459301,MEDIUM
13.983710989529998,14.883326,MEDIUM
15.955913622140955,14.846649,MEDIUM
14.802499558190386,15.309332,MEDIUM
13.523926859252693,14.998861,MEDIUM
15.795991987655196,14.659817,MEDIUM
14.253593000693325,15.28882,MEDIUM
17.663356231464917,15.2434025,MEDIUM
15.455643311512702,16.262026,MEDIUM
16.817047314666713,16.087036,MEDIUM
14.227089100027134,16.550188,MEDIUM
15.826768885748699,15.874323,MEDIUM
15.685705084271493,16.082977,MEDIUM
17.21268877429273,16.039808,MEDIUM
16.359469302736372,16.434053,MEDIUM
16.985270996051195,16.568056,MEDIUM
16.14222093633944,16.755457,MEDIUM
18.034033630834024,16.617334,MEDIUM
18.471982260558576,17.17611,MEDIUM
20.189694200133435,17.827969,MEDIUM
19.848641444543265,18.807632,MEDIUM
18.320758102962007,19.183586,MEDIUM
15.658831733027528,19.021717,MEDIUM
17.94976715049266,17.676008,MEDIUM
16.58653344924618,17.35314,MEDIUM
16.106616710520637,16.863058,MEDIUM
18.158839922898252,16.559277,MEDIUM
14.718541434439462,17.130564,MEDIUM
14.427672416840235,16.374453,MEDIUM
24.719702407257998,15.715521,MEDIUM
23.878300046143274,23.861057,MEDIUM
23.480813575581546,23.659382,MEDIUM
20.92213538656076,23.968819,MEDIUM
22.680987530971564,23.09432,MEDIUM
20.290408817932192,22.886045,MEDIUM
21.789403038244984,21.843596,MEDIUM
21.165257797456146,21.099897,MEDIUM
23.471542353301494,20.986534,MEDIUM
24.36763421650582,22.05022,MEDIUM
20.340936214792183,22.96737,MEDIUM
23.31876969605247,22.223082,MEDIUM
23.72871580544049,22.715605,MEDIUM
23.353970186658678,22.894,MEDIUM
22.686899288075647,23.257113,MEDIUM
25.058887167312445,22.996738,MEDIUM
23.835762372279973,23.863678,MEDIUM
25.030400798318663,23.772976,MEDIUM
23.520405683200117,24.28247,MEDIUM
24.900684119921927,24.095982,MEDIUM
24.793176677766613,24.570375,MEDIUM
26.050744156354277,24.421595,MEDIUM
24.600704557388802,24.778734,MEDIUM
25.983698358686862,24.46672,MEDIUM
23.43628841384947,24.799223,MEDIUM
23.37690361397862,24.035128,MEDIUM
25.658201175629642,23.617756,MEDIUM
22.913743552116454,23.92214,MEDIUM
23.375945674630096,23.141356,MEDIUM
24.217379687099225,22.838318,MEDIUM
17.320083544284664,22.641678,MEDIUM
17.601994640311922,19.301662,MEDIUM
13.988617395137886,18.135464,MEDIUM
17.303697791227787,15.658636,MEDIUM
16.766064269065023,16.2185,MEDIUM
14.907726353604378,16.099615,MEDIUM
16.05240803429596,16.021368,MEDIUM
15.177261627601174,16.323313,MEDIUM
15.228052664934701,16.143879,MEDIUM
16.029075882583932,15.949211,MEDIUM
15.178918643967684,16.10759,MEDIUM
18.128842093148265,16.090828,MEDIUM
16.928570613399792,16.856457,MEDIUM
17.497846547381616,16.997553,MEDIUM
19.07354953277492,17.598194,MEDIUM
17.48483549008483,18.224106,MEDIUM
18.736571921054924,18.305424,MEDIUM
17.47412073374644,18.53247,MEDIUM
18.653998959210718,18.2187,MEDIUM
18.441155004107344,18.582787,MEDIUM
19.704946436482263,18.623371,MEDIUM
20.075060342246964,19.136189,MEDIUM
17.418581629764944,19.431414,MEDIUM
17.846688639063654,18.940285,MEDIUM
16.38242092811019,18.443737,MEDIUM
17.7750171531884,17.605469,MEDIUM
15.006484028247625,17.532364,MEDIUM
15.674075967251603,16.503643,MEDIUM
13.860635697870354,16.257359,MEDIUM
14.809369566982253,15.641415,MEDIUM
34.59864970363097,15.564047,MEDIUM
35.31272686778368,34.00113,HIGH
32.342943669972996,33.345936,HIGH
32.470518455721034,32.747627,HIGH
34.35964694034442,32.20578,HIGH
34.59298342596375,32.57265,HIGH
34.48968029029157,33.089016,HIGH
32.869819017322435,31.379745,HIGH
33.719138292314874,31.563656,HIGH
35.0483312209056,32.334553,HIGH
32.126803236009664,32.753,HIGH
33.047937500638156,32.208454,HIGH
33.76599954655611,32.524715,HIGH
36.37423627115121,32.085487,HIGH
35.149414102623986,33.466434,HIGH
35.140202221893816,34.29011,HIGH
35.14532449655102,35.29509,HIGH
36.55098407845462,35.55473,HIGH
36.64375199379688,36.074993,HIGH
37.69586736778734,36.07898,HIGH
37.35750523594529,35.975803,HIGH
35.26561576283184,36.11208,HIGH
36.07395338849899,35.933655,HIGH
34.819715452255494,35.620274,HIGH
34.89361959104814,34.101635,HIGH
36.77416790355773,32.529026,HIGH
35.10276723248583,32.349068,HIGH
34.99055432898054,32.022842,HIGH
31.92608290164623,32.6252,HIGH
34.00726314555947,31.869698,HIGH
0.0,31.698349,HIGH
0.0,0.62442577,LOW
0.0,-0.05109918,LOW
0.0,0.22000635,LOW
0.0,0.3663056,LOW
0.0,0.5232986,LOW
0.0,0.5859127,LOW
0.0,0.81582355,LOW
0.0,0.71856093,LOW
0.0,0.75296605,LOW
0.0,0.7375096,LOW
0.0,0.81288373,LOW
0.0,0.7301444,LOW
0.0,0.81861424,LOW
0.0,0.70921206,LOW
0.0,0.6985047,LOW
0.0,0.7073394,LOW
0.0,0.6865592,LOW
0.0,0.6686804,LOW
0.0,0.74025273,LOW
0.0,0.7034273,LOW
0.0,0.7023679,LOW
0.0,0.76054895,LOW
0.0,0.78966427,LOW
0.0,0.7996515,LOW
0.0,0.8130747,LOW
0.0,0.7914647,LOW
0.0,0.8036938,LOW
0.0,0.7492304,LOW
0.0,0.6914519,LOW
3.4803403594837494,0.7785624,LOW
3.944239521917991,2.4926558,LOW
5.283986754178461,1.5037954,LOW
2.8643767770206408,1.8318408,LOW
2.6403069152063967,2.210123,LOW
1.8911190826970898,1.7940822,LOW
5.362581129226426,2.4016018,LOW
3.9131605291560376,3.8997903,LOW
2.953921712472777,3.9941847,LOW
3.9605243543606408,3.6590667,LOW
3.3462226741761665,3.5811312,LOW
4.364874061689634,3.6836019,LOW
6.5739770748447794,4.058093,LOW
4.961404492882153,4.7631054,LOW
4.996979031537421,4.970818,LOW
6.774988118698573,5.1845126,LOW
6.545200245382238,5.6404386,LOW
7.466773013406107,6.205561,LOW
7.60564157761388,6.804447,LOW
3.250074812095953,7.0346727,LOW
9.252233787223659,6.187574,LOW
7.47159872121056,7.3372965,LOW
4.856922469469812,7.6410894,LOW
6.611535969637375,7.110672,LOW
6.00246147709462,7.060305,LOW
3.494038791871578,7.006713,LOW
4.509450012544094,6.1051874,LOW
5.037459577656779,5.5479293,LOW
5.6190315947994485,5.4529414,LOW
6.090016004507362,5.495577,LOW
14.386917379146599,5.704713,LOW
15.222864015967735,12.941168,MEDIUM
14.687201211484222,13.737692,MEDIUM
14.851321528297252,13.760889,MEDIUM
12.454197981121943,13.920038,MEDIUM
15.023996350489272,13.8816395,MEDIUM
11.943162436356356,14.480896,MEDIUM
12.913896293841029,13.793016,MEDIUM
12.359748382267153,13.497053,MEDIUM
16.453113643122833,13.151966,MEDIUM
12.384898374216814,14.281519,MEDIUM
16.25230019558785,13.883108,MEDIUM
15.883838385406433,15.021671,MEDIUM
18.43189277580261,15.36927,MEDIUM
14.853616309306581,16.737667,MEDIUM
16.08543575715005,16.249317,MEDIUM
16.31611564204523,16.443192,MEDIUM
18.318517509462755,16.363546,MEDIUM
16.732220582640938,16.87044,MEDIUM
17.958577455533316,16.870527,MEDIUM
16.75115951478751,17.425646,MEDIUM
14.871435253330368,17.296934,MEDIUM
19.91485848283219,16.258581,MEDIUM
16.94120286968749,17.836464,MEDIUM
18.121734820617245,17.602993,MEDIUM
15.147357764220068,17.749512,MEDIUM
14.93159586266545,16.75424,MEDIUM
13.217364111995398,16.049257,MEDIUM
13.585275100264553,14.960735,MEDIUM
12.785509416722899,14.311787,MEDIUM
34.50413935407948,13.756289,MEDIUM
35.16120535030589,34.462593,HIGH
33.899591030244295,33.248146,HIGH
35.23428391935093,33.367928,HIGH
30.533496213927187,33.765198,HIGH
30.733931083256316,32.048306,HIGH
36.3245744428623,31.358982,HIGH
32.92308623874021,31.2995,HIGH
31.36504751661464,30.950932,HIGH
32.32254842182286,30.729744,HIGH
31.975493067288923,31.424162,HIGH
32.18575529830801,31.501642,HIGH
31.970152665440587,30.915611,HIGH
32.18704985297125,31.03196,HIGH
36.37912190385627,31.722776,HIGH
34.84750395149897,33.270317,HIGH
35.58908661730067,33.920635,HIGH
32.57972796379435,34.727394,HIGH
33.784571798692426,33.962997,HIGH
34.467377456398886,33.94666,HIGH
35.9932832781267,33.66747,HIGH
34.07512153832935,34.128113,HIGH
36.60035093846332,33.48633,HIGH
37.25119441884476,34.05646,HIGH
35.75980185567512,34.861423,HIGH
36.899946671173524,35.0134,HIGH
32.10380352254453,35.13402,HIGH
35.34705793547599,33.563557,HIGH
33.55689552110496,33.946514,HIGH
32.47346190795253,31.441505,HIGH
15.57924162992954,29.832943,HIGH
15.124856229998297,14.671873,MEDIUM
13.20694777975504,14.468632,MEDIUM
13.483617479343227,14.506035,MEDIUM
11.166836198635192,14.174429,MEDIUM
12.994271518190514,12.421747,MEDIUM
13.347774778005345,12.61511,MEDIUM
14.038141463848312,13.376963,MEDIUM
12.661503218959048,13.774523,MEDIUM
13.719285289895655,13.577467,MEDIUM
12.082302963732381,13.886215,MEDIUM
16.74073821746278,13.545729,MEDIUM
15.60259162646107,15.5641,MEDIUM
12.388705088234746,15.550415,MEDIUM
12.944633400772517,14.93116,MEDIUM
15.620886464826798,14.266642,MEDIUM
16.834662846852904,15.160576,MEDIUM
15.82725612165806,15.851215,MEDIUM
16.67628131712172,16.070654,MEDIUM
14.342389102622683,16.482172,MEDIUM
17.218811457732034,16.03395,MEDIUM
13.540667011006876,16.61897,MEDIUM
17.026616258550803,15.683065,MEDIUM
14.000140609061589,16.426205,MEDIUM
14.947002372682311,15.5481205,MEDIUM
14.041512049247606,15.574394,MEDIUM
15.243336797502687,15.138035,MEDIUM
14.422256845175298,15.358904,MEDIUM
10.336019372536159,15.118771,MEDIUM
13.319794196131232,13.636631,MEDIUM
22.16357939402533,13.6092205,MEDIUM
24.00210463275616,20.926983,MEDIUM
22.124249418278353,22.198357,MEDIUM
25.205132267247667,22.125416,MEDIUM
21.22730585622528,23.108818,MEDIUM
22.351248291370702,22.55888,MEDIUM
21.68642149569886,22.521595,MEDIUM
21.99756739393851,21.653812,MEDIUM
19.88808861773487,21.471432,MEDIUM
19.5759165789499,20.716385,MEDIUM
20.880447437823925,19.958153,MEDIUM
24.023923904301732,20.163662,MEDIUM
25.110435994076653,21.870579,MEDIUM
25.634075670856053,23.435287,MEDIUM
23.744925148206807,24.372433,MEDIUM
25.694171365587458,24.188988,MEDIUM
22.457632176714036,24.831306,MEDIUM
24.35882233319296,23.822735,MEDIUM
24.601967691578864,23.758759,MEDIUM
24.689976195759794,23.605972,MEDIUM
24.522646997015627,24.03229,MEDIUM
23.841793699039144,24.072327,MEDIUM
25.10566186672624,23.823542,MEDIUM
25.78329719770548,24.17759,MEDIUM
26.066080837814674,24.477808,MEDIUM
24.71583493851755,24.795248,MEDIUM
23.134353049315347,24.49108,MEDIUM
25.309737100216555,23.814005,MEDIUM
23.27956183137932,23.912817,MEDIUM
20.62638176065547,23.344131,MEDIUM
14.251576797970245,22.041113,MEDIUM
12.225473451212048,13.44071,MEDIUM
13.576260830547056,12.703075,MEDIUM
10.96091147483983,12.995596,MEDIUM
13.172261782136207,11.687651,MEDIUM
11.305929691846014,12.279102,MEDIUM
13.606746895443607,12.331663,MEDIUM
13.82720900879924,12.886721,MEDIUM
14.216215564607506,13.232771,MEDIUM
11.02412307006681,13.689272,MEDIUM
11.390513586683134,13.028452,MEDIUM
12.679197432833867,12.63674,MEDIUM
14.820354390036606,12.63908,MEDIUM
11.946301399778323,13.393368,MEDIUM
12.960557034762182,13.109859,MEDIUM
14.670497296205806,13.271549,MEDIUM
11.876737548936575,13.7611065,MEDIUM
14.77733500390707,13.591612,MEDIUM
15.715750524926694,14.06192,MEDIUM
18.47690644964081,14.634415,MEDIUM
15.36517355981893,16.242083,MEDIUM
14.367475247212134,16.101988,MEDIUM
12.745652559938282,15.927525,MEDIUM
13.843559922753645,14.923166,MEDIUM
13.183488475103623,14.4963455,MEDIUM
12.59848251066079,13.921391,MEDIUM
11.984767848350693,13.516291,MEDIUM
14.120446903426252,13.058783,MEDIUM
10.717240913885416,13.362444,MEDIUM
9.502779107586072,12.591152,MEDIUM
8.90339810839317,11.388113,MEDIUM
8.125205382053352,10.407179,MEDIUM
6.9658939847033885,9.723486,LOW
8.223770307068936,8.836573,LOW
3.2588866163658228,8.602673,LOW
1.9702043097084445,6.858563,LOW
5.1455384414070675,4.682472,LOW
6.821435792127396,4.625059,LOW
8.752585119923136,5.4834466,LOW
4.298935563789735,6.522909,LOW
5.1327191011954625,5.9508195,LOW
5.813229318913182,5.6623683,LOW
6.716748790952991,6.0763893,LOW
8.605128727693486,6.6166205,LOW
6.004976394960673,7.1670938,LOW
7.2118429936143365,6.952888,LOW
6.0275956303892,7.0090322,LOW
3.4070407321894827,7.1055465,LOW
7.42666621796536,6.3201523,LOW
7.1530938624871165,6.7568846,LOW
8.413707201718779,6.9794593,LOW
7.5288350286715655,7.2270164,LOW
8.808470687609226,7.3291693,LOW
7.7770880319685975,7.5721936,LOW
7.469347392104517,7.885978,LOW
6.380707770498683,8.333031,LOW
6.002058573813798,8.089399,LOW
6.187634284912049,7.728091,LOW
7.7013947331902965,7.341172,LOW
3.730891765902152,7.4507446,LOW
40.03274930366004,6.5547748,LOW
37.23747905796909,38.128487,HIGH
35.292525472244236,36.3905,HIGH
34.46941757219025,35.833004,HIGH
33.12582224157857,35.068905,HIGH
34.4489989336319,33.885544,HIGH
33.04509103283232,34.22122,HIGH
33.95668715343934,29.503906,HIGH
38.5701139511696,31.277323,HIGH
34.584991643694195,33.98875,HIGH
37.19494638046507,34.024807,HIGH
33.95188138377358,36.19855,HIGH
36.550554091154325,36.196556,HIGH
37.88723607829898,36.069546,HIGH
34.1631466485775,36.126648,HIGH
35.14435363685277,34.789543,HIGH
37.85941349603898,34.55192,HIGH
36.46745475867592,34.48354,HIGH
38.48067251492294,36.167164,HIGH
39.341148210537874,36.933132,HIGH
40.05493253419222,37.086544,HIGH
36.63755525194644,38.43468,HIGH
35.6171766854834,37.79979,HIGH
36.87430129389507,36.24519,HIGH
35.47512781669898,35.814785,HIGH
35.69205230340268,34.61187,HIGH
37.11817367714732,33.196014,HIGH
34.72198549369618,33.67861,HIGH
34.741292630143214,33.168736,HIGH
36.108113378374064,32.888,HIGH
36.928230328071294,33.01808,HIGH
36.89503505584978,33.20472,HIGH
32.84419098888933,33.545643,HIGH
33.9399063285318,32.018337,HIGH
33.408193954322655,32.539127,HIGH
34.19917947409971,31.58097,HIGH
31.885179783422267,30.935482,HIGH
32.22302413210221,30.01513,HIGH
37.11475179169072,30.197807,HIGH
35.09732537119472,33.234787,HIGH
31.45588370157325,33.96697,HIGH
34.42550766681812,32.924988,HIGH
34.59052461719047,32.817963,HIGH
34.24307868903409,32.587925,HIGH
35.38021101161396,32.99454,HIGH
34.73711252693545,33.40674,HIGH
36.59756491678088,34.864334,HIGH
35.96785416090022,35.664257,HIGH
37.37491399351231,36.052036,HIGH
36.152797155811484,36.534977,HIGH
36.085631707241554,36.438274,HIGH
37.67311213895397,36.175583,HIGH
37.40117679344674,36.05672,HIGH
35.02073457031577,35.055798,HIGH
34.8849350817069,34.24512,HIGH
33.49090800708381,33.452934,HIGH
33.43318011036506,32.484715,HIGH
36.089985697105725,31.25046,HIGH
35.778516769057696,31.3134,HIGH
35.18908833376246,31.759552,HIGH
32.87119736057378,33.10979,HIGH
29.80732468762546,32.137794,HIGH
30.94068540758972,28.978367,HIGH
30.6516192157158,27.980755,HIGH
31.598901224279224,26.588894,HIGH
29.054485804884344,27.205063,HIGH
31.23075106644383,27.612034,HIGH
27.21932876590047,29.53714,HIGH
30.17912573177965,28.21359,HIGH
29.274776891477742,28.409775,HIGH
30.739397932724387,28.20337,HIGH
28.937589695190756,28.668064,HIGH
31.158815794904783,28.576344,HIGH
30.55535434768532,29.917202,HIGH
32.20103474378426,29.919003,HIGH
31.01580759282829,30.746807,HIGH
31.41478414828262,30.556185,HIGH
31.31243269012498,30.79695,HIGH
32.3054452422859,30.577135,HIGH
33.91140141879144,30.955217,HIGH
36.910435798835394,32.05459,HIGH
33.57064121529017,34.101723,HIGH
30.606932119063284,33.769253,HIGH
33.105005134062516,32.136738,HIGH
30.880831103003608,31.83799,HIGH
32.66574112622763,30.28415,HIGH
31.182309539178654,29.46862,HIGH
30.473237867564062,29.271618,HIGH
30.42109785595657,29.813095,HIGH
30.647395615785296,29.42047,HIGH
17.429500732285,29.20409,HIGH
20.6781172911257,15.636238,MEDIUM
18.494438517160678,17.015602,MEDIUM
14.530512071821907,17.69962,MEDIUM
17.391529676319237,16.215797,MEDIUM
16.10771673585108,15.919712,MEDIUM
17.18282759713003,15.924362,MEDIUM
15.95391718049975,16.440767,MEDIUM
20.176891637120917,16.32609,MEDIUM
18.401998127413005,17.762486,MEDIUM
18.392671575582188,18.102848,MEDIUM
16.183488933652264,18.345177,MEDIUM
18.4817765451174,17.609299,MEDIUM
16.712609351693832,17.764751,MEDIUM
17.671201882895122,17.258934,MEDIUM
18.090394147760612,17.35517,MEDIUM
19.533539372686427,17.610489,MEDIUM
17.06354964635703,18.306063,MEDIUM
21.672623069771426,17.95824,MEDIUM
19.7781770046484,19.245216,MEDIUM
20.710793218400138,19.512716,MEDIUM
17.038885211145562,19.95124,MEDIUM
21.815136502881327,18.921425,MEDIUM
18.033914891897908,19.584856,MEDIUM
17.757288008161073,18.94096,MEDIUM
17.383157335785967,18.196583,MEDIUM
18.535518952017142,17.561651,MEDIUM
17.504017986921124,17.768059,MEDIUM
13.730177526472616,17.598652,MEDIUM
15.795607864136949,15.863066,MEDIUM
10.011443876369542,15.680359,MEDIUM
10.81272283690133,11.238573,MEDIUM
9.320952968930033,11.060108,MEDIUM
12.992654276312305,10.333651,MEDIUM
6.9814980367919866,11.098854,MEDIUM
6.600965132465529,10.14678,MEDIUM
7.057016754726931,8.151166,LOW
8.918636154131368,8.516525,LOW
8.836835917718966,8.5508375,LOW
8.791659923855974,9.000088,LOW
9.911505609200224,8.873991,LOW
8.366903202872228,9.004971,LOW
11.187163169154916,9.036304,LOW
8.762659899659539,9.846716,LOW
11.079779336883165,9.912409,LOW
12.483189593946282,10.271526,MEDIUM
12.1519305874591,10.731911,MEDIUM
9.178907346640738,11.229687,MEDIUM
11.66386180596558,10.885862,MEDIUM
12.905129180642001,11.068888,MEDIUM
9.787607694070454,11.664419,MEDIUM
11.704953674256798,11.14765,MEDIUM
13.217745147638778,11.362963,MEDIUM
13.271027914470935,11.8638115,MEDIUM
12.025326320727633,12.380072,MEDIUM
12.12129183039308,12.436281,MEDIUM
5.749333863292405,12.544313,MEDIUM
8.257693015336185,7.501264,LOW
8.405954337029835,7.1250944,LOW
9.863287914836192,8.570061,LOW
0.05876838699815856,9.040739,LOW
0.0,4.647991,LOW
0.0,1.2569495,LOW
0.0,0.827703,LOW
0.0,0.79973054,LOW
0.0,1.1099336,LOW
0.0,1.1254086,LOW
0.0,1.0487357,LOW
0.0,1.0279348,LOW
0.0,1.0521082,LOW
0.0,1.0219424,LOW
0.0,1.0115993,LOW
1.8402544098619842,0.9890107,LOW
0.8831553609727063,1.1305795,LOW
0.5753317706733441,1.176735,LOW
2.486300356329096,1.1780919,LOW
4.984759724507637,1.4016145,LOW
0.0,1.9553466,LOW
0.0,1.9391892,LOW
0.0,1.6531382,LOW
1.521907254484903,1.5350599,LOW
1.7682506632555963,1.6512206,LOW
0.0,1.6527938,LOW
1.2380240923640589,1.3970022,LOW
0.0,1.3512293,LOW
0.24194011772819835,1.3725713,LOW
0.32581763398721186,1.4426308,LOW
0.0,1.4174472,LOW
0.0,1.2843745,LOW
0.0,1.2339537,LOW
11.023625524580227,1.1645966,LOW
13.494353116643014,11.285625,MEDIUM
11.54401536461536,11.770639,MEDIUM
9.647483835989757,11.241196,MEDIUM
11.785139627732292,10.32391,MEDIUM
11.973895613727665,10.620968,MEDIUM
11.288757181643224,11.247105,MEDIUM
10.1708039015991,11.791479,MEDIUM
8.691931521672048,11.33432,MEDIUM
12.26243124789069,10.729118,MEDIUM
10.50187039997926,11.299337,MEDIUM
12.786916482530199,11.132006,MEDIUM
12.917452358794845,11.746845,MEDIUM
9.799866319821902,12.187458,MEDIUM
14.345450965664778,11.6823635,MEDIUM
15.198691630981303,13.003946,MEDIUM
13.454776889484474,13.718966,MEDIUM
11.251194779574947,14.012857,MEDIUM
15.289765950813036,13.531557,MEDIUM
14.34259406744134,14.409868,MEDIUM
13.643618577717586,14.475969,MEDIUM
13.566670097162396,14.388563,MEDIUM
14.645516557654993,14.222111,MEDIUM
12.206977969727806,14.598618,MEDIUM
12.232545477336316,13.987965,MEDIUM
10.787481814930626,13.597349,MEDIUM
11.683131476940531,12.811459,MEDIUM
10.752424090045057,12.4359455,MEDIUM
10.375235818283276,11.921457,MEDIUM
10.293376952141056,11.367136,MEDIUM
29.294453286806917,11.024456,MEDIUM
25.210991882707198,28.335777,HIGH
26.164001110805618,25.797888,HIGH
23.702342909120322,25.701103,HIGH
23.830390503896652,24.84078,MEDIUM
23.84343256534647,24.526575,MEDIUM
24.340345343501433,23.916328,MEDIUM
28.97934405631249,22.919825,MEDIUM
23.22784173213575,25.999304,HIGH
23.568400296585384,24.893482,MEDIUM
23.408832766268077,24.314068,MEDIUM
25.877803140547,23.507133,MEDIUM
27.594337650645407,24.247704,MEDIUM
26.517135285942594,25.3451,HIGH
27.724254198307662,25.506124,HIGH
27.08428278760703,26.234882,HIGH
26.384241339866033,26.549015,HIGH
27.109496642174236,26.443283,HIGH
28.645671799283978,26.62394,HIGH
27.76074412000306,27.277515,HIGH
27.245303802704232,27.293243,HIGH
26.53824999873346,26.945242,HIGH
27.230193574468505,26.211405,HIGH
28.11497777309603,26.049765,HIGH
25.05286791529797,26.15736,HIGH
25.51793908154214,25.188892,HIGH
23.880240162937334,24.868828,MEDIUM
24.943926090587993,23.958866,MEDIUM
25.183004032457674,23.653437,MEDIUM
25.70024120654969,23.525753,MEDIUM
4.429214073255025,24.08836,MEDIUM
4.831869824058073,3.5707624,LOW
3.4841507277716914,3.6380336,LOW
7.368188912558174,2.8088171,LOW
6.039672465957593,3.7856917,LOW
3.447250323239718,4.470727,LOW
4.721904389936526,5.103261,LOW
4.2942997701839,5.267029,LOW
2.684544022339395,5.1890626,LOW
5.899050665111313,4.6516433,LOW
4.611395089617975,4.967045,LOW
6.572349647935999,4.919634,LOW
4.508511731951535,5.327593,LOW
3.9774892348289734,5.2629986,LOW
5.8261506013713324,5.109675,LOW
8.86970408628864,5.375678,LOW
7.967198045257036,6.5024447,LOW
8.623087403651581,7.0406384,LOW
11.294557671246203,7.4574723,LOW
8.984194542882905,8.500332,LOW
6.378456701647261,9.177668,LOW
8.306863010953375,8.943035,LOW
5.968036778766511,8.856939,LOW
7.195060102670282,8.476625,LOW
7.61358434788536,8.105995,LOW
3.2331517262721423,8.131953,LOW
5.131177571887388,6.5059605,LOW
6.305712610622723,5.9506326,LOW
2.135425336507473,6.1516047,LOW
3.0405382275380317,5.1883416,LOW
35.926005968319686,4.4719505,LOW
35.02198151115377,35.579456,HIGH
33.5300951735098,33.638508,HIGH
32.26751766098084,33.70904,HIGH
33.7168256211644,32.891823,HIGH
33.72814611350977,32.64812,HIGH
32.28365263176147,32.94921,HIGH
33.97350437830603,31.422787,HIGH
32.1590499726713,31.980324,HIGH
31.246908183871493,31.19291,HIGH
33.65940763530915,30.31216,HIGH
34.95017274661701,30.901104,HIGH
32.08272267796469,32.175632,HIGH
35.67426661250753,32.177605,HIGH
34.9286206528607,33.798866,HIGH
34.46938338547223,34.388386,HIGH
34.50637644156128,34.622765,HIGH
35.31758522199862,34.797863,HIGH
35.21826012234704,35.076183,HIGH
36.9961784362221,34.746746,HIGH
35.61646346684806,35.006824,HIGH
36.413173177072125,35.304195,HIGH
35.659193854435316,35.627964,HIGH
38.16528255047527,35.287487,HIGH
35.49625026874776,35.460354,HIGH
35.74332973178704,34.647907,HIGH
35.86390075678514,33.86909,HIGH
35.23840498926471,33.779476,HIGH
32.418935483065226,33.685104,HIGH
32.970209541591736,31.619497,HIGH
19.823851989208002,29.636412,HIGH
20.676063542402332,19.508615,MEDIUM
22.866859174269862,19.608288,MEDIUM
21.030517517200614,20.59273,MEDIUM
20.601712604007293,20.232933,MEDIUM
22.149116885112093,19.862022,MEDIUM
20.965284558431748,20.504868,MEDIUM
18.456936422752662,21.0772,MEDIUM
21.330257347286295,20.092785,MEDIUM
20.534122367701684,20.028448,MEDIUM
19.15921993747885,20.130917,MEDIUM
21.80421001727413,19.826378,MEDIUM
22.763740617558362,20.427025,MEDIUM
25.054129173767897,21.49421,MEDIUM
23.628249871364893,23.091396,MEDIUM
22.309751591877983,23.215664,MEDIUM
24.191894297801454,22.99117,MEDIUM
24.567184828515682,23.33752,MEDIUM
23.413293545023187,23.65826,MEDIUM
22.46107866402976,23.57685,MEDIUM
23.71319724082076,23.000422,MEDIUM
25.135138043508853,23.013077,MEDIUM
22.88644584766599,23.615425,MEDIUM
21.080973727469676,23.245773,MEDIUM
22.055031027364926,22.328781,MEDIUM
22.172432787730415,21.652306,MEDIUM
22.85749825764755,21.572124,MEDIUM
21.87484912616057,21.900322,MEDIUM
21.659587954971716,21.831417,MEDIUM
22.796030044795536,21.73235,MEDIUM
27.155047730171763,21.86235,MEDIUM
28.164211086692045,24.353083,MEDIUM
26.371634830820316,25.791052,HIGH
26.74723459960224,26.143562,HIGH
26.204217527033332,26.147083,HIGH
26.905011150123023,25.939981,HIGH
26.145412015655022,25.670841,HIGH
27.38119728830604,25.25541,HIGH
26.64431293059129,25.755087,HIGH
25.53614231091945,25.817636,HIGH
24.162949562026398,25.69448,HIGH
28.224875688278665,24.804682,MEDIUM
27.62072019514397,25.810001,HIGH
25.27856485913825,26.21371,HIGH
27.97063287317515,25.877724,HIGH
29.324313557173255,26.58371,HIGH
29.14647133190963,27.535002,HIGH
29.284462169709368,28.03877,HIGH
28.29302798488981,28.624786,HIGH
31.42220963614424,28.56404,HIGH
29.54460361896832,29.603611,HIGH
28.064694684445904,29.132923,HIGH
29.609609272957307,28.42819,HIGH
30.597608827696646,28.41402,HIGH
31.119031942240582,28.744574,HIGH
28.289906563650838,29.227697,HIGH
23.209841735690922,28.295742,HIGH
29.294542337355153,23.941133,MEDIUM
26.766345469625726,26.580765,HIGH
24.84126775828214,25.937775,HIGH
21.852038307836086,25.165085,HIGH
20.22336608018308,21.723352,MEDIUM
22.16299180200193,20.63393,MEDIUM
21.256121824997095,20.52249,MEDIUM
20.59137374756268,20.051792,MEDIUM
21.149057239053352,20.030739,MEDIUM
19.78905834036793,20.270147,MEDIUM
17.663117311588085,20.130016,MEDIUM
21.981046106475606,18.603088,MEDIUM
21.66852645880466,19.789244,MEDIUM
21.54832416286974,20.43069,MEDIUM
19.137474652912626,21.009758,MEDIUM
18.406065279748912,20.408264,MEDIUM
20.805912509795583,19.324314,MEDIUM
22.753982202616093,19.3095,MEDIUM
23.890864653148054,20.587906,MEDIUM
22.113523505293493,22.203552,MEDIUM
22.79763173583735,22.267464,MEDIUM
23.42191479135404,22.428995,MEDIUM
22.252734268628515,22.492668,MEDIUM
21.15030629721995,22.277603,MEDIUM
22.789493556813532,21.643135,MEDIUM
21.672366363017797,21.643518,MEDIUM
21.99536020679702,21.476385,MEDIUM
22.79809122147483,21.386005,MEDIUM
19.038939488403667,21.728554,MEDIUM
21.844304256154814,20.77396,MEDIUM
20.164516153271315,20.454147,MEDIUM
19.40529092769627,19.997368,MEDIUM
20.260019487615246,19.524174,MEDIUM
16.71207090392673,19.186125,MEDIUM
16.63401698165425,18.769394,MEDIUM
13.964098088920087,17.697384,MEDIUM
14.238432959683296,15.568851,MEDIUM
17.058858498551867,15.304102,MEDIUM
17.206649867374836,15.841883,MEDIUM
14.352607057370033,16.470995,MEDIUM
13.435321326696233,15.965315,MEDIUM
14.69688187724499,15.397339,MEDIUM
18.941528016418836,15.342768,MEDIUM
16.778420368587128,16.911728,MEDIUM
16.172174376844122,16.882215,MEDIUM
15.832987747952286,17.030104,MEDIUM
16.527180785397775,16.706854,MEDIUM
17.62202454083556,16.8801,MEDIUM
18.084976587598735,17.116251,MEDIUM
20.203727064292565,17.538603,MEDIUM
17.87839034300896,18.649712,MEDIUM
21.512894120532504,18.730295,MEDIUM
16.483393252237057,19.866724,MEDIUM
18.47686820828309,18.63483,MEDIUM
17.479832898077607,18.549076,MEDIUM
20.229929755931494,17.79145,MEDIUM
17.37726947850813,18.921946,MEDIUM
15.514487961470117,18.323627,MEDIUM
17.299660024451555,17.281452,MEDIUM
15.399195566267732,17.149847,MEDIUM
14.480004077713708,16.373816,MEDIUM
15.55143945775715,15.728411,MEDIUM
16.84856370439885,15.715805,MEDIUM
15.08818416948965,16.34784,MEDIUM
11.864603594438101,15.116621,MEDIUM
12.28099539228415,13.640041,MEDIUM
13.662202261164245,12.860241,MEDIUM
14.137206903140637,12.838985,MEDIUM
14.362161838184507,13.243372,MEDIUM
13.245886765956516,13.627949,MEDIUM
17.421998397228695,13.765625,MEDIUM
13.018716752873948,15.3100395,MEDIUM
13.04709998273557,14.673578,MEDIUM
12.003903431763824,14.367851,MEDIUM
11.967823158450585,13.58618,MEDIUM
16.942212407578577,13.093266,MEDIUM
15.822192949518909,14.571522,MEDIUM
16.66023112085459,15.00894,MEDIUM
16.285795695686552,15.900173,MEDIUM
17.26705262445812,16.123352,MEDIUM
18.0493394556418,16.549988,MEDIUM
16.197687824698747,16.927135,MEDIUM
15.31382133655765,16.878914,MEDIUM
16.945378940431674,16.358591,MEDIUM
15.544486098663832,16.486202,MEDIUM
18.781641922105642,16.14515,MEDIUM
17.49972576446049,16.78578,MEDIUM
17.21442122766228,17.06664,MEDIUM
14.619317956890232,17.182568,MEDIUM
13.91881666740948,16.2535,MEDIUM
14.793833042681685,15.384443,MEDIUM
13.558560937329883,15.061041,MEDIUM
14.96305344360978,14.48386,MEDIUM
20.40444700738264,14.602016,MEDIUM
16.438258305817683,19.380493,MEDIUM
20.547156496319765,18.83276,MEDIUM
16.935040524867286,19.926664,MEDIUM
14.393477903889792,18.942852,MEDIUM
17.309045684434565,17.041555,MEDIUM
15.669417587563906,16.427408,MEDIUM
17.274233361851657,16.203741,MEDIUM
17.413989172829687,16.61886,MEDIUM
16.013653239440938,16.953985,MEDIUM
18.556910977640694,16.948002,MEDIUM
17.31403959234035,17.787998,MEDIUM
17.79449983730025,17.838596,MEDIUM
20.555006412919578,17.979359,MEDIUM
20.109545526010823,19.086292,MEDIUM
20.3697205263515,19.663126,MEDIUM
20.816759693821762,20.0009,MEDIUM
18.69436518058356,20.388397,MEDIUM
20.066214860599388,19.955328,MEDIUM
20.557613262206186,19.74701,MEDIUM
19.36422455108705,19.77601,MEDIUM
21.1622654791786,19.587515,MEDIUM
17.856322281859196,20.136164,MEDIUM
19.324437110236282,19.229776,MEDIUM
19.09109929178903,19.137856,MEDIUM
19.641441902497988,18.923267,MEDIUM
22.577448631192482,19.166344,MEDIUM
20.310935526715546,20.520197,MEDIUM
18.098510300305488,20.457403,MEDIUM
19.607834014990573,19.605549,MEDIUM
6.329004575711274,19.20391,MEDIUM
6.08554096261371,4.0211887,LOW
7.18550474233882,4.805038,LOW
6.237770666065816,4.634556,LOW
5.822870706871971,5.4494123,LOW
5.1964860046739325,6.127168,LOW
6.019285501174744,6.7568026,LOW
4.404468007334929,6.4307837,LOW
5.212261966388524,6.152096,LOW
5.36062272330307,5.891767,LOW
7.6626576326296885,5.7989173,LOW
9.840057119220665,6.314259,LOW
7.112539469991111,7.0831175,LOW
8.72674172955845,7.330256,LOW
10.574590086744713,7.691087,LOW
9.319056840721064,8.703337,LOW
7.474058413554806,9.219281,LOW
7.9087491698523085,9.243786,LOW
8.691607614302193,9.054489,LOW
8.093299316394406,9.098998,LOW
8.875179217040055,9.01507,LOW
8.945402213461557,9.049622,LOW
8.827572882618139,8.891304,LOW
10.630921445140018,8.921646,LOW
8.4019757626059,9.520952,LOW
7.162619941958866,9.42354,LOW
7.17079076829341,8.959822,LOW
8.347717835363916,8.602917,LOW
6.647378949311626,8.611185,LOW
7.109119925653655,8.400122,LOW
6.598961168233522,8.177212,LOW
4.667098076301851,7.7890763,LOW
6.026012588720844,6.949676,LOW
5.759011945356613,6.6590257,LOW
6.05672108402233,6.5007915,LOW
2.878465116802275,6.4079123,LOW
4.753834960794869,5.5822487,LOW
6.163037161686143,5.214082,LOW
6.379993688473187,5.5666113,LOW
4.583740822249576,5.9641175,LOW
6.297226903073354,5.810225,LOW
7.4646292424115845,5.760056,LOW
5.088740778594277,6.3151383,LOW
5.182584313984805,6.530435,LOW
6.623500548502223,6.3430986,LOW
7.258628885255961,6.41551,LOW
8.40112451413476,6.7302012,LOW
8.123439319365326,7.280293,LOW
8.639131639316687,7.411756,LOW
8.790231325013652,7.618616,LOW
7.61487983296994,8.179216,LOW
11.392123550085765,8.549536,LOW
6.558897759120379,9.53271,LOW
7.804277726809076,9.133808,LOW
6.820428558245611,8.834934,LOW
7.153326805197205,8.507765,LOW
6.072775591794883,8.30966,LOW
8.900584984867876,7.99968,LOW
6.494923848130223,8.11273,LOW
4.578391294882133,7.577327,LOW
9.084924712913137,6.9579635,LOW
8.898032851785779,8.63402,LOW
5.414679265777076,9.268646,LOW
6.177992397586744,8.581982,LOW
6.009178185156138,8.402201,LOW
8.0989150576736,8.011595,LOW
10.053676110556644,8.117365,LOW
5.345522649908743,8.530716,LOW
7.658700705340808,7.4859934,LOW
5.49334456947811,7.7008004,LOW
5.130439256547893,7.6970925,LOW
10.62572922420208,7.3467317,LOW
10.523602566997702,9.209286,LOW
8.221121879636417,9.191797,LOW
10.821647644301509,9.194274,LOW
7.345455116602627,9.678909,LOW
10.6898860532714,9.66741,LOW
8.96655228333893,10.366564,MEDIUM
9.635653404965694,10.317869,MEDIUM
9.20182564489266,10.253441,MEDIUM
11.510877065613931,10.151934,MEDIUM
10.900155909040803,10.5565815,MEDIUM
10.038383510226481,10.646692,MEDIUM
8.986247176132498,10.758474,MEDIUM
8.70932302688506,10.527294,MEDIUM
6.802217622754004,10.3948555,MEDIUM
8.099813179032253,9.814453,LOW
7.498003301920882,9.472292,LOW
7.736636699311262,9.065895,LOW
5.814232067340777,8.640828,LOW
37.72445897170067,8.245733,LOW
33.34844633630209,36.46666,HIGH
35.5704203625188,33.586796,HIGH
31.080029085921417,34.55878,HIGH
34.54876700396027,32.890488,HIGH
33.562834565921754,32.98862,HIGH
33.11638883958627,33.084927,HIGH
34.04018733105396,30.861803,HIGH
33.718612991139224,31.93087,HIGH
33.46939199854111,31.90118,HIGH
34.05003142669328,32.766685,HIGH
30.879252694253786,32.164436,HIGH
34.23571541882812,31.219147,HIGH
34.17983085899349,32.526764,HIGH
33.005271708135425,33.000805,HIGH
36.53504323262561,33.13857,HIGH
31.503845664775113,35.21448,HIGH
34.37053703442516,34.496155,HIGH
36.66020262764481,34.58034,HIGH
35.163328503521534,34.818928,HIGH
36.69109879964685,35.08925,HIGH
35.83251725485374,34.89004,HIGH
33.76428218178232,34.41395,HIGH
35.0431140500048,34.671356,HIGH
35.341749458141074,33.455803,HIGH
32.98582072395328,31.8808,HIGH
32.42012750405403,31.03987,HIGH
33.84449748752274,30.024515,HIGH
30.925851852915663,30.188482,HIGH
32.68528698646667,29.915554,HIGH
11.664154554378792,30.281872,HIGH
7.785327336949527,9.953903,LOW
8.228561881563184,8.786524,LOW
8.959253526328613,9.146341,LOW
6.76145404922169,7.9104123,LOW
7.778391349012519,7.0419946,LOW
6.986832499594,7.9335284,LOW
6.86954421304624,8.497112,LOW
9.25685784498409,8.231488,LOW
9.247918324234963,8.631456,LOW
9.548554391935141,8.731972,LOW
10.257608470599003,9.04429,LOW
10.76475001295353,9.421383,LOW
7.398675224456982,9.988916,LOW
9.33154169219688,9.890007,LOW
9.152771143419082,10.036627,MEDIUM
11.320140717579061,10.062162,MEDIUM
13.230858516150962,10.399294,MEDIUM
10.151972764559051,11.136557,MEDIUM
9.82958569702829,10.857864,MEDIUM
9.235542811040848,10.794727,MEDIUM
10.781730637805907,10.782457,MEDIUM
10.075662411255212,10.881779,MEDIUM
9.548886268376236,10.84597,MEDIUM
8.98609307987343,10.614681,MEDIUM
6.337629535360287,10.276306,MEDIUM
9.556534966921507,9.4855175,LOW
9.841351782472655,9.611183,LOW
9.327700564090128,9.835236,LOW
7.338529340821392,9.610203,LOW
17.16765573851545,9.132566,LOW
17.061071616592542,14.651234,MEDIUM
15.225671691924743,14.499889,MEDIUM
14.921046496204163,14.407759,MEDIUM
16.748962100280465,14.449116,MEDIUM
13.958145023085152,15.231197,MEDIUM
14.68444641055216,15.109564,MEDIUM
17.106141816821662,15.110073,MEDIUM
15.57352287557259,15.856686,MEDIUM
14.462286522044408,15.896004,MEDIUM
16.076093702424632,15.537601,MEDIUM
14.640762193162624,15.751398,MEDIUM
17.521436253896013,15.543104,MEDIUM
20.375900788125676,16.20393,MEDIUM
17.734982599690824,17.662365,MEDIUM
17.219016448025208,18.097221,MEDIUM
19.754428295573874,17.949326,MEDIUM
17.292595894156815,18.463312,MEDIUM
18.646196877948682,18.07202,MEDIUM
17.31291107337909,18.051088,MEDIUM
16.88480722988542,17.855814,MEDIUM
18.941777542501242,17.289438,MEDIUM
17.367169008801994,17.741404,MEDIUM
18.349447237460943,17.605585,MEDIUM
18.958105915899935,17.752579,MEDIUM
17.444012761699966,18.227541,MEDIUM
18.231925709606042,17.917824,MEDIUM
16.093002434840983,17.946293,MEDIUM
15.843066213009333,17.08249,MEDIUM
14.261409770490344,16.289661,MEDIUM
16.903327923101493,15.654764,MEDIUM
16.727186972123448,17.500496,MEDIUM
13.513106303049124,17.843657,MEDIUM
13.391675386380417,16.164234,MEDIUM
12.962958928580719,15.250626,MEDIUM
10.546417536520948,14.544144,MEDIUM
14.239716492824357,13.318903,MEDIUM
15.200287211246923,13.691082,MEDIUM
13.93841828347526,14.211006,MEDIUM
14.373284026656512,14.455994,MEDIUM
12.749716186647099,14.714016,MEDIUM
16.236372486092254,14.404673,MEDIUM
15.384455818558756,15.420277,MEDIUM
15.473622197268071,15.709335,MEDIUM
15.503728053840936,15.9695,MEDIUM
15.772365985708591,16.05254,MEDIUM
14.146490321597227,16.24973,MEDIUM
17.045164252326714,15.845287,MEDIUM
16.534153871611537,16.468634,MEDIUM
14.966126126476123,16.643261,MEDIUM
16.23348158473253,16.39388,MEDIUM
17.655287706888213,16.547174,MEDIUM
17.563150665436087,17.00928,MEDIUM
15.797155699210201,17.382788,MEDIUM
14.374521270113652,16.87399,MEDIUM
15.7024151970027,16.194355,MEDIUM
15.124304487436152,16.106762,MEDIUM
15.42741952675357,15.885668,MEDIUM
13.648396123638074,15.845026,MEDIUM
15.378941684429845,15.351795,MEDIUM
13.526296896570202,15.620678,MEDIUM
14.34561245091859,13.882252,MEDIUM
16.159677038455822,13.26766,MEDIUM
15.75591978355252,13.8204975,MEDIUM
12.974478251379214,14.426096,MEDIUM
16.719047058296564,14.21365,MEDIUM
14.901761112551995,15.201794,MEDIUM
14.331111476824669,15.322151,MEDIUM
13.510176977087037,15.103796,MEDIUM
11.74095767509676,14.670204,MEDIUM
15.635155835860171,13.8359375,MEDIUM
15.187031643569963,14.299591,MEDIUM
14.475270076100582,14.534548,MEDIUM
16.400353373741613,14.780376,MEDIUM
15.011625030419546,15.4587555,MEDIUM
14.505512683877523,15.5529785,MEDIUM
17.261926757799902,15.362625,MEDIUM
16.34564828928332,16.070927,MEDIUM
14.86390355113235,16.226597,MEDIUM
15.47266697141039,15.930113,MEDIUM
17.303824755550224,15.810324,MEDIUM
15.345113949782187,16.399609,MEDIUM
18.181789430299464,16.054884,MEDIUM
14.520327956494945,16.682207,MEDIUM
17.29112219128181,16.107414,MEDIUM
16.961387405972598,16.451332,MEDIUM
14.06713742400202,16.507969,MEDIUM
14.183767123879164,15.890955,MEDIUM
15.93253584415513,15.146364,MEDIUM
14.107845550321706,15.339426,MEDIUM
7.635760000126803,14.904541,MEDIUM
4.051495946751013,11.098896,MEDIUM
3.0885361395994515,3.7124999,LOW
1.7048016483675106,2.5630486,LOW
1.7039011429994275,1.7074434,LOW
4.033353423378603,1.3510448,LOW
3.1406531163607365,2.6501033,LOW
3.391918041264269,3.402392,LOW
2.880360884457202,3.0775034,LOW
4.983134689876932,2.8558626,LOW
2.087947334928561,3.511328,LOW
2.946994813331477,3.5413885,LOW
4.459694323209563,3.452516,LOW
4.92570792059651,3.6284301,LOW
3.8299605125360046,4.0772223,LOW
6.149717915661759,4.2160864,LOW
5.793851502256313,4.6136155,LOW
6.232247956355069,5.126461,LOW
7.879992030672387,5.803779,LOW
5.042719270207579,6.440608,LOW
5.990775096433278,6.3993673,LOW
3.862260054150049,6.5958614,LOW
5.252628014552979,6.089366,LOW
6.583925174444973,5.944434,LOW
5.837263977255894,6.2907376,LOW
3.774366367638123,6.25844,LOW
4.79222358713937,5.6642227,LOW
4.283592675104856,5.3774757,LOW
3.016583294765093,5.2212305,LOW
3.6352640291320757,4.856082,LOW
5.954768489073686,4.4839473,LOW
4.973425472739236,4.489753,LOW
5.753367007978952,4.8310347,LOW
0.41302737176808657,5.0746675,LOW
4.454850078763777,4.05994,LOW
2.9952785741713224,4.1355977,LOW
2.4723600279271807,4.205388,LOW
5.901367664424481,3.8845935,LOW
3.0491835137801195,4.2317204,LOW
3.0825602116057826,4.0128145,LOW
0.9254355501803602,3.8427238,LOW
2.986629491360028,3.3315926,LOW
3.3424256706818127,3.3243284,LOW
5.628214257216929,3.4604285,LOW
3.3805652521401397,3.9002595,LOW
8.571237466525153,3.6838272,LOW
5.594730916397694,5.057028,LOW
7.698867999058066,5.7304387,LOW
6.724770652591086,6.604543,LOW
6.972142759173872,6.8803525,LOW
8.650022679116994,7.2163634,LOW
6.191857341516465,7.5317583,LOW
4.997207334671103,7.7235804,LOW
6.412062254472804,7.013821,LOW
6.3138105293351785,7.059321,LOW
3.1447178871663803,7.0303226,LOW
5.074310695995118,6.001884,LOW
4.96487986887195,5.704804,LOW
2.1778189399971177,5.543622,LOW
3.0768419793478206,4.8981123,LOW
8.197673889417493,4.282125,LOW
5.847361931380369,5.5378714,LOW
10.617499164511052,5.935752,LOW
6.515996564645378,7.3680944,LOW
7.50171141265282,7.0856833,LOW
6.040419930932664,7.5621557,LOW
8.414772783733715,7.5506597,LOW
4.767211978148881,8.009209,LOW
7.439130780644897,7.388127,LOW
5.6627221105203125,7.47831,LOW
8.227151671403403,7.0677943,LOW
8.324725226829422,7.4065137,LOW
8.492158432655657,7.6543975,LOW
8.253104536712224,7.949993,LOW
11.784369756611113,7.9910064,LOW
10.271862875799894,9.51235,LOW
11.429809067341028,9.765598,LOW
11.92480004526239,10.425838,MEDIUM
8.34555710819326,10.729723,MEDIUM
10.309500552273942,10.610064,MEDIUM
7.5802507790506715,10.566128,MEDIUM
8.208520734549683,10.060152,MEDIUM
10.730212572680284,9.480017,LOW
10.60409553404034,9.986315,LOW
8.581033103875171,10.122583,MEDIUM
9.032935530887128,9.708851,LOW
7.7165005551704215,9.577049,LOW
7.289880873755819,9.258067,LOW
8.247474710048433,8.941792,LOW
7.048923845802574,8.871683,LOW
19.562124599673105,8.517047,LOW
16.620273571793867,20.981861,MEDIUM
15.796652173996712,18.32117,MEDIUM
15.465808220490821,17.690138,MEDIUM
16.38103353417791,16.928043,MEDIUM
16.991619279465525,16.656725,MEDIUM
19.83404570411536,16.71287,MEDIUM
16.91292110350101,17.911299,MEDIUM
14.170424417676786,17.922596,MEDIUM
14.828749877567974,16.588762,MEDIUM
19.119238150355383,15.79878,MEDIUM
17.66812721159102,17.199009,MEDIUM
17.794266050376663,17.588556,MEDIUM
18.701046184886703,17.986282,MEDIUM
19.343266006758036,18.343037,MEDIUM
21.336746427199564,18.902836,MEDIUM
19.91998316487995,19.768276,MEDIUM
19.677692662155604,19.83418,MEDIUM
16.94652645731297,19.84382,MEDIUM
21.92112036073854,18.76598,MEDIUM
20.26035742762938,20.197828,MEDIUM
17.15966465427823,20.068218,MEDIUM
18.039130902859917,18.937117,MEDIUM
18.596089340125626,18.144688,MEDIUM
17.67049128932703,18.331036,MEDIUM
17.55335906416574,18.12125,MEDIUM
19.685724729496478,17.845188,MEDIUM
17.50383081524791,18.591038,MEDIUM
16.450936794345672,18.235725,MEDIUM
17.474097837315433,17.68256,MEDIUM
8.403409789203568,17.476297,MEDIUM
8.55897623114846,7.553579,LOW
10.107968230067986,7.88997,LOW
8.295650231707736,8.242846,LOW
11.515642435359533,8.922255,LOW
9.40643996471362,10.373978,MEDIUM
9.03243122010804,10.504339,MEDIUM
8.499513345530552,10.157467,MEDIUM
10.294756681971833,10.016016,MEDIUM
10.706706065158686,10.303585,MEDIUM
12.728403437488748,10.455761,MEDIUM
9.027936795188142,11.070494,MEDIUM
9.656196944575058,10.689474,MEDIUM
9.659359635095397,10.6292095,MEDIUM
10.461436742532504,10.554073,MEDIUM
13.03352960523204,10.670652,MEDIUM
11.447997552503239,11.554676,MEDIUM
11.400901213177091,11.534815,MEDIUM
14.05204966637877,11.626997,MEDIUM
13.05001194865496,12.680445,MEDIUM
15.381943846060032,13.145212,MEDIUM
11.636431016898594,14.161238,MEDIUM
12.606585316633314,13.630932,MEDIUM
11.53667966231075,13.651205,MEDIUM
7.725026544286749,12.954245,MEDIUM
11.144866171548296,10.930035,MEDIUM
9.900694690927436,10.90151,MEDIUM
9.923181272896691,10.812752,MEDIUM
10.867553822948148,10.728086,MEDIUM
9.204886477903331,10.838226,MEDIUM
32.565788619924085,10.599659,MEDIUM
31.516355745462345,31.75248,HIGH
26.135139931714498,30.601454,HIGH
29.282301617370102,28.720022,HIGH
30.13381540703957,29.152752,HIGH
29.606653183695162,29.024643,HIGH
29.829257576817106,29.211319,HIGH
29.329298959995867,27.68736,HIGH
29.913366162677043,28.362003,HIGH
31.36096883524162,28.8082,HIGH
28.530097107259408,28.999805,HIGH
29.66459770690964,28.410114,HIGH
32.55300155736933,29.133049,HIGH
32.74625401418908,30.723484,HIGH
35.03835499527101,31.574888,HIGH
29.95463648792435,33.05695,HIGH
31.565343375432064,31.874203,HIGH
29.782219512610382,31.51383,HIGH
32.16258648175193,30.265503,HIGH
32.63899282541587,30.453579,HIGH
31.190483546847187,31.023254,HIGH
31.100307800631672,30.508743,HIGH
32.65894484731348,30.69599,HIGH
32.002981261262065,31.088345,HIGH
29.9092524862886,31.091679,HIGH
31.483287922057286,29.8968,HIGH
30.83954276385085,29.940664,HIGH
30.509765952874186,29.513695,HIGH
31.4402269690393,28.684698,HIGH
27.52832475050574,28.52304,HIGH
37.18278450808201,27.765327,HIGH
33.70173017201263,32.54133,HIGH
35.43996019169589,32.388668,HIGH
33.15586377816379,33.867504,HIGH
35.60855679590783,33.65679,HIGH
32.144162795018914,34.229694,HIGH
33.45546374266565,32.957565,HIGH
32.97674275875475,31.645891,HIGH
32.87627853034173,31.737991,HIGH
31.5646001693779,30.551563,HIGH
33.196590414091865,30.37255,HIGH
31.403508256120162,30.717556,HIGH
33.96709934349937,30.96466,HIGH
34.96418416556631,31.818325,HIGH
35.18845153429779,33.543457,HIGH
35.37611496605001,34.424213,HIGH
33.6843087070019,34.912598,HIGH
35.65885721070163,34.447254,HIGH
38.587559723030026,34.485477,HIGH
36.02223176083707,35.68606,HIGH
35.24901400280983,35.62205,HIGH
36.48391271760908,35.407604,HIGH
37.426932173562925,35.668564,HIGH
38.52865909280963,35.95282,HIGH
33.65230107920783,35.57133,HIGH
32.647701838456584,33.568863,HIGH
34.218550804834244,33.213562,HIGH
36.22399933233152,31.631247,HIGH
35.78214945076263,31.547546,HIGH
33.89771876742404,32.112064,HIGH
11.739983992582223,32.056458,HIGH
8.140128776689853,8.750023,LOW
11.651691884752678,9.094662,LOW
8.337593955386442,10.315933,MEDIUM
7.67933617952904,8.787042,LOW
10.22514946161283,8.352453,LOW
7.388916263874959,9.237186,LOW
6.911787299754959,9.496475,LOW
8.817462891139018,8.739566,LOW
6.969474283023795,8.957484,LOW
8.436776356744614,8.589148,LOW
10.4016557130928,8.612574,LOW
12.189491238125006,9.205662,LOW
11.49068892054099,9.809662,LOW
10.335228356501752,10.39971,MEDIUM
12.252636280440456,10.583517,MEDIUM
12.894923237698993,11.100508,MEDIUM
13.307755041039576,12.017843,MEDIUM
11.688489826251566,12.759367,MEDIUM
10.691769998754774,12.60701,MEDIUM
13.562453139840395,12.030428,MEDIUM
11.999166253415003,12.65794,MEDIUM
12.335041472247678,12.5683975,MEDIUM
11.683291662328271,12.669992,MEDIUM
10.882763984797752,12.450207,MEDIUM
10.526607469865644,12.04015,MEDIUM
10.075541561958847,11.526396,MEDIUM
10.615141533295809,11.025646,MEDIUM
10.03472217662158,10.884495,MEDIUM
9.832621745833416,10.686523,MEDIUM
0.0,10.538483,MEDIUM
0.0,1.1664648,LOW
0.0,0.6353799,LOW
0.0,0.61475015,LOW
0.0,0.74490523,LOW
0.0,0.9984937,LOW
0.0,0.9806309,LOW
0.0,0.93916833,LOW
0.0,0.9665805,LOW
0.0,0.97313917,LOW
0.0,0.9216435,LOW
0.016226117354278813,0.97883,LOW
0.0,1.0648575,LOW
0.0,1.100646,LOW
0.0,1.0742494,LOW
0.0,1.0606515,LOW
0.0,1.0996513,LOW
1.4017482523233618,1.098523,LOW
0.0,1.1401232,LOW
1.1516298594032435,1.1650494,LOW
3.3770139472100205,1.2243637,LOW
0.4166783231668374,1.3938622,LOW
0.0,1.4947994,LOW
0.9641637737429676,1.4588208,LOW
0.0,1.4323672,LOW
0.0,1.4736375,LOW
1.736994317918064,1.4139515,LOW
0.0,1.3623511,LOW
0.039921995421090095,1.3040755,LOW
0.0,1.3178273,LOW
0.0,1.219439,LOW
0.0,1.1040288,LOW
0.0,1.0763133,LOW
0.0,0.99212325,LOW
0.0,0.95702314,LOW
0.0,0.91690004,LOW
0.0,0.9514475,LOW
0.0,0.93555105,LOW
0.0,0.8797668,LOW
0.0,0.8488445,LOW
0.0,0.89626503,LOW
0.0,0.8446851,LOW
0.0,0.84661436,LOW
0.0,0.8168751,LOW
0.0,0.8120152,LOW
0.0,0.8646921,LOW
0.0,0.8406193,LOW
0.0,0.8390509,LOW
0.0,0.9017422,LOW
0.0,0.97793424,LOW
0.0,0.9451314,LOW
0.0,1.0033742,LOW
0.0,1.059191,LOW
0.8875878568897022,1.0190585,LOW
0.0,1.1016982,LOW
0.0,1.1165446,LOW
0.0,1.0411993,LOW
0.0,0.95906365,LOW
0.0,0.9577851,LOW
0.0,0.9445416,LOW
24.768674118269466,0.86142766,LOW
25.718902831364442,26.271805,HIGH
24.42419307575199,23.859625,MEDIUM
25.752959388678534,23.77111,MEDIUM
21.10910308554007,24.227554,MEDIUM
23.073216705036984,23.223267,MEDIUM
21.408309672540447,23.017748,MEDIUM
23.41081971950154,21.543427,MEDIUM
23.903371706961554,22.082455,MEDIUM
24.188742843495938,22.456532,MEDIUM
24.875575539107313,23.261705,MEDIUM
22.733613786937454,23.888319,MEDIUM
26.59084652055479,23.60355,MEDIUM
25.04993115071443,24.58768,MEDIUM
23.94671433409176,24.65938,MEDIUM
25.28095986775655,24.396511,MEDIUM
29.34500428610981,24.399017,MEDIUM
26.82413692799166,26.573065,HIGH
24.38760188089227,26.681328,HIGH
26.648815060256158,25.845474,HIGH
25.87261153253617,25.990517,HIGH
25.80021934591105,25.593304,HIGH
25.600959126221994,25.085833,HIGH
24.029774971141265,24.55353,MEDIUM
25.890146642191084,24.335402,MEDIUM
25.130486105541248,24.568031,MEDIUM
25.94796426700899,24.248882,MEDIUM
20.235131825408068,24.565132,MEDIUM
24.536519530765407,21.508228,MEDIUM
23.578102419049202,22.983477,MEDIUM
30.510774870187134,22.664967,MEDIUM
27.5279617580657,27.223473,HIGH
27.226010626341083,26.98864,HIGH
29.254395805010564,27.2677,HIGH
28.76511563067532,27.652401,HIGH
28.2773989607983,27.753841,HIGH
27.682681697909118,27.280273,HIGH
28.365974015632204,26.914011,HIGH
31.31214174190692,27.111961,HIGH
26.352750896736914,28.533358,HIGH
28.179192239133666,27.510925,HIGH
28.76781586314048,27.622732,HIGH
30.257440445284868,27.679718,HIGH
30.81908611545386,28.402256,HIGH
29.846777115945475,28.994373,HIGH
30.001634254922294,29.537296,HIGH
30.15859492691252,30.183384,HIGH
31.120166859017367,30.423702,HIGH
34.199295703873595,30.631874,HIGH
31.895550273509986,31.972315,HIGH
29.61779883619564,31.599964,HIGH
31.29724292296143,30.226301,HIGH
32.83510723215118,30.111061,HIGH
28.85003181077532,30.63909,HIGH
33.25169403924808,29.48064,HIGH
28.148075264311863,30.569656,HIGH
30.06222380841805,29.013132,HIGH
27.747857331873032,28.854523,HIGH
28.102519644866835,27.17456,HIGH
28.23587245551524,26.511782,HIGH
12.815560689095813,26.345798,HIGH
11.22600404976884,11.171444,MEDIUM
10.147456425320613,10.769253,MEDIUM
11.92063235931719,10.892464,MEDIUM
11.41326698443102,11.167513,MEDIUM
9.683894236807733,10.405251,MEDIUM
6.780841606583753,10.955736,MEDIUM
8.6026250277021,10.010096,MEDIUM
11.02422154587654,9.6538105,LOW
12.492664590968321,10.214418,MEDIUM
12.894828273910107,10.700319,MEDIUM
10.477805246902186,11.232296,MEDIUM
9.707248787649911,10.97657,MEDIUM
10.950127206618403,10.927259,MEDIUM
12.354340917488434,11.197493,MEDIUM
14.458354466593134,11.843769,MEDIUM
12.786674563737526,12.757154,MEDIUM
11.769723055562707,12.946081,MEDIUM
17.254441188542906,12.855082,MEDIUM
15.054851263475033,15.055687,MEDIUM
12.982965560206871,15.332138,MEDIUM
15.017370630686996,14.964605,MEDIUM
10.761280023326535,15.082041,MEDIUM
11.158934460089737,13.843243,MEDIUM
12.722007408667546,12.872574,MEDIUM
13.74692861282672,12.556715,MEDIUM
11.997833437908477,13.130796,MEDIUM
10.832199288853039,12.965633,MEDIUM
10.58575283730569,12.324347,MEDIUM
12.62153536873943,11.767431,MEDIUM
19.67835438034639,12.212849,MEDIUM
18.31277614321596,18.403671,MEDIUM
21.29428791480428,18.7085,MEDIUM
20.116162016309158,20.153898,MEDIUM
18.851031583916782,19.910032,MEDIUM
20.628657538005047,19.832464,MEDIUM
19.340825688188204,20.105267,MEDIUM
20.748888554571465,19.731125,MEDIUM
17.689281623506147,20.200706,MEDIUM
18.073969993621382,19.01602,MEDIUM
18.028316915162172,18.50002,MEDIUM
19.179161804795978,18.163904,MEDIUM
20.149951432359707,18.605764,MEDIUM
22.803931781381756,19.298977,MEDIUM
22.36534069077063,20.873138,MEDIUM
23.766148082897047,21.717686,MEDIUM
22.224040890619648,22.73562,MEDIUM
21.124519828751794,22.598701,MEDIUM
23.036251038572736,22.3792,MEDIUM
23.34634773899892,22.32278,MEDIUM
22.700403786710147,22.55215,MEDIUM
21.731607438434168,22.563725,MEDIUM
19.831727211826667,22.335888,MEDIUM
22.258920720416317,21.415596,MEDIUM
23.99516025929472,21.267654,MEDIUM
20.675116257302392,22.075626,MEDIUM
20.138360223916436,21.677216,MEDIUM
18.48355108454153,21.012299,MEDIUM
20.51077630939958,19.718319,MEDIUM
19.03086400564493,19.51994,MEDIUM
33.37650739441493,18.876678,MEDIUM
29.90281753495222,31.016495,HIGH
31.571048109214665,30.129505,HIGH
30.676020474279454,30.196297,HIGH
30.45967396273283,29.89707,HIGH
31.966107608436992,29.686472,HIGH
29.54963336070615,29.743698,HIGH
28.74883325708415,29.13252,HIGH
31.113036865401792,28.536945,HIGH
29.90193525887127,29.226206,HIGH
30.404492466703246,29.102375,HIGH
31.943154788424756,29.063053,HIGH
29.11001212359546,30.111826,HIGH
32.67224567847919,29.623573,HIGH
29.837892045716945,30.496145,HIGH
30.899528688756675,30.127655,HIGH
32.06515183106469,30.32719,HIGH
34.02657503853184,30.611725,HIGH
31.724458248837628,31.760868,HIGH
32.13471577677529,31.43029,HIGH
30.180600658758845,31.715157,HIGH
33.12296026987147,30.818607,HIGH
32.345537002211174,31.254063,HIGH
29.562320026809893,31.06218,HIGH
29.866345127821603,29.918625,HIGH
30.70343023978616,29.171326,HIGH
28.758929882331266,28.875261,HIGH
31.019099269993113,28.19401,HIGH
28.138400561066216,28.664732,HIGH
25.831362592852592,28.288982,HIGH
6.660495951502349,26.821869,HIGH
6.413539571127859,5.4512663,LOW
7.392589564931944,5.426239,LOW
6.804865029860514,5.68182,LOW
8.520254904615506,5.842275,LOW
10.643978058442569,6.197174,LOW
7.275255054095541,8.714928,LOW
7.381940687685189,8.212471,LOW
6.847201821838209,8.335541,LOW
6.919212562145072,8.3662815,LOW
9.126760013475828,8.260397,LOW
5.204354076726414,8.536908,LOW
10.148083397481123,7.8740277,LOW
10.48320308356896,8.400609,LOW
8.32274107417152,9.0045185,LOW
8.69941993869044,9.145231,LOW
11.053440378035464,9.222666,LOW
8.374297292086712,9.889881,LOW
10.636241194441165,9.803186,LOW
9.033171086613294,10.219858,MEDIUM
10.263464816680953,9.989952,LOW
7.970018970492591,10.191305,MEDIUM
7.268367308748947,9.941637,LOW
8.8647037602168,9.271946,LOW
9.171922294436925,9.162546,LOW
7.961077906077445,9.228062,LOW
8.470078071960991,8.929098,LOW
6.7763634789107146,8.751757,LOW
9.017165097983508,8.471852,LOW
5.042307299954454,8.691879,LOW
4.633407810162278,7.9604497,LOW
4.026022749085697,6.719788,LOW
5.950542769263229,5.82951,LOW
5.609446138841733,5.7035775,LOW
1.3470092910778009,5.9050603,LOW
0.197325163178391,4.7292995,LOW
2.3272978338299684,3.2711844,LOW
1.9315105231985257,2.988099,LOW
4.271882974331577,2.660833,LOW
3.1512139864161224,2.9706657,LOW
3.858310716852425,2.5063624,LOW
6.273843094456815,2.7108145,LOW
3.461292135113198,3.7359784,LOW
5.657050513366222,4.1659956,LOW
8.653839571254881,4.8137636,LOW
6.439764259818694,5.8470263,LOW
6.253966269733863,6.4580464,LOW
5.674089926728303,6.7432466,LOW
6.663759841163138,6.6219506,LOW
5.491519859123196,6.7685122,LOW
4.57844775033855,6.8135514,LOW
4.917759140572117,6.348236,LOW
8.941760806888723,5.951241,LOW
4.446694444179972,6.7801347,LOW
3.902036711066013,6.399457,LOW
3.7303680263980956,5.6762056,LOW
5.357426376066359,5.097457,LOW
4.363817386239565,5.1621923,LOW
5.640982970556793,5.2174625,LOW
2.3251069435970972,5.236561,LOW
7.043401375522079,4.539716,LOW
7.765028500006344,5.2016068,LOW
7.489002234761353,6.072878,LOW
6.527298104308359,6.6489563,LOW
6.2597004453856115,6.7519536,LOW
6.015439881952724,6.7397466,LOW
5.63516245678375,6.7960477,LOW
5.799279439392135,6.975726,LOW
6.616936617754013,6.7615876,LOW
6.330210460941645,6.6826572,LOW
8.11588049411741,6.625849,LOW
6.399236200832867,6.9894547,LOW
6.211280024891968,7.030684,LOW
10.284192335612902,6.9654975,LOW
9.108720535647834,8.06266,LOW
8.444715514951543,8.450241,LOW
10.16496471733521,8.701723,LOW
7.998487734433157,9.248003,LOW
10.091970026745187,9.2438755,LOW
6.547084811004638,9.66247,LOW
7.5268150687029,9.264172,LOW
11.256969009667543,8.803173,LOW
9.103862276352551,9.708544,LOW
11.474360744112726,9.553696,LOW
7.305868858167944,10.012402,MEDIUM
5.790657990287663,9.53175,LOW
9.168418461907565,8.463326,LOW
8.465184169871009,8.82539,LOW
5.389909392719737,8.7278,LOW
3.5247986371014193,8.289047,LOW
21.223710341223562,6.368887,LOW
20.086228496361755,21.51829,MEDIUM
19.161475300639477,20.136118,MEDIUM
19.7859954709079,19.77883,MEDIUM
19.16981050397584,19.409748,MEDIUM
19.383208869800974,19.253778,MEDIUM
18.269387956491396,19.021503,MEDIUM
21.109567255346192,18.420761,MEDIUM
17.473287816545287,19.296537,MEDIUM
18.787308104330915,18.630344,MEDIUM
16.367064980803278,18.443384,MEDIUM
20.29739604172626,17.570873,MEDIUM
20.565928940444493,18.56849,MEDIUM
20.543509100227027,19.103855,MEDIUM
18.938274486733103,19.676191,MEDIUM
22.465131209494878,19.441196,MEDIUM
22.488318547072666,20.59367,MEDIUM
22.795851321859963,21.31934,MEDIUM
21.220390207403838,21.999289,MEDIUM
22.23944939551263,21.656559,MEDIUM
22.907509998685192,21.779955,MEDIUM
19.32218409786865,21.818748,MEDIUM
21.989748290348395,20.880701,MEDIUM
20.965463196464082,20.636013,MEDIUM
19.494169016358647,20.616673,MEDIUM
18.446265742329544,20.080097,MEDIUM
20.221699201759783,18.678913,MEDIUM
16.397109450771744,18.905336,MEDIUM
18.154681487200527,17.901136,MEDIUM
19.51985948455516,17.543327,MEDIUM
10.286271179956058,18.15508,MEDIUM
8.909731914937689,10.782305,MEDIUM
8.63438261239063,8.686741,LOW
8.472101659867384,8.548771,LOW
6.665752017232263,8.784534,LOW
5.763190850785648,7.8818183,LOW
8.5147524165085,7.632008,LOW
8.34561010409976,8.374563,LOW
7.355600169623408,8.474547,LOW
9.796470984494695,8.37701,LOW
8.117119851414248,8.585314,LOW
9.4378170987655,8.653618,LOW
10.212450202438713,9.175372,LOW
11.834513221146425,9.705008,LOW
11.938449647491368,10.428267,MEDIUM
11.477965014670717,10.764656,MEDIUM
12.91032490730938,11.087313,MEDIUM
11.391466674963477,12.033848,MEDIUM
9.28977010494277,12.2290325,MEDIUM
10.63763776310048,11.494963,MEDIUM
13.144428770668279,11.22423,MEDIUM
9.887435408532085,11.996799,MEDIUM
11.028268450819919,11.468838,MEDIUM
8.554502598103765,11.355043,MEDIUM
8.966109506551,10.703602,MEDIUM
12.353358186314981,10.397251,MEDIUM
8.960462608667633,10.92037,MEDIUM
8.001490356780348,10.663029,MEDIUM
10.357477559467315,10.169798,MEDIUM
7.690079662671092,10.158932,MEDIUM
0.0,9.921951,LOW
1.3751281601461738,2.226304,LOW
2.0989264576635005,1.5655653,LOW
0.0,1.7466381,LOW
0.16301910888225102,1.6328273,LOW
0.0,1.6509326,LOW
0.0,1.4350333,LOW
1.2030520587305258,1.3456539,LOW
0.0,1.3901246,LOW
0.0,1.2772546,LOW
0.46384232349611487,1.2408746,LOW
0.0,1.2505572,LOW
1.1844298813056913,1.2640357,LOW
1.7098078131217882,1.3531582,LOW
0.9258135027184764,1.3764006,LOW
2.4587990190447133,1.3969486,LOW
3.409223283473784,1.5455315,LOW
3.0077788054265238,1.785077,LOW
4.307365080214376,2.1664374,LOW
4.774719310811731,2.7601883,LOW
3.3247434807212226,3.2511625,LOW
4.581130230803787,3.5856633,LOW
4.441314603127177,4.0132694,LOW
1.6020257961117217,4.3325877,LOW
0.0,3.9746325,LOW
3.365433299061566,2.7356415,LOW
0.35093680579722886,2.8459127,LOW
1.2273960682980523,2.316657,LOW
0.0,2.0072901,LOW
0.018152017581620328,1.4770865,LOW
24.98977889448981,1.3500942,LOW
24.89779796954231,26.796232,HIGH
23.871663805082758,24.076866,MEDIUM
22.25237297651664,23.583487,MEDIUM
24.116971025694127,22.89058,MEDIUM
26.137520140480795,23.048164,MEDIUM
24.77776196574507,24.01778,MEDIUM
20.673807402882346,24.141043,MEDIUM
25.016616380816146,21.9348,MEDIUM
25.45992455784515,23.235428,MEDIUM
25.75650594927856,23.802876,MEDIUM
22.855791075038436,24.414406,MEDIUM
23.576207512865587,23.747131,MEDIUM
26.50816842139389,23.57908,MEDIUM
24.91746339878567,24.432865,MEDIUM
23.190537080662573,24.557629,MEDIUM
25.232855611884705,24.092022,MEDIUM
26.03601222620096,24.272572,MEDIUM
26.264942385984682,24.587082,MEDIUM
26.40690738702567,24.952023,MEDIUM
27.349716183775165,25.180069,HIGH
25.210156137289324,25.816496,HIGH
28.6580629816451,25.362738,HIGH
26.444718024621693,26.390442,HIGH
25.15417121922063,26.081757,HIGH
25.272638499468187,25.522034,HIGH
23.458633478725343,24.786764,MEDIUM
23.88468572081237,23.749527,MEDIUM
22.111275118448173,23.086834,MEDIUM
22.728620207846355,22.05519,MEDIUM
0.0,21.859222,MEDIUM
0.0,1.5073655,LOW
0.033041985078046565,0.48383355,LOW
0.0,0.43086255,LOW
0.0,0.5154495,LOW
0.42567776975042193,0.5807098,LOW
0.0,0.95627725,LOW
0.0,1.0859001,LOW
0.0,1.109478,LOW
0.0,1.0780605,LOW
0.3587099016213635,1.0369743,LOW
0.0,1.1137065,LOW
0.9931809163174758,1.0503014,LOW
0.02593350738152367,1.1556729,LOW
0.7482568198348041,1.1825423,LOW
1.5312442805435147,1.2468822,LOW
0.0,1.3317436,LOW
0.0,1.2565727,LOW
3.1666483283403863,1.2928361,LOW
0.0,1.478131,LOW
1.2871451541042518,1.4829012,LOW
1.9716044809027746,1.4824519,LOW
1.1628941611707297,1.4410173,LOW
0.14855810592298546,1.539018,LOW
0.0,1.5906718,LOW
2.8959352937427667,1.4082664,LOW
0.0,1.6069218,LOW
0.0,1.5631884,LOW
0.09816260703362012,1.4052297,LOW
0.0,1.3062718,LOW
24.31599252798016,1.2443681,LOW
23.437149055738217,26.24068,HIGH
26.71690020949157,23.403282,MEDIUM
19.53158021763379,24.47598,MEDIUM
22.79826596703675,22.880627,MEDIUM
24.361145117517463,23.112118,MEDIUM
23.085533168543837,23.378307,MEDIUM
22.354974551789102,22.682116,MEDIUM
23.99307505144472,22.640621,MEDIUM
25.13662716800617,22.911379,MEDIUM
21.06584384281706,23.767307,MEDIUM
25.908443163550167,22.796328,MEDIUM
23.88801835952834,24.380264,MEDIUM
22.929566552940823,23.83132,MEDIUM
24.3765353868401,23.83078,MEDIUM
25.61982970561867,24.00159,MEDIUM
24.67249709512153,24.79365,MEDIUM
28.09596976392683,25.072145,HIGH
26.838927345492863,26.431282,HIGH
29.192238303342975,26.494602,HIGH
27.2578822484369,27.66286,HIGH
27.708909382879654,27.730085,HIGH
23.485907169708405,27.518692,HIGH
26.948015251820316,25.712183,HIGH
24.237293279077257,25.50744,HIGH
23.305878258958835,24.136742,MEDIUM
24.307164750329314,23.141293,MEDIUM
23.704400033878464,22.969595,MEDIUM
25.759128174736013,22.873665,MEDIUM
23.23174762766498,23.835526,MEDIUM
4.336078170659588,23.058485,MEDIUM
0.9866896268856102,3.5050883,LOW
2.620817602101191,2.5384166,LOW
0.07333363007448135,1.1072407,LOW
1.8724998034317242,1.0382215,LOW
2.039147729438014,1.1871773,LOW
3.0653946399627,1.5942583,LOW
0.9311306234442283,2.1003683,LOW
0.533977377850217,1.856652,LOW
1.706836132644943,1.6613252,LOW
0.0,1.7485815,LOW
1.6336510546846288,1.6927899,LOW
4.028610724374002,1.6660786,LOW
1.389968165634773,1.885705,LOW
3.9425519162483633,1.7931935,LOW
2.1212384415965655,2.2158644,LOW
5.0310669971811,2.1947508,LOW
4.060231583490206,3.110856,LOW
1.337668729177258,3.5962827,LOW
3.161434575371649,3.2646835,LOW
5.55293859951796,3.15955,LOW
4.37605340165682,3.8332949,LOW
4.7055942235109836,4.2154613,LOW
2.638172523669585,4.305745,LOW
3.921665831283157,3.734019,LOW
0.018596263774664834,4.0211725,LOW
0.08939615283576252,3.469807,LOW
0.0,2.5850945,LOW
2.6594812519072235,2.0374274,LOW
0.9661946966743633,2.0019517,LOW
11.8721179941087,1.6840978,LOW
13.47851652752394,10.709385,MEDIUM
9.53834749797275,11.153437,MEDIUM
8.199813667267764,10.159096,MEDIUM
10.842872945682368,9.245511,LOW
9.192273589679,9.775734,LOW
9.062929775984657,10.001705,MEDIUM
9.17326652376915,10.08568,MEDIUM
11.168929429413183,9.999807,LOW
10.733929166508764,10.188181,MEDIUM
5.898260810434937,10.418089,MEDIUM
7.872847019439012,9.153288,LOW
8.437613393019095,8.88629,LOW
8.444634490012975,8.928152,LOW
11.235379682052635,8.984985,LOW
12.69732970470709,9.931757,LOW
10.611701290986296,10.328365,MEDIUM
8.633496319928454,10.421194,MEDIUM
11.00351739350732,10.344868,MEDIUM
11.416920129864426,10.629606,MEDIUM
12.050213613271989,10.824211,MEDIUM
11.126886220887505,11.2306,MEDIUM
12.048914767820925,11.192205,MEDIUM
9.745170952367499,11.27445,MEDIUM
10.83735408873484,10.974447,MEDIUM
9.65134770494828,11.03196,MEDIUM
10.423366170621406,10.81422,MEDIUM
9.123829127945596,10.680344,MEDIUM
8.827448753437068,10.4169235,MEDIUM
8.03797479298848,10.148256,MEDIUM
31.15095270965632,9.670887,LOW
30.651316575181852,30.33014,HIGH
27.745190829580817,29.65345,HIGH
31.24220925290064,28.99027,HIGH
29.567781072946193,29.690449,HIGH
28.01815406400271,29.15068,HIGH
27.059888982347957,28.454239,HIGH
29.493871069803205,27.029182,HIGH
28.31489399288465,27.517593,HIGH
27.42003996505556,27.121689,HIGH
29.31408227121731,26.61351,HIGH
31.019653819229838,27.43575,HIGH
30.323686039274076,28.839512,HIGH
29.106769998858248,29.381207,HIGH
30.020083959167405,29.40346,HIGH
32.41477605054469,29.66042,HIGH
30.860365805241415,30.44513,HIGH
31.086138151408655,30.267862,HIGH
31.92434261118472,30.696375,HIGH
31.968649180922,31.173908,HIGH
33.58408023687929,31.35188,HIGH
33.9945422295424,31.814259,HIGH
33.22558800074853,32.21303,HIGH
29.506109331216184,32.296005,HIGH
30.86984892913147,30.808674,HIGH
27.58844264522548,30.093887,HIGH
29.366576764243995,27.442429,HIGH
28.455125377996918,27.075197,HIGH
29.936310221254946,26.417171,HIGH
29.119640283338946,27.246954,HIGH
4.614442064888415,27.605268,HIGH
4.235352107102685,4.120093,LOW
2.442571802555702,3.5867147,LOW
5.015353955459894,2.5576668,LOW
3.113346727867075,2.5917413,LOW
3.612183419362677,1.996234,LOW
4.482546153014228,2.8655858,LOW
2.0206565021168803,4.013101,LOW
0.44997322053636424,3.672431,LOW
3.454156922191208,3.0234551,LOW
5.9942156819255725,3.0208807,LOW
3.840907830572828,3.851809,LOW
2.1803948325751463,3.9351876,LOW
3.41321509378645,3.3264403,LOW
2.622457792706588,3.1862357,LOW
7.031527821451313,3.4171593,LOW
3.4635781998659994,4.8195696,LOW
5.547724567538936,4.638874,LOW
3.5998199231157386,4.8015347,LOW
5.22311441923074,4.648136,LOW
6.899235906362579,5.0525427,LOW
6.65443991027805,5.6783423,LOW
5.883920284152401,6.096725,LOW
6.863212222263446,6.1498504,LOW
5.815506810111128,6.4313793,LOW
5.157114755415112,6.529015,LOW
4.666955241814297,6.4669113,LOW
3.752226776251282,6.125703,LOW
0.9038836989153367,5.4790616,LOW
1.5561059001949218,4.1767187,LOW
33.556725111875686,3.347324,LOW
28.33558485603255,34.60736,HIGH
29.643854594729078,29.769316,HIGH
28.823837423075243,29.868292,HIGH
29.977950279133218,29.012953,HIGH
30.629820534193584,29.036665,HIGH
30.183801999737657,29.48708,HIGH
28.825883204161613,29.05492,HIGH
30.910052210471278,29.02489,HIGH
28.778768378110232,29.535896,HIGH
29.091119090925726,28.618275,HIGH
30.116987192025622,27.678968,HIGH
28.905768322262784,28.107838,HIGH
29.37691444751306,28.565628,HIGH
30.687598143459027,28.868694,HIGH
29.282866309207964,29.44418,HIGH
32.341340150819164,29.421371,HIGH
32.945269758213094,30.655064,HIGH
32.66337650028149,31.229511,HIGH
33.83627855806086,31.421062,HIGH
34.16366455682388,32.122852,HIGH
35.324985364829395,32.92297,HIGH
32.742392725623844,33.799286,HIGH
31.41070813787199,33.469822,HIGH
31.71484404546638,32.50397,HIGH
30.235281108918024,31.296864,HIGH
32.027743269417236,29.441788,HIGH
28.64205077401219,29.187935,HIGH
29.088255115872354,27.760288,HIGH
31.802560271391027,27.719702,HIGH
3.796036097185862,28.60754,HIGH
5.3402794494241626,4.2357464,LOW
7.258620158908254,3.62375,LOW
7.056087551321898,4.2743025,LOW
4.9561829645464766,5.320291,LOW
5.067274164249911,5.5033216,LOW
3.1253226083195997,6.015494,LOW
4.634831661818751,5.484556,LOW
3.366198061564381,5.4147015,LOW
3.5905728932215624,4.924808,LOW
5.877003037441321,4.5396347,LOW
7.080174714025883,4.775257,LOW
6.5300868230888796,5.3760595,LOW
8.00313432955535,5.886756,LOW
7.183817372306073,6.430469,LOW
5.583675123636793,6.861051,LOW
5.75490823242054,7.0669,LOW
9.261118793853662,7.0818524,LOW
7.3120486983397335,7.9154644,LOW
8.482945256155867,7.9837265,LOW
8.150176449641476,8.038548,LOW
8.832036842930187,8.021735,LOW
7.319341947835582,8.653631,LOW
7.412135829348189,8.656313,LOW
5.145329363167715,8.531622,LOW
5.756148811421546,8.038233,LOW
4.491571459309592,7.5856147,LOW
6.333300352278165,6.7785096,LOW
7.3020411550552,6.6693206,LOW
3.304083083152518,6.70644,LOW
10.510529490852115,5.98861,LOW
7.205062305658883,7.3797603,LOW
7.475761565360147,7.1933317,LOW
5.112201676583162,7.520874,LOW
9.117817089168957,7.158957,LOW
7.884609128891645,7.7372446,LOW
6.958669217895583,7.892558,LOW
7.700904265033364,8.152169,LOW
6.487474991466042,7.81497,LOW
7.682982243377651,7.7357464,LOW
7.130226079936756,7.881474,LOW
6.501048599553737,8.053017,LOW
8.93244417402347,7.6563244,LOW
10.427840699670073,8.003086,LOW
11.853381138250242,8.721024,LOW
8.446258800072131,9.651798,LOW
8.37963286356776,9.689703,LOW
9.985083671046644,9.594648,LOW
11.434498618365593,10.000599,MEDIUM
13.158294502958586,10.543222,MEDIUM
10.272662512800675,11.317181,MEDIUM
9.927990298879264,10.940878,MEDIUM
9.717951529782539,10.799036,MEDIUM
9.320202794424661,10.7133255,MEDIUM
7.976254996686894,10.573505,MEDIUM
9.400364903058243,10.135357,MEDIUM
8.67192484087869,9.891905,LOW
7.8324486544138505,9.703842,LOW
8.448366099572901,9.286211,LOW
5.5967156237125,9.098246,LOW
5.132651737717074,8.519796,LOW
4.589198543340208,7.700945,LOW
4.402272758578457,6.856223,LOW
1.9581752922289901,6.232331,LOW
1.4102087751568657,5.033499,LOW
2.4019876994555,3.950464,LOW
5.8671876299131345,3.4555116,LOW
2.1392402001126456,3.910997,LOW
3.3821548217043844,3.5003502,LOW
4.990595157608704,3.2536278,LOW
2.534531720503189,3.4759204,LOW
4.737612646115734,3.817652,LOW
3.666997655371535,4.1948953,LOW
3.5156280320907562,3.9933555,LOW
4.9875594808264125,3.9802525,LOW
7.424486603487852,4.2823453,LOW
6.163097113354386,5.1440177,LOW
4.35704328200366,5.729928,LOW
7.019295952210861,5.7150574,LOW
5.484075646899878,6.07035,LOW
7.695022652663834,6.389451,LOW
6.628143453746519,6.9116592,LOW
5.729538542211312,7.000346,LOW
9.88663271540869,6.7610364,LOW
5.391473618434556,7.719076,LOW
5.6816384591893225,7.28628,LOW
3.236351090111274,7.113346,LOW
4.264223351700645,6.2549357,LOW
4.376217699162192,5.6412797,LOW
4.434413100581212,5.418373,LOW
0.0,5.143415,LOW
0.0,1.7732913,LOW
0.0,1.201753,LOW
0.0,0.9952005,LOW
0.0,0.89436996,LOW
0.0,0.8515128,LOW
0.0,0.71305895,LOW
0.0,0.7743434,LOW
0.0,0.70740545,LOW
0.0,0.6786066,LOW
0.0,0.78681827,LOW
0.0,0.64794755,LOW
0.0,0.70933795,LOW
0.0,0.6872548,LOW
0.0,0.74017715,LOW
0.0,0.64625657,LOW
0.0,0.67821515,LOW
0.0,0.64879775,LOW
0.0,0.6938417,LOW
0.0,0.70227206,LOW
0.0,0.72236025,LOW
0.0,0.7226577,LOW
0.0,0.7573192,LOW
0.0,0.69214475,LOW
0.0,0.6498914,LOW
0.0,0.7896346,LOW
0.0,0.69963706,LOW
0.0,0.72394633,LOW
0.0,0.75531054,LOW
0.0,0.74039054,LOW
25.570193455099343,0.7888218,LOW
25.581363670540867,30.050488,HIGH
27.822929638362286,24.375591,MEDIUM
25.682019474943953,26.000895,HIGH
24.914490657161707,25.946415,HIGH
24.425660074905025,25.17613,HIGH
23.773439659510174,24.617357,MEDIUM
26.128793150206548,23.544878,MEDIUM
26.472907269635503,24.206884,MEDIUM
27.30746423483145,24.94094,MEDIUM
25.121283753709363,25.950287,HIGH
25.938673333077386,25.575909,HIGH
28.657388721489617,25.668621,HIGH
26.678065755729456,26.491838,HIGH
26.747991997460957,26.310848,HIGH
24.624309170965184,26.361038,HIGH
30.069121126853872,25.634007,HIGH
28.29677214803131,27.453049,HIGH
27.92594562947672,27.320236,HIGH
26.39238518567386,27.45998,HIGH
27.612837226642885,26.994026,HIGH
27.042826992871106,27.048632,HIGH
26.71743175248796,26.591728,HIGH
28.728259512254446,26.003872,HIGH
25.71219929780266,26.59026,HIGH
28.59828375014093,25.865791,HIGH
26.000408151200702,26.47801,HIGH
26.731826996826516,25.576382,HIGH
23.098287895800638,25.371637,HIGH
27.743123824624867,24.000042,MEDIUM
13.699845181761678,25.402874,HIGH
15.051291825260952,12.426388,MEDIUM
11.850249241914508,12.653103,MEDIUM
16.271499508008446,12.849421,MEDIUM
14.002754690726125,14.89983,MEDIUM
14.228946340012218,14.1945915,MEDIUM
14.757924455665155,14.48329,MEDIUM
15.604903538675908,14.76285,MEDIUM
15.086971987347669,15.330206,MEDIUM
13.870733142267397,15.327263,MEDIUM
13.502625082653058,15.13571,MEDIUM
15.305642341880915,14.629496,MEDIUM
17.067124346856794,14.985655,MEDIUM
16.18097018144428,15.891205,MEDIUM
15.593530680448426,16.133142,MEDIUM
18.11749596183981,16.243147,MEDIUM
16.5808465860408,16.90457,MEDIUM
16.511555226204415,16.776724,MEDIUM
16.07564807464368,16.825296,MEDIUM
16.655964515323667,16.597712,MEDIUM
17.39885076176195,16.646732,MEDIUM
18.436379450768083,16.816284,MEDIUM
14.951730501202434,17.605751,MEDIUM
18.508099593343623,16.768488,MEDIUM
17.748850372340815,17.311573,MEDIUM
17.17313024046004,17.399414,MEDIUM
14.498083491419596,17.38368,MEDIUM
18.308547506960984,16.111792,MEDIUM
15.681470712016155,16.900545,MEDIUM
13.352581539193501,16.400225,MEDIUM
11.543003714198738,15.48591,MEDIUM
11.033115323432146,12.083609,MEDIUM
7.581411776445504,11.579046,MEDIUM
9.61533914971337,9.222313,LOW
10.304534060149908,9.500235,LOW
9.828294102290961,10.199167,MEDIUM
9.049760898212401,10.191725,MEDIUM
7.9530653886915035,10.141991,MEDIUM
7.064362553981902,9.591568,LOW
8.836479981828454,9.072338,LOW
11.154208480709313,9.124081,LOW
10.349900140505893,9.840563,LOW
8.810086373497633,9.90317,LOW
10.72391653562231,9.687677,LOW
10.687807180882851,10.0043545,MEDIUM
12.24128567381262,10.444326,MEDIUM
10.76395713370371,10.887428,MEDIUM
12.712211963106649,11.020699,MEDIUM
12.853428574764528,11.470682,MEDIUM
13.040204866557994,11.9754505,MEDIUM
9.779744153063985,12.539238,MEDIUM
10.707769705767703,11.65811,MEDIUM
11.738258313437065,11.297445,MEDIUM
12.634018152125345,11.433611,MEDIUM
11.036092810662076,11.816437,MEDIUM
12.447491166565621,11.587404,MEDIUM
9.000145812828265,11.82329,MEDIUM
8.365263054806116,10.9560375,MEDIUM
9.427809966263542,10.44846,MEDIUM
11.401498423839413,10.199223,MEDIUM
18.16798542943684,10.416569,MEDIUM
18.555664654865414,16.959454,MEDIUM
18.259930437760712,17.215887,MEDIUM
18.177460507545938,17.737278,MEDIUM
13.933038953242876,17.720165,MEDIUM
15.782243084145831,16.592447,MEDIUM
18.049136293754124,15.875933,MEDIUM
15.210706848182356,16.329044,MEDIUM
16.157400408342212,16.07375,MEDIUM
16.24089904918123,16.073029,MEDIUM
17.052937524151947,16.301212,MEDIUM
19.700023437253513,16.51175,MEDIUM
16.641727895732327,17.632278,MEDIUM
16.67898617053307,17.480938,MEDIUM
18.99918465857373,17.335854,MEDIUM
18.48155579060569,17.88077,MEDIUM
19.866992572369266,18.011238,MEDIUM
20.906531259629297,18.681505,MEDIUM
19.71553979895839,19.457287,MEDIUM
20.501157458916147,19.644308,MEDIUM
19.912996693981622,19.781044,MEDIUM
23.096740069898537,19.756203,MEDIUM
21.11097019909503,20.98491,MEDIUM
20.94613499669738,20.967592,MEDIUM
19.685886419157832,20.96336,MEDIUM
16.76262825059819,20.238628,MEDIUM
17.15218160304719,18.339794,MEDIUM
16.216572263370274,17.024675,MEDIUM
18.68765370295142,16.159613,MEDIUM
17.96918809301295,17.058302,MEDIUM
2.5785321726987576,17.306585,MEDIUM
2.2649952049769144,2.210502,LOW
2.7875520000673646,1.7693851,LOW
1.993771579944906,1.4486839,LOW
2.798019438916265,1.3369777,LOW
3.5951220974061897,1.4202715,LOW
3.7979117531414293,2.8026092,LOW
2.1662413086198646,3.03548,LOW
4.637776960679824,2.8965578,LOW
0.0,3.3858776,LOW
2.0559327067866047,2.873568,LOW
2.4249853200901015,2.7583687,LOW
5.2296814711900925,2.5998533,LOW
4.946752356137932,3.277275,LOW
6.055625781684809,3.5347116,LOW
4.305319183500859,4.0074787,LOW
3.855527820931755,4.3234067,LOW
3.187363434740651,4.7184906,LOW
5.988306855660922,4.6184406,LOW
4.96911214135766,5.0712166,LOW
8.423395456136397,5.259663,LOW
4.774927754409433,6.035073,LOW
3.994407805485465,5.860232,LOW
4.37843268282623,5.572687,LOW
6.019404401978532,5.382893,LOW
2.941143060282449,5.6596217,LOW
1.6794988228258418,5.146901,LOW
3.8374875928342735,4.1522923,LOW
3.0398037724638707,3.8337061,LOW
0.0,3.7457862,LOW
19.53268794607143,2.9786603,LOW
18.338450304708378,20.175262,MEDIUM
20.851698981522247,18.542885,MEDIUM
17.88876213822683,19.246017,MEDIUM
17.25277940490208,18.8237,MEDIUM
17.38961811984538,18.313189,MEDIUM
14.693946121535692,17.834663,MEDIUM
16.979792529442243,16.523035,MEDIUM
17.695941238327418,16.515207,MEDIUM
18.015363966458253,16.787798,MEDIUM
17.53082237536148,17.524519,MEDIUM
22.23257167581152,17.62541,MEDIUM
19.000985454076748,19.633114,MEDIUM
18.123818517481787,19.513906,MEDIUM
21.757283232966724,19.096273,MEDIUM
20.421656967131607,19.894482,MEDIUM
20.194650481045052,20.119324,MEDIUM
20.3582792185843,20.23764,MEDIUM
21.512578537912532,20.29058,MEDIUM
21.159652473738888,20.752514,MEDIUM
20.08493579557052,20.797415,MEDIUM
21.873647421528677,20.586552,MEDIUM
22.51955161004623,20.956623,MEDIUM
21.07570047850924,21.39967,MEDIUM
18.5967004648706,21.329977,MEDIUM
17.678000544985025,20.280249,MEDIUM
20.505884452067594,18.804401,MEDIUM
20.21088324965585,18.828186,MEDIUM
20.037512646351438,19.191578,MEDIUM
18.32789656911101,19.472427,MEDIUM
10.588991089753321,19.11873,MEDIUM
9.807443148187426,7.960363,LOW
9.243555942912124,8.882557,LOW
9.202822226654874,8.710889,LOW
9.017870947631199,8.996233,LOW
8.486180142543716,9.670069,LOW
7.93534599662712,9.806942,LOW
9.056811848710336,9.322636,LOW
6.2217146845007365,9.215042,LOW
9.789770456329322,8.675074,LOW
7.308161560106118,9.085575,LOW
11.7043469974824,8.706516,LOW
11.063385535654163,9.851053,LOW
9.908485037359846,10.030554,MEDIUM
10.973198838922693,10.128115,MEDIUM
12.661299038850299,10.454367,MEDIUM
10.47151075258147,11.204832,MEDIUM
11.99195105264123,11.160816,MEDIUM
13.947222241595814,11.480595,MEDIUM
11.355174156192334,12.3537655,MEDIUM
16.053838842417452,12.202169,MEDIUM
14.24210434079515,13.989479,MEDIUM
12.999168982777146,13.996006,MEDIUM
11.8115502301332,14.024618,MEDIUM
9.5551852171767,13.394306,MEDIUM
10.679346272289779,12.0453415,MEDIUM
10.288958145012748,11.060043,MEDIUM
8.596390877959934,10.827316,MEDIUM
9.132158028170338,10.454594,MEDIUM
9.954423285406488,10.198086,MEDIUM
8.251988572067148,10.146584,MEDIUM
10.458257548240706,9.848003,LOW
11.340841235071103,10.128008,MEDIUM
11.631087407837054,10.384611,MEDIUM
10.454087563103888,10.611397,MEDIUM
10.318020337299558,10.735937,MEDIUM
9.830818301540365,10.735933,MEDIUM
10.207000074713502,10.627924,MEDIUM
8.680280105306736,10.646618,MEDIUM
12.325313767827893,10.395687,MEDIUM
10.765383355763817,10.73237,MEDIUM
12.71449712440392,10.7374,MEDIUM
12.635421323489371,11.299253,MEDIUM
14.797615852685075,11.660677,MEDIUM
11.910375340531356,12.825373,MEDIUM
12.406495189712425,12.794596,MEDIUM
13.762030681908367,12.970243,MEDIUM
11.029677533729112,13.2746105,MEDIUM
11.161850947120342,12.900652,MEDIUM
14.495100435998642,12.17094,MEDIUM
11.849364413270736,13.089329,MEDIUM
12.46168293332986,12.750923,MEDIUM
13.885634519067121,12.790806,MEDIUM
13.197864165658332,13.052639,MEDIUM
10.431969551460094,13.2242775,MEDIUM
12.184224183665814,12.53754,MEDIUM
11.685005499944292,12.377295,MEDIUM
11.776834213237535,12.1495495,MEDIUM
12.20282497622627,11.964903,MEDIUM
7.683498064807873,12.040386,MEDIUM
0.830129296119857,10.80875,MEDIUM
0.0,2.4745114,LOW
0.0,0.77213264,LOW
0.0,0.6652702,LOW
0.0,0.80968034,LOW
0.0,1.2664,LOW
0.5367911793432381,1.2073538,LOW
0.0,1.1603775,LOW
0.9960838832672021,1.156847,LOW
1.0549501097466614,1.2256457,LOW
0.0,1.2408396,LOW
0.0,1.214887,LOW
2.7172575790793516,1.2055607,LOW
0.0,1.3695306,LOW
1.5241941245739845,1.388464,LOW
5.408032129107317,1.4073095,LOW
3.2812012577967984,1.7770966,LOW
2.1999119821387936,2.1048336,LOW
0.25760484831278063,2.4371247,LOW
4.081096514177746,2.0238256,LOW
2.370962407635881,2.7426994,LOW
2.3350485913454495,3.0648873,LOW
0.5541682084072796,2.71778,LOW
2.7655985235257656,2.0840409,LOW
3.883795724029289,2.2164755,LOW
0.0,2.6907682,LOW
0.0,2.002026,LOW
1.4989358305838039,1.6272795,LOW
0.0,1.590065,LOW
0.0,1.5444258,LOW
0.0,1.3541515,LOW
0.0,1.1020589,LOW
0.0,1.0777254,LOW
0.0,0.94945323,LOW
0.0,0.8563751,LOW
0.0,0.80474913,LOW
0.0,0.6870966,LOW
0.0,0.73756313,LOW
0.0,0.7771808,LOW
0.0,0.6807909,LOW
0.0,0.6894897,LOW
0.0,0.69826376,LOW
0.0,0.62247896,LOW
0.0,0.6862353,LOW
0.0,0.7038821,LOW
0.0,0.6708869,LOW
0.0,0.6885148,LOW
0.0,0.67301285,LOW
0.0,0.65628266,LOW
0.0,0.65061843,LOW
0.0,0.7031293,LOW
0.0,0.69697917,LOW
0.0,0.7201805,LOW
0.0,0.7185627,LOW
0.0,0.78454006,LOW
0.0,0.7182753,LOW
0.0,0.7489965,LOW
0.0,0.6764692,LOW
0.0,0.77115774,LOW
0.0,0.72628486,LOW
38.61343802973353,0.75835156,LOW
37.85996509150056,39.491386,HIGH
38.58431960985785,34.677326,HIGH
35.459350478371555,38.09344,HIGH
36.40028085060621,36.015713,HIGH
40.02186907814223,35.533665,HIGH
39.062607679700854,36.25287,HIGH
36.20202037324039,36.819355,HIGH
35.89349641607186,36.251575,HIGH
37.46788749535429,36.084934,HIGH
36.57268860475508,36.02228,HIGH
38.26600327872117,34.50346,HIGH
39.081224039746054,34.896614,HIGH
39.37665736269278,36.82352,HIGH
40.981288090814004,37.766994,HIGH
39.12600863075675,38.74692,HIGH
41.237962018426714,39.36156,HIGH
41.008796259556775,39.930332,HIGH
41.29250975291102,40.53828,HIGH
42.4212935206223,40.680485,HIGH
38.63909383386224,40.834194,HIGH
40.58736316065825,39.861126,HIGH
38.49202516115316,39.407803,HIGH
42.15444425821784,37.155224,HIGH
40.34750535503225,37.62851,HIGH
38.121175505188084,37.79179,HIGH
37.945283722249194,35.80264,HIGH
38.00993727424104,37.214848,HIGH
37.16393589036291,36.337055,HIGH
38.41516058755456,35.54746,HIGH
18.44812015794355,34.71924,HIGH
21.367707772574843,17.185589,MEDIUM
17.785433752087602,19.158863,MEDIUM
21.987470120397447,19.08845,MEDIUM
17.86011551654293,19.698112,MEDIUM
20.336748656390018,18.345913,MEDIUM
17.38035719957733,18.421885,MEDIUM
16.923214668145675,18.361689,MEDIUM
17.705572158922752,17.564125,MEDIUM
20.06160089242891,17.157888,MEDIUM
18.10443713893205,18.288479,MEDIUM
19.37484551842899,18.403618,MEDIUM
20.30720005983158,18.709124,MEDIUM
18.466977025711437,19.30241,MEDIUM
20.633083274987236,19.016655,MEDIUM
20.217431833886742,19.40106,MEDIUM
22.307852240940424,19.608364,MEDIUM
20.74491558149834,20.532341,MEDIUM
22.930979722754568,20.544144,MEDIUM
21.097992535574207,21.542747,MEDIUM
22.555733745023538,21.400574,MEDIUM
21.350917373922947,21.743399,MEDIUM
22.176621480514306,21.424212,MEDIUM
22.611846477877847,21.469341,MEDIUM
21.125006465360467,21.751328,MEDIUM
21.369968494657023,21.424952,MEDIUM
17.320306107281347,21.052366,MEDIUM
17.822409108676652,19.09065,MEDIUM
19.658370936807994,17.658451,MEDIUM
17.794459358326264,17.873705,MEDIUM
30.18322577654815,17.926105,MEDIUM
33.42448937183755,28.729843,HIGH
32.84906936333047,31.321156,HIGH
31.40560364265904,31.505386,HIGH
32.14026926734577,31.219978,HIGH
29.221403129464953,31.347345,HIGH
31.481533802900564,30.29041,HIGH
32.231143143941786,29.676817,HIGH
31.502281771819653,29.873943,HIGH
31.242157701580787,30.037327,HIGH
32.94518533407793,30.27693,HIGH
33.23657581816867,31.3633,HIGH
30.808087036358394,31.84835,HIGH
31.796390574418695,31.445547,HIGH
34.42406917625409,31.76721,HIGH
35.59115960430769,32.600243,HIGH
34.529644117937586,33.625206,HIGH
35.15817725293801,34.054817,HIGH
34.64664022276798,34.787067,HIGH
35.41052934968087,34.610474,HIGH
34.07674879939755,34.53506,HIGH
32.7486721555474,33.77119,HIGH
34.58624611637128,32.85816,HIGH
32.226945417659,32.623077,HIGH
31.343460215133057,31.816936,HIGH
32.721344795879766,31.355947,HIGH
35.367737837248505,30.462475,HIGH
30.8835629366165,30.998337,HIGH
33.9703061672508,30.136269,HIGH
32.71554942821045,30.048468,HIGH
37.60753805928306,30.270573,HIGH
33.13479961644625,33.04776,HIGH
34.51369947841752,32.380898,HIGH
35.44363079691674,33.364777,HIGH
34.8324455982539,33.84389,HIGH
36.339009430241,33.97051,HIGH
36.50565248868329,34.29186,HIGH
34.18069699010468,34.611526,HIGH
34.035227165334184,33.731655,HIGH
38.00505896436838,32.967377,HIGH
34.466899235894125,34.18272,HIGH
36.16758417919175,33.872417,HIGH
32.5588822150048,34.92711,HIGH
36.45233814584857,34.175655,HIGH
34.864861224289506,34.92408,HIGH
34.27513871992815,33.925236,HIGH
38.69858125240699,33.77278,HIGH
36.609293075609756,35.68643,HIGH
38.15257266418779,36.36659,HIGH
37.027750339558686,36.708492,HIGH
38.73287194664669,37.074326,HIGH
35.65719939528914,37.57916,HIGH
37.67847608585241,36.763508,HIGH
35.667510594259504,36.24291,HIGH
37.22908817856411,35.093075,HIGH
35.03040071991737,34.637577,HIGH
35.34580941038455,33.583633,HIGH
34.819692487618575,33.167,HIGH
35.366513633492204,33.014618,HIGH
34.4815490769952,33.347218,HIGH
13.79870426475238,32.927483,HIGH
16.778865428424318,12.006718,MEDIUM
16.18659434009907,14.3760605,MEDIUM
16.39737005991588,15.908205,MEDIUM
15.782923851692283,15.68511,MEDIUM
15.101124940796096,15.531206,MEDIUM
17.069897350923917,15.697123,MEDIUM
14.14110373294045,16.501125,MEDIUM
15.309012059166161,15.799414,MEDIUM
13.871590067027224,15.843481,MEDIUM
13.692214443300498,15.305296,MEDIUM
15.259282883209673,14.985474,MEDIUM
15.227409661554775,15.219179,MEDIUM
14.583093943819723,15.329512,MEDIUM
16.644340702053384,15.3711815,MEDIUM
16.195600211628644,16.054924,MEDIUM
16.482465075082345,16.404573,MEDIUM
17.33357815054754,16.579624,MEDIUM
18.469503381992993,16.95418,MEDIUM
16.477336733696742,17.76307,MEDIUM
19.100127101604286,17.536253,MEDIUM
16.652505590716387,18.150034,MEDIUM
16.746941620300305,17.821293,MEDIUM
16.932302454849065,17.374409,MEDIUM
16.870065179290037,17.063528,MEDIUM
15.489616556439845,16.941702,MEDIUM
17.012936938007282,16.468504,MEDIUM
12.912818685673868,16.631823,MEDIUM
13.901226039623186,15.579401,MEDIUM
12.11395475509286,14.991198,MEDIUM
0.35603611247009503,14.005583,MEDIUM
0.0,1.2346762,LOW
0.026957117462718116,0.3597002,LOW
0.0,0.4396515,LOW
0.0,0.7073246,LOW
0.0,0.92708194,LOW
0.0,1.127619,LOW
0.0,1.0937922,LOW
0.0,1.0729975,LOW
0.0,1.0177567,LOW
0.8291976836799222,1.0357658,LOW
0.0,1.1637143,LOW
0.0,1.1643772,LOW
1.9818593807582339,1.124572,LOW
0.0,1.2481147,LOW
2.1890782047580046,1.2497816,LOW
3.2395611497258487,1.4248564,LOW
0.19137277807909037,1.5552884,LOW
0.0,1.5519714,LOW
2.7031906888929385,1.5174652,LOW
1.4052830104311234,1.6504664,LOW
2.697320735485558,1.7968417,LOW
1.7380522382504022,1.9569638,LOW
0.0,1.6560607,LOW
0.0,1.533355,LOW
2.838728679342463,1.5350453,LOW
0.0,1.7094821,LOW
1.950057094214129,1.5721496,LOW
0.0,1.5130683,LOW
2.1491805521549647,1.3607314,LOW
17.918856819237288,1.4938763,LOW
17.34192155303023,17.928226,MEDIUM
17.687202256377272,16.813234,MEDIUM
15.727237966653654,16.342148,MEDIUM
14.936110485311367,15.871471,MEDIUM
15.759732341117898,15.752052,MEDIUM
16.68174985510621,15.935324,MEDIUM
16.605951061618658,16.104694,MEDIUM
13.64777934674491,16.408325,MEDIUM
16.713013624748307,15.59985,MEDIUM
14.645033846782674,15.928213,MEDIUM
18.771392536116043,15.615961,MEDIUM
18.6628123246028,16.710217,MEDIUM
19.67072333863196,17.284983,MEDIUM
17.419448830527763,18.511654,MEDIUM
19.379567295450837,18.308178,MEDIUM
21.127824063079956,18.683025,MEDIUM
19.541408150168024,19.427505,MEDIUM
19.19259309819468,19.43059,MEDIUM
19.52263076844228,19.190372,MEDIUM
20.130078056794687,19.250408,MEDIUM
18.56739481452972,19.427147,MEDIUM
20.141401222710268,18.855835,MEDIUM
18.457750419687766,19.04248,MEDIUM
18.61965396105296,18.831093,MEDIUM
18.649382838492805,18.582634,MEDIUM
16.35476060071358,18.346428,MEDIUM
18.521305883163215,17.615074,MEDIUM
18.868764239585012,17.533863,MEDIUM
14.526283499625592,18.0642,MEDIUM
8.533187782936334,16.5932,MEDIUM
8.859668329211638,7.4534163,LOW
8.788613367243276,8.134138,LOW
7.264946971948925,8.2404,LOW
10.169629677724485,7.880153,LOW
6.948981356662623,9.363232,LOW
4.588140161287894,9.031424,LOW
4.72687311209704,7.4808106,LOW
7.711849198595704,6.653525,LOW
4.73999083950248,6.9960647,LOW
7.66737327538592,6.6477137,LOW
9.325408335068065,6.9343524,LOW
7.324311716104819,7.140488,LOW
8.516401668952362,7.3602366,LOW
10.10175989165532,7.832353,LOW
10.64238252178193,8.695341,LOW
12.253205304882913,9.417536,LOW
10.020524828703941,10.414656,MEDIUM
10.06283005786268,10.50215,MEDIUM
14.415272139562386,10.522369,MEDIUM
13.402987802153673,12.10293,MEDIUM
9.134445755140874,12.56185,MEDIUM
7.787357015447995,11.817762,MEDIUM
10.879287929542311,10.204147,MEDIUM
8.875227578773767,10.455849,MEDIUM
10.323145428922558,10.261419,MEDIUM
7.032582575499843,10.243454,MEDIUM
7.902111440421823,9.672543,LOW
7.1955954927266035,9.084379,LOW
5.687867968163799,8.672823,LOW
0.0,8.255697,LOW
0.9910392248433082,3.2709796,LOW
0.0,2.2270036,LOW
0.0,1.8159677,LOW
0.0,1.5577921,LOW
0.0,1.3766385,LOW
0.0,1.1355082,LOW
0.0,1.1377574,LOW
0.0,1.0957084,LOW
0.0,1.0108573,LOW
0.0,0.97321403,LOW
0.0,1.0023354,LOW
1.511080643965574,1.047721,LOW
0.0,1.1227053,LOW
0.8345947191005685,1.1546048,LOW
0.0,1.2006543,LOW
0.9899301763726456,1.257432,LOW
2.0165324364989607,1.337857,LOW
1.9097119440818666,1.5031742,LOW
0.4753531180467627,1.5816609,LOW
0.9819777561936345,1.5637363,LOW
0.0,1.5665126,LOW
1.180884392801862,1.554723,LOW
1.7910323359950295,1.6376482,LOW
0.0,1.6276853,LOW
0.7039659588790341,1.5242947,LOW
0.0,1.4749403,LOW
0.0,1.4106371,LOW
0.8303832419470121,1.4223702,LOW
0.08710549129150946,1.45102,LOW
19.80802238560493,1.3895772,LOW
20.028333523369582,21.18357,MEDIUM
15.675937902325494,19.668945,MEDIUM
17.752014202106892,18.756401,MEDIUM
16.737237687459526,18.619492,MEDIUM
18.503220336075124,18.157434,MEDIUM
16.26972073640725,18.58572,MEDIUM
16.380239932153934,17.420218,MEDIUM
18.242222846438708,17.231825,MEDIUM
18.845027983051324,17.700247,MEDIUM
16.78203986694389,18.42822,MEDIUM
18.01894295287574,18.154137,MEDIUM
21.432175740839348,18.248573,MEDIUM
20.782774140206357,19.729033,MEDIUM
21.29264384157006,20.344936,MEDIUM
19.210756345276508,20.89176,MEDIUM
18.016428605760773,20.524544,MEDIUM
22.153706610341725,19.790104,MEDIUM
20.632798255806435,20.400946,MEDIUM
20.766554876078253,20.355148,MEDIUM
21.66775198845535,20.888058,MEDIUM
21.52394340588255,21.386059,MEDIUM
20.348381371047477,21.656357,MEDIUM
19.275073789582468,21.24551,MEDIUM
17.736656862281258,20.36887,MEDIUM
18.691800419133337,18.976105,MEDIUM
19.240200827317793,18.618698,MEDIUM
16.050539458819294,18.636702,MEDIUM
20.82134178358194,17.784254,MEDIUM
15.981770096188887,19.282578,MEDIUM
28.012294059825805,17.967577,MEDIUM
29.13749502872315,26.3395,HIGH
27.46802320220146,27.367872,HIGH
26.027815913289682,26.87664,HIGH
25.578187925654596,25.931137,HIGH
26.538917704765158,25.317652,HIGH
27.73986702228141,25.124939,HIGH
29.201691389067843,25.2039,HIGH
26.776496961406135,26.669939,HIGH
25.839893235568862,26.732471,HIGH
25.822114506409186,26.367466,HIGH
28.342162387466534,25.885765,HIGH
28.85204682213974,26.585302,HIGH
28.133680833061604,27.19384,HIGH
28.476893091312586,27.534712,HIGH
28.72869016839312,27.730856,HIGH
31.249340684306468,27.953106,HIGH
29.212929317730588,29.253117,HIGH
30.871749176363252,29.189283,HIGH
33.29008811878411,30.258217,HIGH
31.833653548003873,31.450874,HIGH
28.785259561264763,31.32533,HIGH
28.48730350167571,29.82526,HIGH
28.1095429384387,28.361214,HIGH
27.10656568314677,27.135382,HIGH
26.682982461905492,26.146101,HIGH
26.51436236273038,25.357956,HIGH
26.136149005124555,25.2005,HIGH
24.019968610201985,25.025394,HIGH
24.704229100076503,24.280567,MEDIUM
14.51531233164216,23.744606,MEDIUM
14.21637264853192,14.527571,MEDIUM
11.846310587636681,13.357321,MEDIUM
13.715320067909419,13.030359,MEDIUM
12.168932185171068,13.545458,MEDIUM
11.797195584317732,12.842314,MEDIUM
9.624547170142042,12.962503,MEDIUM
11.630963914287408,12.137945,MEDIUM
13.602355697690552,12.174215,MEDIUM
11.470207408494346,12.854151,MEDIUM
13.966201810260063,12.616943,MEDIUM
11.535969970775202,13.408468,MEDIUM
9.586455443376964,12.908188,MEDIUM
13.339345024076643,12.285774,MEDIUM
14.375350123576741,13.019194,MEDIUM
15.486433643236984,13.678749,MEDIUM
13.318851761985037,14.631195,MEDIUM
14.09656048385613,14.680374,MEDIUM
14.951337279534153,14.887484,MEDIUM
15.393780440152169,15.227871,MEDIUM
17.05326571504577,15.550953,MEDIUM
13.672310245385264,16.162275,MEDIUM
13.448926494722317,15.696793,MEDIUM
14.249110607894918,15.247932,MEDIUM
12.697342422263063,15.187105,MEDIUM
14.399999698086472,14.581121,MEDIUM
14.042859186653546,14.756277,MEDIUM
13.101325315451906,14.623291,MEDIUM
13.547123157953896,14.433786,MEDIUM
11.96505210823298,14.264643,MEDIUM
10.397980712591622,13.724594,MEDIUM
10.067274375691868,11.882458,MEDIUM
12.820413917801984,10.720152,MEDIUM
10.638965410469542,11.297869,MEDIUM
9.363643298392592,10.876179,MEDIUM
9.91860769748953,10.657814,MEDIUM
7.249377284707111,10.474583,MEDIUM
11.479176608483616,9.901186,LOW
10.25259834299069,10.445154,MEDIUM
9.456922367783832,10.431942,MEDIUM
9.356775269638316,10.264122,MEDIUM
11.051701680116842,10.107868,MEDIUM
11.731675354754636,10.451557,MEDIUM
8.834534339618719,10.712282,MEDIUM
11.568798363954285,10.584059,MEDIUM
12.218699372092598,10.745741,MEDIUM
11.551952722784367,11.154438,MEDIUM
11.072731180090456,11.359095,MEDIUM
11.784425211019455,11.397076,MEDIUM
12.733569543471168,11.630875,MEDIUM
13.364189946549626,12.178133,MEDIUM
11.010173348734108,12.68309,MEDIUM
12.171522822324516,12.210133,MEDIUM
9.72899173859783,12.267948,MEDIUM
11.607990269779881,11.444471,MEDIUM
9.699712162341791,11.417774,MEDIUM
11.765003475892678,11.061535,MEDIUM
11.731638049036157,11.179234,MEDIUM
9.966067841458404,11.31316,MEDIUM
7.572923789432938,10.950211,MEDIUM
33.36482788214035,10.240438,MEDIUM
34.33654423227309,33.3228,HIGH
29.839975754157557,32.492775,HIGH
32.797185387313085,31.61713,HIGH
33.5246633152335,31.884378,HIGH
35.10141563805768,31.860561,HIGH
33.71596286692118,33.015522,HIGH
31.46059976008151,32.2496,HIGH
34.134680016868444,31.75703,HIGH
30.264852491946304,32.379143,HIGH
34.85788664839103,30.601164,HIGH
34.68005079745767,32.229122,HIGH
34.626984953966605,32.53328,HIGH
35.413080874256345,33.621387,HIGH
33.570228420338296,34.704693,HIGH
34.40084487144344,34.859158,HIGH
38.118622200032945,34.90283,HIGH
35.56487758837876,36.184525,HIGH
35.23813955472982,36.086536,HIGH
33.92522339428893,35.728504,HIGH
36.93208211174396,34.616085,HIGH
36.190917356506915,35.33341,HIGH
34.28552745541751,34.93935,HIGH
34.756480705807114,33.836857,HIGH
34.9193584969313,33.860992,HIGH
32.45876903700823,33.31862,HIGH
34.52659761952125,32.057262,HIGH
34.07092500712039,31.351273,HIGH
33.13071899289271,30.851612,HIGH
32.62688030076745,31.131649,HIGH
11.112521490925499,30.615307,HIGH
13.144974057330511,8.801235,LOW
11.799241832446775,11.612501,MEDIUM
9.684834782122595,11.774073,MEDIUM
12.005214067528232,10.279413,MEDIUM
8.419110247807899,10.65723,MEDIUM
9.61154479023611,10.462746,MEDIUM
9.801102876190287,10.415539,MEDIUM
12.575379768577122,10.366297,MEDIUM
10.540554416931748,10.755081,MEDIUM
11.618660576155232,10.796997,MEDIUM
12.893553872276001,10.916807,MEDIUM
13.570073023723069,11.367554,MEDIUM
10.60545320896624,12.366802,MEDIUM
11.301775821560447,12.094543,MEDIUM
15.55890015818058,11.926191,MEDIUM
13.574487487329865,13.551374,MEDIUM
13.107314946604163,13.578514,MEDIUM
15.47074970742356,13.828302,MEDIUM
13.99424285557932,14.251982,MEDIUM
14.444013098283202,14.452787,MEDIUM
14.318914286995165,14.579594,MEDIUM
12.755872042008535,14.518707,MEDIUM
14.46566311070794,14.2057705,MEDIUM
12.613649061768955,14.221855,MEDIUM
15.222257608676047,13.801304,MEDIUM
14.65259518043179,14.156437,MEDIUM
14.954438100583754,14.2058735,MEDIUM
12.695752211140972,14.613056,MEDIUM
9.40297571996062,14.066765,MEDIUM
26.2049014958099,12.740311,MEDIUM
22.258437552697362,27.133347,HIGH
21.744262624730652,23.74405,MEDIUM
23.58996145635705,23.258976,MEDIUM
21.578295985352838,23.419783,MEDIUM
23.338214550405752,22.931507,MEDIUM
23.722838311644274,23.128937,MEDIUM
22.307547817583583,22.423912,MEDIUM
23.403824247485083,22.483967,MEDIUM
22.818673852500368,22.903202,MEDIUM
23.166175817313764,22.943575,MEDIUM
25.02854210310377,23.125546,MEDIUM
25.35422334169293,23.779987,MEDIUM
25.95645193138676,24.374615,MEDIUM
24.548141987485433,24.988398,MEDIUM
26.00485679335524,24.538176,MEDIUM
27.44685257028987,24.987473,MEDIUM
26.231803359428334,25.922752,HIGH
25.639174686682793,26.075966,HIGH
27.06682017708942,26.114235,HIGH
26.711259843024735,26.423431,HIGH
25.269702857707212,26.33863,HIGH
25.466498943451143,25.530102,HIGH
23.726769045653846,25.077816,HIGH
25.31458900562959,24.278017,MEDIUM
24.74976680760376,24.430443,MEDIUM
23.541831394450085,23.979723,MEDIUM
24.385252523579858,23.463615,MEDIUM
22.73513325438114,23.397106,MEDIUM
21.595294169383557,22.780426,MEDIUM
29.01282493531854,22.254963,MEDIUM
29.350630525034354,24.769648,MEDIUM
29.034804547913964,26.389091,HIGH
30.936301373173976,26.56567,HIGH
27.491546082343685,27.545479,HIGH
30.11960344494793,27.382412,HIGH
31.010911732936087,28.316332,HIGH
28.98767979153117,28.978064,HIGH
30.100870934258765,28.348656,HIGH
32.501307619486425,28.502602,HIGH
29.505852636776375,29.47047,HIGH
32.32743591434067,29.458607,HIGH
31.11919293268531,30.695328,HIGH
30.702371885102988,31.05247,HIGH
32.40651662341595,31.011425,HIGH
30.05542888368324,31.374685,HIGH
33.47880184872343,30.60599,HIGH
34.659509798251314,31.367487,HIGH
32.45606237062336,32.368664,HIGH
31.669290727252218,32.593678,HIGH
32.67147714376043,32.52049,HIGH
34.0219051614823,32.372433,HIGH
34.20763407306093,32.57978,HIGH
31.113109170143968,32.12278,HIGH
32.07801465284799,30.779255,HIGH
30.27848607615791,31.101767,HIGH
32.77454867918113,29.764315,HIGH
29.80447610978616,29.758484,HIGH
31.26245286921977,28.19088,HIGH
32.764187949407194,28.208647,HIGH
16.77372316347563,29.118914,HIGH
18.884034537896326,16.267012,MEDIUM
17.1415495527162,17.546928,MEDIUM
17.108354323489458,17.120174,MEDIUM
17.218852063455422,16.951612,MEDIUM
17.06503033366664,16.381937,MEDIUM
16.27228288755648,16.712126,MEDIUM
19.471195858746505,16.990839,MEDIUM
18.347581351178913,17.947361,MEDIUM
17.38122434277556,18.284399,MEDIUM
20.027540310955356,18.26889,MEDIUM
20.78170811457757,18.924606,MEDIUM
18.300593336552858,19.622183,MEDIUM
18.833345580276557,19.176193,MEDIUM
20.244040827657408,18.949358,MEDIUM
21.208591786700676,19.314478,MEDIUM
18.250307511394155,19.975584,MEDIUM
20.609024557768187,19.488876,MEDIUM
19.720514036654112,19.789139,MEDIUM
20.707937886381327,19.681412,MEDIUM
20.641577302037653,20.022194,MEDIUM
18.687081100795012,20.186518,MEDIUM
20.125662344067386,19.841738,MEDIUM
18.748957697404265,19.651886,MEDIUM
19.544767908472913,19.178194,MEDIUM
19.752892091178666,19.265776,MEDIUM
19.245629612750555,19.159946,MEDIUM
20.45981316231356,19.147652,MEDIUM
21.1887828857763,19.507746,MEDIUM
19.172775693329832,19.941772,MEDIUM
16.160469824143224,19.77943,MEDIUM
19.96010697748284,17.415771,MEDIUM
13.209184466174714,18.020216,MEDIUM
17.613593485585522,15.859316,MEDIUM
14.637939640442816,16.266413,MEDIUM
15.353674577693896,15.556383,MEDIUM
12.372140689681693,15.523191,MEDIUM
15.618197610489062,14.590836,MEDIUM
15.500514776397598,15.080088,MEDIUM
16.22585003470932,15.210062,MEDIUM
15.471864686527137,15.682678,MEDIUM
13.160356977254843,15.666616,MEDIUM
14.950630919068871,15.155851,MEDIUM
17.646226312032834,15.131695,MEDIUM
19.546536731042707,16.09705,MEDIUM
15.974288042826537,17.29338,MEDIUM
17.59821061229279,17.104944,MEDIUM
19.421428948176747,17.540537,MEDIUM
19.575432870447226,18.166664,MEDIUM
18.578711639019357,18.787169,MEDIUM
17.815506478493834,18.609346,MEDIUM
17.625060177735744,18.453384,MEDIUM
17.702753608458874,17.991228,MEDIUM
16.93449133539667,17.677528,MEDIUM
17.109214308902864,17.209606,MEDIUM
18.966886934342874,17.1545,MEDIUM
16.90441975255741,17.66983,MEDIUM
13.612680698520172,17.463161,MEDIUM
16.32084093550716,15.8937645,MEDIUM
15.108441519192919,15.838276,MEDIUM
7.586036553931012,15.680195,MEDIUM
4.82889512290825,6.150988,LOW
5.948839698286206,4.398183,LOW
6.661558396335047,4.7878532,LOW
6.61749373007124,5.3490505,LOW
3.7057648209664698,6.0622706,LOW
3.394992259657749,6.2509265,LOW
5.275177786748619,5.332635,LOW
4.335949957518436,5.271905,LOW
4.327774300641736,5.29376,LOW
3.6879289595302573,5.0592566,LOW
4.352398580935783,4.6642056,LOW
6.216055834178894,4.518485,LOW
6.789475396335989,5.1079273,LOW
7.486974160503293,5.720234,LOW
5.481227607778872,6.24006,LOW
5.672385630850183,6.315521,LOW
7.441733016418221,6.347759,LOW
7.75548828790558,6.892402,LOW
7.3904942936434015,7.2903814,LOW
5.488081039406975,7.435748,LOW
9.82913488463945,7.1175075,LOW
8.456464735022776,7.8602095,LOW
5.85240951583325,8.268402,LOW
5.313613355404827,7.998429,LOW
4.7711546694766875,7.122203,LOW
7.766814690332829,6.4840055,LOW
6.730482629965726,7.011386,LOW
5.284056887412234,7.1539435,LOW
5.878687300100937,6.744815,LOW
3.3533666946860814,6.490335,LOW
3.8419830436705302,5.862282,LOW
3.9423780194445532,5.3040905,LOW
6.0034699204039015,5.0024395,LOW
3.3754126626460383,5.253747,LOW
2.705031500567137,5.023897,LOW
3.2605231512037287,4.33646,LOW
5.080973348284326,3.9692745,LOW
5.274077918383638,4.4086905,LOW
4.759841665519013,4.8912096,LOW
3.536930001584367,4.833723,LOW
7.572073693476803,4.5336304,LOW
6.537463721817893,5.406249,LOW
4.639882992161768,6.1838613,LOW
6.830933695038368,6.1447678,LOW
6.514724946456555,6.2594934,LOW
7.988000606584954,6.571032,LOW
8.619196812674527,7.0442805,LOW
8.173400730953258,7.5730076,LOW
8.747393082881326,7.725439,LOW
7.779688906280292,8.062023,LOW
5.393642469326959,8.483568,LOW
7.599757724732176,7.92629,LOW
6.711473721117997,8.023554,LOW
6.536535521786655,7.9309907,LOW
4.670297714047202,7.560888,LOW
4.82100364345047,6.9744716,LOW
3.974556373128864,6.35889,LOW
4.6023860882468375,5.739308,LOW
5.963771307978004,5.5332694,LOW
3.0316495567408417,5.656655,LOW
3.9669828039114226,5.300233,LOW
5.130974524395155,4.7920723,LOW
3.803028438348745,4.8874187,LOW
2.912028021892924,4.8962593,LOW
2.122718697420389,4.479617,LOW
3.6689361689061464,3.7163963,LOW
0.0,3.6905518,LOW
3.103252117457524,3.006649,LOW
2.10050613486408,2.8219676,LOW
5.954310203652467,2.4659348,LOW
5.486580545814258,3.3354416,LOW
3.3132508812666774,3.7863421,LOW
4.7477040552175005,3.7324946,LOW
2.9577230563564303,4.0508447,LOW
4.440871190872835,4.3623934,LOW
3.078424091944628,4.6157837,LOW
6.4403567386295695,4.368157,LOW
5.320645890079589,4.7543964,LOW
7.025021131434828,5.0720634,LOW
6.656764707479015,5.5827007,LOW
4.329856341500756,5.9729104,LOW
5.574222845781934,5.940581,LOW
6.335244088292688,6.0314,LOW
6.281349873165874,6.33369,LOW
5.498894132632827,6.42371,LOW
4.308548836112015,6.370701,LOW
1.7650473636898845,5.899962,LOW
1.6794256538588463,4.8500605,LOW
3.3192221638003865,3.9846985,LOW
19.674242215706144,3.6847844,LOW
22.08070129614872,20.670341,MEDIUM
19.700643662651487,20.932322,MEDIUM
20.0800393518412,20.326874,MEDIUM
21.422233484050807,20.117142,MEDIUM
18.42746496383252,20.561539,MEDIUM
19.879544354228216,20.129742,MEDIUM
19.047846666800297,19.51741,MEDIUM
18.662492434361162,19.081924,MEDIUM
21.104372391871387,19.025036,MEDIUM
19.167050279568212,19.81709,MEDIUM
18.734864945461098,19.578667,MEDIUM
22.515775160443418,19.430113,MEDIUM
19.941002800574996,20.569788,MEDIUM
22.787981936193212,20.565838,MEDIUM
22.672603290718435,21.799519,MEDIUM
22.221609850389427,21.96719,MEDIUM
22.825436293104907,22.341125,MEDIUM
21.60985095569637,22.493975,MEDIUM
22.75023740304905,22.150694,MEDIUM
22.718266813927777,22.241287,MEDIUM
22.38053383025663,22.330292,MEDIUM
19.782067624134974,22.586294,MEDIUM
19.101392003117798,21.575665,MEDIUM
21.45381487914003,20.381603,MEDIUM
22.250427159804737,20.110191,MEDIUM
17.45058019273212,20.822653,MEDIUM
21.44410941177904,19.656042,MEDIUM
21.347186906185087,20.17133,MEDIUM
19.740756522547983,20.302757,MEDIUM
10.165197774578676,20.279774,MEDIUM
8.208063095255213,6.247795,LOW
6.623825638659757,7.768251,LOW
6.480151269774655,6.2969604,LOW
6.3376131885539095,6.2743516,LOW
8.90714794024759,6.168214,LOW
8.237806051672575,8.041866,LOW
6.17182354535052,8.403603,LOW
6.201923861977531,7.800257,LOW
6.25120595657997,7.4334016,LOW
5.876765752462073,7.4157248,LOW
8.285544596288263,7.254108,LOW
8.093747107105077,7.6167264,LOW
10.238844967827703,7.541295,LOW
10.786764080464835,8.105145,LOW
10.259160980480837,8.913357,LOW
10.477009270105727,9.614164,LOW
9.934446176423215,10.15325,MEDIUM
11.751752537993378,10.467432,MEDIUM
9.723231100157944,10.860069,MEDIUM
10.944688641586328,10.808348,MEDIUM
8.887499057075877,10.85634,MEDIUM
10.848325165782203,10.589491,MEDIUM
8.990188567842356,10.621248,MEDIUM
7.8050973902740886,10.395853,MEDIUM
7.238792804305289,9.94891,LOW
8.069495877587137,9.226805,LOW
4.8843740172731,8.949324,LOW
6.242462640388414,8.040861,LOW
9.002651535521952,7.455637,LOW
23.782485542780105,7.863103,LOW
21.966466335187906,23.934883,MEDIUM
21.931702110308883,21.529713,MEDIUM
21.862423177895494,21.2583,MEDIUM
22.352574856865385,21.152473,MEDIUM
20.025871243309133,21.720581,MEDIUM
19.557173650241577,21.059212,MEDIUM
20.59629262099573,19.899788,MEDIUM
20.947372162867218,19.66343,MEDIUM
21.462902053953005,20.037151,MEDIUM
20.364327436001773,20.526562,MEDIUM
19.692356172206058,20.437347,MEDIUM
20.2180038070561,20.038143,MEDIUM
23.445248510521925,19.759033,MEDIUM
21.508429520147224,21.189884,MEDIUM
24.266710430480984,21.394247,MEDIUM
21.555531589794445,22.717321,MEDIUM
23.77635804897186,22.397362,MEDIUM
21.424337894522314,22.769896,MEDIUM
23.92888993647694,22.157623,MEDIUM
20.58021166420427,22.624008,MEDIUM
23.719528781828632,21.701777,MEDIUM
23.71009161509047,22.177334,MEDIUM
22.495459827789723,22.445534,MEDIUM
22.39533006201038,22.554228,MEDIUM
23.054190243441038,22.183548,MEDIUM
23.202285955025047,22.23208,MEDIUM
22.297698984638146,22.41603,MEDIUM
17.81880289312346,22.08667,MEDIUM
20.06779989556466,19.316156,MEDIUM
23.470419926831042,19.194586,MEDIUM
23.691786473333718,22.113535,MEDIUM
24.74898476850637,23.536154,MEDIUM
22.947728964414274,24.285137,MEDIUM
22.5558909802483,23.969212,MEDIUM
22.13674974310232,23.454361,MEDIUM
18.86956452084861,22.57009,MEDIUM
20.924814277756212,20.72374,MEDIUM
21.500356513534015,20.41834,MEDIUM
22.285531088967314,20.454123,MEDIUM
23.052306929315783,21.27983,MEDIUM
23.1589186167569,21.943464,MEDIUM
26.74980103542423,22.562603,MEDIUM
24.479039801474443,24.191692,MEDIUM
24.436938846168502,24.246254,MEDIUM
23.051459191193004,24.282494,MEDIUM
23.88584952734936,23.767166,MEDIUM
22.94323224493719,23.777788,MEDIUM
24.044298787766778,23.208586,MEDIUM
26.925631272123987,23.339361,MEDIUM
25.88546027650805,24.763847,MEDIUM
23.61556342687208,25.086767,HIGH
23.464357546414348,24.2953,MEDIUM
23.458296201035637,23.688358,MEDIUM
23.497439111451946,23.190186,MEDIUM
23.876888373740904,22.821619,MEDIUM
21.92862602563705,22.70952,MEDIUM
23.763962256206863,22.39587,MEDIUM
23.831062359306358,22.673399,MEDIUM
21.298644104779097,23.033007,MEDIUM
15.606478500549983,22.316792,MEDIUM
15.657338131678397,14.32375,MEDIUM
13.727302020617772,14.382795,MEDIUM
14.198105105789082,14.290623,MEDIUM
16.05168374376978,13.7138405,MEDIUM
12.267529647390631,14.750593,MEDIUM
13.857544456133908,14.1645565,MEDIUM
13.533418174572427,14.193996,MEDIUM
13.291296507010161,14.0203,MEDIUM
12.485340173477248,13.831398,MEDIUM
14.1034157388711,13.430674,MEDIUM
12.461192211820352,13.722063,MEDIUM
14.860795945353576,13.330147,MEDIUM
14.373700625655369,13.902515,MEDIUM
14.148754582118874,14.149733,MEDIUM
16.669398515175086,14.436064,MEDIUM
15.288778140500373,15.27903,MEDIUM
18.279809333288433,15.582582,MEDIUM
20.064861737871812,16.601585,MEDIUM
18.53264099248137,17.936005,MEDIUM
16.361471416353425,18.515957,MEDIUM
17.877916582281436,17.795818,MEDIUM
17.135733985752598,17.686916,MEDIUM
15.41114236915805,17.382612,MEDIUM
15.107512931668998,16.254015,MEDIUM
14.225549198304055,15.73531,MEDIUM
17.970697474730674,15.37953,MEDIUM
12.480153107786325,16.405014,MEDIUM
14.700254354313602,15.091248,MEDIUM
15.174046402398325,14.937904,MEDIUM
18.3344906501178,15.070858,MEDIUM
17.07297464762386,16.979454,MEDIUM
14.740934401852098,17.200104,MEDIUM
16.300145924388435,16.756454,MEDIUM
18.910807927044957,16.590706,MEDIUM
16.11330203874782,17.463314,MEDIUM
15.032627898401596,16.979559,MEDIUM
18.467076858682177,16.24926,MEDIUM
17.761770324160565,17.02081,MEDIUM
16.097833318478123,17.539364,MEDIUM
17.449448077213226,17.119616,MEDIUM
18.414028228711956,17.140924,MEDIUM
15.429246594908642,17.845743,MEDIUM
19.021012814509888,17.100468,MEDIUM
17.66660409417324,17.806906,MEDIUM
18.122382190976573,17.967836,MEDIUM
19.111014018513004,18.165077,MEDIUM
21.932323106973364,18.618382,MEDIUM
18.38947847756348,19.851824,MEDIUM
20.228449524567615,19.437931,MEDIUM
18.774935628674577,19.584263,MEDIUM
19.56115280268119,19.303156,MEDIUM
20.035614502237305,19.30297,MEDIUM
21.573336061140868,19.231182,MEDIUM
18.778238338273898,20.224228,MEDIUM
16.678479543002496,19.743614,MEDIUM
18.47282011025797,18.454443,MEDIUM
16.539022826371394,18.057522,MEDIUM
16.089376899710004,17.306475,MEDIUM
17.186713964978505,16.637356,MEDIUM
30.731084074888056,16.699594,MEDIUM
30.552637434966556,28.906002,HIGH
28.01810579887892,29.430094,HIGH
30.89214092125568,28.568485,HIGH
32.01667727599144,29.000286,HIGH
29.970394781552884,29.743057,HIGH
28.517719818254847,29.054731,HIGH
29.695932854798226,28.299656,HIGH
30.254330290875206,28.762358,HIGH
26.815293590710617,28.928522,HIGH
29.908291383031802,27.530518,HIGH
27.108971324149135,28.263422,HIGH
31.87243284436827,27.64031,HIGH
28.41427832871617,29.000385,HIGH
28.62987660765743,28.509584,HIGH
33.65530346796166,28.658306,HIGH
31.125938802736762,30.484583,HIGH
33.46082382398371,30.657955,HIGH
34.98654169378704,31.612396,HIGH
31.526208963865976,32.928562,HIGH
31.33844234786442,32.287987,HIGH
32.730952516574895,31.51636,HIGH
32.928228832264764,31.837841,HIGH
34.305231904451695,31.576118,HIGH
34.361412058451066,31.81292,HIGH
32.19606063861584,32.8188,HIGH
30.54061011343222,32.225655,HIGH
28.9485038204845,30.74908,HIGH
29.192117658787495,28.803043,HIGH
30.16328660266923,27.770548,HIGH
24.445830142564375,27.090328,HIGH
24.11980387509368,26.75206,HIGH
24.95823564515804,26.295292,HIGH
26.8708765556959,26.805485,HIGH
24.426194167984107,27.010279,HIGH
24.944475676748205,25.889284,HIGH
24.19643526849881,24.781334,MEDIUM
21.7954660520839,23.658333,MEDIUM
25.21923298672648,22.828518,MEDIUM
22.4732161918383,23.588345,MEDIUM
22.93171857065841,23.05571,MEDIUM
24.70533959189339,22.97865,MEDIUM
23.984445274509014,23.535286,MEDIUM
24.749664269109456,23.687555,MEDIUM
25.52632456120586,24.084732,MEDIUM
25.693545150834836,24.619488,MEDIUM
25.24727790611113,25.071938,HIGH
30.022574730402685,25.139977,HIGH
27.811327847498795,27.339315,HIGH
27.620718258733696,27.26524,HIGH
27.14076940935367,27.36529,HIGH
27.754061193000652,27.038095,HIGH
25.170087047995626,26.980415,HIGH
27.43700762787489,25.912334,HIGH
28.855647106097567,25.739952,HIGH
25.58180138861745,26.582157,HIGH
25.704558567173322,25.552006,HIGH
24.186504766247666,25.074612,HIGH
20.02100355629902,24.10045,MEDIUM
25.703472946421073,22.176117,MEDIUM
0.0,23.437328,MEDIUM
0.0,0.17705142,LOW
0.0,-0.01043129,LOW
0.0,0.25133896,LOW
0.0,0.3123237,LOW
0.0,0.48439014,LOW
0.0,0.5916127,LOW
0.0,0.6831142,LOW
0.0,0.78499913,LOW
0.0,0.7300067,LOW
0.0,0.7236688,LOW
0.0,0.77802324,LOW
0.0,0.74352527,LOW
0.0,0.70560145,LOW
0.0,0.7725214,LOW
0.0,0.6722181,LOW
0.0,0.61845756,LOW
0.0,0.75783825,LOW
0.0,0.6732559,LOW
0.0,0.671756,LOW
0.0,0.6749749,LOW
0.0,0.69244075,LOW
0.0,0.7018541,LOW
0.0,0.6699697,LOW
0.0,0.74118423,LOW
0.0,0.78378105,LOW
0.0,0.7773955,LOW
0.0,0.73571146,LOW
0.0,0.7570386,LOW
0.0,0.7343091,LOW
4.3924612010663076,0.7304512,LOW
2.3631858495005122,3.7610645,LOW
2.994173373655128,1.5907475,LOW
1.9513330957913588,1.5427836,LOW
3.0052005350750797,1.6949459,LOW
2.8223314294879955,1.5927328,LOW
3.0124877331259983,2.2238512,LOW
3.619725591554154,2.8146894,LOW
2.664011013395056,2.9217567,LOW
2.3782866485581495,2.861083,LOW
5.682843682362375,2.843371,LOW
2.759440650725132,3.6722555,LOW
4.373418424451546,3.6553848,LOW
2.80443709947971,3.8813703,LOW
6.609872224161899,3.6313827,LOW
7.044926463811861,4.554137,LOW
5.5900303648692695,5.4828587,LOW
4.132977056005275,5.8244834,LOW
3.9624242154685483,5.5383587,LOW
4.2782819231142035,5.2557836,LOW
5.7765602247219,5.2132587,LOW
6.552695324991362,5.4816446,LOW
6.667037755911069,5.767585,LOW
4.966120043629793,5.9001327,LOW
6.219991756752881,5.8544106,LOW
5.358596807280448,6.0995502,LOW
2.448866824675547,6.1844087,LOW
2.353449692788293,5.384226,LOW
3.0441467778567874,4.3654203,LOW
2.7669455519712747,3.936722,LOW
32.4187421930899,3.6140332,LOW
30.86239858742529,33.27176,HIGH
32.273841419982645,30.027308,HIGH
28.95359828418574,31.45306,HIGH
30.871611570664747,30.14032,HIGH
29.96208040628686,29.875446,HIGH
30.633297369016184,29.170807,HIGH
27.64686562666593,28.613014,HIGH
30.314067960771254,27.673306,HIGH
30.229309586813073,28.549915,HIGH
31.032533901529803,28.879456,HIGH
29.859322962109157,29.5873,HIGH
29.817912997797556,29.478521,HIGH
31.66839296930011,29.39407,HIGH
30.53270914110212,29.89567,HIGH
31.132808104474634,29.948711,HIGH
32.86290585876149,30.159613,HIGH
33.85958989671321,31.110107,HIGH
33.924962509231236,32.12333,HIGH
32.558382873456495,32.649784,HIGH
33.84245468320594,32.549973,HIGH
33.090315728634195,32.7565,HIGH
30.65322020958816,32.54812,HIGH
32.789719988173616,30.938486,HIGH
28.784290797936805,30.898422,HIGH
31.51353807357682,29.791054,HIGH
29.775337394238992,29.688778,HIGH
31.61975890408568,28.953754,HIGH
28.832299010120874,29.430777,HIGH
31.250416649673866,28.408321,HIGH
8.015547381778251,28.782661,HIGH
8.394314241428404,6.7482295,LOW
8.1388440401292,7.018692,LOW
6.028024831912635,7.883554,LOW
6.178086463425154,6.65907,LOW
7.300417496397015,5.6279182,LOW
7.251735933039848,6.281834,LOW
4.376069297462623,7.721791,LOW
5.407780789174302,7.048035,LOW
7.983642557708413,6.4567122,LOW
6.732732557054568,6.8730206,LOW
6.9795448554815165,7.104923,LOW
11.082502145349881,7.122528,LOW
9.413795951936912,8.131662,LOW
8.73960645572609,8.471239,LOW
7.195936284176981,9.174038,LOW
8.54103674904091,8.906569,LOW
6.862250961852019,9.055402,LOW
13.17404765293852,8.7041645,LOW
10.211830917564077,10.782106,MEDIUM
8.430499741334511,10.3804245,MEDIUM
12.453026597211622,9.966688,LOW
9.682944264485428,10.603666,MEDIUM
10.704600752832535,10.671406,MEDIUM
10.361391316567666,10.698214,MEDIUM
6.254796438996695,10.721596,MEDIUM
7.931055987653716,9.614323,LOW
7.099679913962259,9.058086,LOW
9.448165112811878,8.579937,LOW
8.081621127027066,8.835628,LOW
0.23908047711895097,8.817326,LOW
0.0,4.6969457,LOW
0.3605035601608111,2.2555957,LOW
0.0,1.3059996,LOW
0.0,1.3101374,LOW
0.7589518435652562,1.4690423,LOW
0.0,1.3853314,LOW
0.0,1.2852199,LOW
0.0,1.229553,LOW
0.0,1.1813614,LOW
0.0,1.2022567,LOW
0.0,1.18673,LOW
0.0,1.1065457,LOW
0.0,1.0700551,LOW
1.2482017656101605,1.1003368,LOW
3.193161987464525,1.1958058,LOW
3.304437739506242,1.3540405,LOW
3.9630240110468056,1.5303522,LOW
2.166733665796271,1.8726418,LOW
2.566421805533032,2.0765467,LOW
3.9542012833829467,2.4917846,LOW
0.0,3.252191,LOW
0.6919790694427737,2.7034607,LOW
0.8820412522163406,2.226411,LOW
0.9064474817067512,1.9273357,LOW
0.0,1.8144463,LOW
0.0,1.5785044,LOW
0.0,1.3514019,LOW
0.0,1.2995906,LOW
0.0,1.2717345,LOW
3.0073541836725015,1.2397842,LOW
2.2265047770839637,1.4221866,LOW
2.397509484424667,1.4942633,LOW
0.35217863376293224,1.5715696,LOW
2.544794362818954,1.5598985,LOW
1.149857069909105,1.8764168,LOW
2.5546474924706315,2.0453415,LOW
0.0,2.0897694,LOW
1.945404222675748,1.7137299,LOW
2.516732025548941,1.7412528,LOW
1.005916141962821,1.8905637,LOW
0.0,1.8134154,LOW
1.715842076213141,1.5843722,LOW
3.4443074838654937,1.5737952,LOW
3.252914751449987,1.8787161,LOW
4.650239276727939,2.1726854,LOW
5.5497422023097105,2.3199234,LOW
3.926701835197642,2.9675384,LOW
5.857577020363106,3.6630793,LOW
6.769231161752214,4.692766,LOW
4.444243773017744,5.46262,LOW
1.868516472065302,5.6578455,LOW
6.006153797653467,4.804756,LOW
4.482212690032614,5.0160403,LOW
1.9242622087997674,5.117465,LOW
0.811601201232035,4.461744,LOW
1.030667845953145,3.3298082,LOW
4.590450114430588,2.6173155,LOW
0.26855777953594817,3.222942,LOW
2.6046422091165375,2.4661047,LOW
18.851140750939027,2.1680033,LOW
20.36923529372816,18.414757,MEDIUM
16.34673688179545,18.089136,MEDIUM
18.674771120188034,17.236221,MEDIUM
18.833961714068607,16.994331,MEDIUM
17.783533950097365,17.607471,MEDIUM
18.21069529758508,17.922066,MEDIUM
21.85180573777873,17.882284,MEDIUM
19.653329041336313,19.459173,MEDIUM
15.693855303169887,19.536858,MEDIUM
16.29509301593871,18.057623,MEDIUM
17.907973015847524,16.81271,MEDIUM
22.094470418164683,16.92822,MEDIUM
17.078275826488046,19.145082,MEDIUM
21.06052266865645,18.546951,MEDIUM
19.265049245379878,19.477245,MEDIUM
21.46717486179038,19.388062,MEDIUM
21.39162025152754,20.063957,MEDIUM
20.432633747015597,20.448872,MEDIUM
18.264438884366275,20.58289,MEDIUM
22.622266894928835,19.646235,MEDIUM
22.820046418752487,20.412542,MEDIUM
19.254220899074703,21.204445,MEDIUM
21.610487271139135,20.75148,MEDIUM
18.380507956640972,20.648157,MEDIUM
20.25426387584998,19.80777,MEDIUM
18.006629133021974,19.240927,MEDIUM
15.897987206357362,18.366928,MEDIUM
17.054249216392904,17.072216,MEDIUM
17.544373378287265,16.65395,MEDIUM
20.351761405734905,16.739462,MEDIUM
19.11821573707079,19.266691,MEDIUM
19.58563646967955,19.727776,MEDIUM
14.514837996847454,19.761862,MEDIUM
19.57636577838634,17.226871,MEDIUM
18.22927500184766,18.09992,MEDIUM
16.621595850819304,17.819609,MEDIUM
16.685482489070573,17.605595,MEDIUM
18.03448009907862,17.218777,MEDIUM
17.7627150944914,17.727955,MEDIUM
20.513294039218252,17.858196,MEDIUM
19.706894372118597,19.016338,MEDIUM
20.08125622816484,19.412449,MEDIUM
19.950291583213065,19.778635,MEDIUM
21.63895076830009,19.709936,MEDIUM
19.031075009836133,20.569252,MEDIUM
20.704936591542904,20.119967,MEDIUM
20.57862097186935,20.31347,MEDIUM
21.48092987291814,20.4567,MEDIUM
20.557363082592744,20.927359,MEDIUM
17.454786358934328,20.87158,MEDIUM
21.69752350061188,19.6469,MEDIUM
21.305176213092523,19.996315,MEDIUM
19.5675639077948,20.138916,MEDIUM
22.978058522616102,20.121038,MEDIUM
19.37994106976371,21.176767,MEDIUM
18.23548272937574,20.776247,MEDIUM
18.882880428909353,19.83739,MEDIUM
18.915993587987984,18.77375,MEDIUM
19.05936570969531,18.719187,MEDIUM
11.689066746855158,18.70006,MEDIUM
11.073085850865448,11.665403,MEDIUM
11.71618161150879,11.478533,MEDIUM
7.409448392361149,12.118412,MEDIUM
7.449650758983241,10.054319,MEDIUM
10.37899135580238,8.276094,LOW
9.48465063964645,9.673687,LOW
6.149346528634167,10.134754,MEDIUM
7.900167898471675,9.41441,LOW
10.250181588956623,8.975439,LOW
8.224597784866365,9.548653,LOW
8.246790398839359,9.478933,LOW
12.258753907420504,9.308252,LOW
10.310783920442006,10.263447,MEDIUM
11.40706083703892,10.380739,MEDIUM
13.840544107897065,10.887136,MEDIUM
10.65169870682211,11.985302,MEDIUM
12.607257707775746,12.073595,MEDIUM
11.092682158664882,12.690111,MEDIUM
13.974217384285733,12.439856,MEDIUM
10.195379559192775,13.134005,MEDIUM
12.58076784670942,12.323879,MEDIUM
10.179715708799515,12.742317,MEDIUM
11.27086811047423,11.967901,MEDIUM
10.417761069603818,11.964228,MEDIUM
12.049284187132978,11.549873,MEDIUM
8.981431452618889,11.91556,MEDIUM
10.860115928813952,11.021456,MEDIUM
7.779762783351414,11.135262,MEDIUM
9.009484223553578,10.507629,MEDIUM
26.24695339187877,10.203802,MEDIUM
27.63511982061604,25.51714,HIGH
27.207709462045084,25.314037,HIGH
26.360836992485044,26.195362,HIGH
26.106643150632124,25.66724,HIGH
24.81727291819016,25.48982,HIGH
27.693735025718315,24.93494,MEDIUM
27.817851997203856,25.377502,HIGH
28.655042139600067,25.928215,HIGH
27.313881486699252,27.004002,HIGH
27.682702504321593,27.055035,HIGH
27.65808634752301,27.099424,HIGH
27.912449664838295,26.86734,HIGH
27.097764944441217,27.085047,HIGH
29.71181580444181,26.816046,HIGH
28.965803625069068,27.805557,HIGH
26.811313305598198,27.918243,HIGH
30.289383689134894,27.393364,HIGH
30.000501234684183,28.228207,HIGH
31.51205727908825,28.686237,HIGH
27.310162066628457,29.700695,HIGH
29.17976730180823,28.647203,HIGH
29.531040913059172,28.786348,HIGH
26.069384040530405,28.207043,HIGH
29.02880244197666,26.736027,HIGH
26.81786812126652,26.753304,HIGH
28.176123909502135,26.500654,HIGH
30.293823466701014,26.59799,HIGH
26.839483582443332,27.414078,HIGH
23.93081412226051,27.269028,HIGH
0.0,24.8443,MEDIUM
0.0,0.9623908,LOW
0.0,0.21361947,LOW
0.0,0.11746776,LOW
0.0,0.15473843,LOW
0.0,0.29552102,LOW
0.0,0.51460755,LOW
0.0,0.7979206,LOW
0.0,0.78025544,LOW
0.0,0.73046494,LOW
0.0,0.68607247,LOW
0.0,0.7543403,LOW
0.0,0.6792908,LOW
0.0,0.72368383,LOW
0.0,0.7160512,LOW
0.0,0.7169887,LOW
0.0,0.7312795,LOW
0.0,0.7534219,LOW
0.0,0.78866553,LOW
0.0,0.79848826,LOW
0.0,0.8180374,LOW
0.0,0.8360115,LOW
0.0,0.8548442,LOW
0.0,0.8593334,LOW
0.0,0.842705,LOW
0.0,0.8436922,LOW
0.0,0.77737343,LOW
0.0,0.8491837,LOW
0.0,0.75412416,LOW
0.0,0.77503085,LOW
0.9285735154226913,0.75702024,LOW
3.7268418986514362,0.95501304,LOW
2.424821071709623,1.0005217,LOW
2.7316061331708816,1.1693492,LOW
1.6593963894314427,1.2981696,LOW
1.7275307879433939,1.3837929,LOW
3.0814064833746997,1.7516478,LOW
4.576435170185473,2.4743195,LOW
2.4647640350162003,3.0055852,LOW
0.749354000908891,2.7754626,LOW
3.260873885073222,2.333489,LOW
3.006632045680581,2.488514,LOW
4.189855692401666,2.9497092,LOW
3.2235355562597956,3.3470411,LOW
4.762224414276366,3.0233102,LOW
5.250935301213975,3.4080017,LOW
9.185914084786141,4.0269413,LOW
6.144133446279449,5.7618585,LOW
2.0826606886928456,6.167263,LOW
7.540199820041911,5.355433,LOW
6.627147862004138,6.0448785,LOW
7.599558618100735,6.643019,LOW
5.884219754402425,7.157779,LOW
6.178732286372506,6.9058757,LOW
5.550560599881855,6.5803995,LOW
6.010358482273098,6.5620227,LOW
1.8367369221010161,6.7556143,LOW
5.372921486105728,5.417911,LOW
5.1189763265299995,5.2769504,LOW
0.17589409725244387,5.3804164,LOW
23.319796478228042,4.2036786,LOW
22.073304653958402,24.401535,MEDIUM
20.966734560485506,21.923395,MEDIUM
24.79244668511619,21.47651,MEDIUM
20.60179970945542,22.229088,MEDIUM
20.374038069786486,21.836796,MEDIUM
20.56167943247035,21.188255,MEDIUM
17.881861832091595,20.234335,MEDIUM
20.930177562607966,19.22654,MEDIUM
20.484362001578596,19.275663,MEDIUM
21.32208440238562,19.4014,MEDIUM
21.04850742913066,20.352718,MEDIUM
24.0904718511658,20.626387,MEDIUM
23.12824263125555,21.990913,MEDIUM
25.01658985059125,22.482615,MEDIUM
23.32527360141965,23.598957,MEDIUM
25.205589686045116,23.512497,MEDIUM
26.066636213306083,24.330894,MEDIUM
25.261191912942586,24.68116,MEDIUM
22.850828285992954,24.959438,MEDIUM
24.707886939656472,24.103163,MEDIUM
25.01531658207016,23.9944,MEDIUM
21.080662660976824,23.83287,MEDIUM
22.65268016993484,22.657322,MEDIUM
25.10189834916398,22.071592,MEDIUM
21.814608171169827,22.779942,MEDIUM
21.020578726232444,22.384787,MEDIUM
20.986824184418623,21.555155,MEDIUM
23.1011620851852,20.820404,MEDIUM
20.27307572770859,21.480724,MEDIUM
16.686159120607314,20.849117,MEDIUM
21.39582054556583,16.53463,MEDIUM
18.416713947248873,18.552147,MEDIUM
16.69657620252278,18.169155,MEDIUM
18.368904912352257,17.439165,MEDIUM
16.647588241297683,17.393002,MEDIUM
16.432390835855333,17.212584,MEDIUM
17.33334185436258,16.684477,MEDIUM
20.443193736548388,16.541367,MEDIUM
18.596003837956143,18.272516,MEDIUM
18.1864548103294,18.421314,MEDIUM
17.207987634641658,18.416887,MEDIUM
19.122641393129328,17.992212,MEDIUM
18.731489690162448,18.286446,MEDIUM
19.14835131559179,18.370028,MEDIUM
19.409047887934136,18.620043,MEDIUM
20.72040359222603,18.869286,MEDIUM
18.776695984504457,19.420153,MEDIUM
19.240866963629077,19.233097,MEDIUM
18.518059558910444,19.08118,MEDIUM
21.4581237403441,18.72837,MEDIUM
20.71534903386565,19.48089,MEDIUM
19.24454096382444,19.761158,MEDIUM
17.63658987323774,19.550367,MEDIUM
18.591000079664667,18.592968,MEDIUM
18.88839777677112,18.173122,MEDIUM
15.783928372726635,18.28199,MEDIUM
17.03758928644311,17.131018,MEDIUM
16.592837919763532,16.586061,MEDIUM
18.46831579608494,16.447577,MEDIUM
18.063000081108164,17.08572,MEDIUM
15.973236482823609,17.63272,MEDIUM
15.45176610155727,17.223438,MEDIUM
15.091767790074963,16.328297,MEDIUM
15.154761550317692,15.8849125,MEDIUM
18.680796690742255,15.535015,MEDIUM
15.8739602260611,16.5655,MEDIUM
15.144827364917415,16.387081,MEDIUM
14.266992152530818,16.155607,MEDIUM
15.803474423651044,15.582186,MEDIUM
14.434306614403686,15.666126,MEDIUM
15.162192660141216,15.251596,MEDIUM
15.884804990492212,15.309561,MEDIUM
18.984432266979866,15.579628,MEDIUM
14.546987463606545,16.771929,MEDIUM
15.854474196805171,16.211847,MEDIUM
18.718821355957576,16.247099,MEDIUM
18.165316940648605,16.952595,MEDIUM
20.11846152005557,17.618195,MEDIUM
17.433672173303687,18.520504,MEDIUM
16.76722853664679,18.26952,MEDIUM
17.41115793328503,17.842533,MEDIUM
18.11295556549109,17.320303,MEDIUM
20.178903582644086,17.505613,MEDIUM
14.85404597097056,18.414276,MEDIUM
15.559773027822532,17.174332,MEDIUM
17.4932298861376,16.123598,MEDIUM
14.247052093594238,16.429125,MEDIUM
16.686670210992624,15.730028,MEDIUM
14.078972137819868,15.948353,MEDIUM
6.5115068936242135,15.474976,MEDIUM
5.5725744930372425,6.48247,LOW
3.942596276764389,5.001641,LOW
4.489057269389688,4.144489,LOW
4.041927984385136,3.5925467,LOW
3.1074896199411715,3.443462,LOW
5.178055498584962,4.571703,LOW
3.278999090203369,4.796983,LOW
4.214239493142172,4.4662504,LOW
3.379783755330159,4.295352,LOW
7.04810081988445,4.079603,LOW
6.510669752985258,4.888994,LOW
4.281342109842594,5.50256,LOW
5.601201619176711,5.5117283,LOW
6.834899804002779,5.508465,LOW
5.547087860326528,6.0950894,LOW
7.7951697454407345,6.3876047,LOW
7.7683033767695555,6.7621074,LOW
6.5714244993656,6.887769,LOW
6.862060314812426,7.0591536,LOW
8.80771277850661,7.2547684,LOW
8.250872395738266,7.741747,LOW
7.842127405251071,8.031679,LOW
5.583097585702259,8.1953,LOW
4.5396341874283,7.7132354,LOW
6.619600276602462,7.0117316,LOW
4.461011639540036,7.016397,LOW
6.775836997118462,6.487141,LOW
5.317256613921165,6.455648,LOW
2.0477883843748526,6.2211604,LOW
29.75566173855231,5.213421,LOW
29.646276017787343,30.583841,HIGH
27.043502225859598,28.824125,HIGH
32.60639550644738,27.81357,HIGH
27.25541118268033,29.64246,HIGH
27.82497331663253,28.378859,HIGH
30.69953751649895,28.13979,HIGH
28.34941647010872,27.797268,HIGH
30.285197092957215,27.882172,HIGH
31.301922490172775,28.535011,HIGH
30.16037826227366,29.039211,HIGH
30.811204690732698,29.653305,HIGH
31.201399607839388,30.083317,HIGH
31.235556039087207,30.832771,HIGH
33.23237511342843,31.386105,HIGH
33.42996174861071,32.223248,HIGH
35.79170196050274,32.596302,HIGH
32.53885706708188,33.944443,HIGH
31.939604373271557,33.21908,HIGH
32.72416121541677,32.292828,HIGH
32.214415502817474,31.757252,HIGH
33.63199150851871,31.13987,HIGH
32.25033058431423,31.28096,HIGH
31.66883470537282,30.79098,HIGH
35.05521192092808,31.411724,HIGH
29.907289305399033,32.58264,HIGH
31.41057408251239,30.643648,HIGH
29.686358624785445,30.008123,HIGH
28.60975853005428,28.223373,HIGH
32.24211425028402,27.438625,HIGH
15.193075274125082,28.673458,HIGH
10.49727139079498,13.420431,MEDIUM
11.136138553497688,11.58997,MEDIUM
9.015937072259659,12.16847,MEDIUM
10.558069778922905,10.17025,MEDIUM
8.64739272150648,9.43417,LOW
11.738177888766558,9.676968,LOW
12.80170689360471,10.707392,MEDIUM
13.729354291514246,11.115974,MEDIUM
13.432800409002224,11.9365425,MEDIUM
10.180376792664829,12.583916,MEDIUM
12.849565605766756,12.137449,MEDIUM
13.175830729646858,12.559799,MEDIUM
13.6293759964522,12.907375,MEDIUM
14.924866324324206,13.219067,MEDIUM
13.062094416571632,13.749588,MEDIUM
14.068255112536136,13.8464775,MEDIUM
16.297298020183284,14.115625,MEDIUM
14.171110026015471,15.020096,MEDIUM
15.233341920340706,15.07659,MEDIUM
14.228516425354396,15.28063,MEDIUM
12.018283093619623,15.124388,MEDIUM
12.904958215619551,14.165403,MEDIUM
12.893563569063682,13.5925865,MEDIUM
11.824249678932746,13.351465,MEDIUM
13.68703932789611,12.808058,MEDIUM
11.693645712387678,13.229994,MEDIUM
13.001632235850897,12.825121,MEDIUM
13.246785203472788,12.953707,MEDIUM
11.20414798935854,13.064835,MEDIUM
18.999092814859026,12.598909,MEDIUM
20.97197712093909,18.17623,MEDIUM
18.77595865234975,19.588621,MEDIUM
15.762098624538243,19.830107,MEDIUM
14.642291974758527,18.560518,MEDIUM
19.988616693571927,16.738993,MEDIUM
16.64127016189297,18.222382,MEDIUM
17.357481369432556,17.475746,MEDIUM
20.748966683969506,17.593365,MEDIUM
16.435770283702976,18.803173,MEDIUM
15.593920244363918,18.291994,MEDIUM
18.67358025713331,17.038115,MEDIUM
21.34073528684932,17.703926,MEDIUM
17.430493289324964,19.459515,MEDIUM
19.913855863856625,18.956102,MEDIUM
19.245782353245076,19.432981,MEDIUM
19.185051568930252,19.450668,MEDIUM
20.52073112039737,19.468922,MEDIUM
19.750655943357938,19.62606,MEDIUM
19.12399344092649,19.684671,MEDIUM
21.389927720464943,19.423136,MEDIUM
21.17997558075526,20.138554,MEDIUM
22.914806296012713,20.607111,MEDIUM
21.119133232138378,21.609072,MEDIUM
21.283741448061935,21.47026,MEDIUM
18.767341604922407,21.381186,MEDIUM
19.095890633593612,20.334044,MEDIUM
21.318926975452563,19.275076,MEDIUM
19.927089370261555,19.510723,MEDIUM
15.275209131825331,19.67951,MEDIUM
25.482885312137505,17.83082,MEDIUM
23.701389573235776,24.283936,MEDIUM
25.228249874821557,23.741184,MEDIUM
22.57447952483667,24.394117,MEDIUM
21.95232383230463,23.763302,MEDIUM
25.270579806201386,23.043163,MEDIUM
24.505184040805034,23.485912,MEDIUM
24.807508173450806,23.541122,MEDIUM
25.1526207312327,23.88015,MEDIUM
25.02842611075164,24.16578,MEDIUM
23.673755301903327,24.501934,MEDIUM
27.016909190673182,24.043156,MEDIUM
24.605139083297466,24.974972,MEDIUM
25.266013557096564,24.645351,MEDIUM
27.42035004132214,24.677044,MEDIUM
28.36999003208454,25.565752,HIGH
24.175457796020858,26.650646,HIGH
25.269273251566954,25.694523,HIGH
29.149646867806826,25.359142,HIGH
27.033842095739132,26.71402,HIGH
25.47886418487418,26.647766,HIGH
25.342651626888916,25.915966,HIGH
26.4375451396177,25.420683,HIGH
28.171027129353813,25.362392,HIGH
25.656776782748913,25.928951,HIGH
25.71035075016452,25.260902,HIGH
24.930352751019136,25.188251,HIGH
23.019145995375176,24.604012,MEDIUM
29.014721308676748,23.594349,MEDIUM
25.97598443136155,25.722832,HIGH
2.300605625340946,25.234032,HIGH
1.1825007199462654,2.9461055,LOW
0.0,1.8013017,LOW
0.0,0.8731334,LOW
0.0,0.75090516,LOW
0.0,0.6295899,LOW
0.0,0.92852247,LOW
0.0,1.1590545,LOW
0.0,1.072159,LOW
0.0,1.0660996,LOW
0.0,1.0354912,LOW
0.0,0.99215055,LOW
0.0,1.0146227,LOW
0.3054770076931188,1.0551769,LOW
0.0,1.0415025,LOW
0.0,0.99943316,LOW
0.15852840614325459,1.0400531,LOW
0.2750902231043355,1.1398739,LOW
0.0,1.1834687,LOW
1.6948259911263364,1.1484773,LOW
1.8442889537959974,1.2066305,LOW
1.1564026959689748,1.2887715,LOW
0.700152925744467,1.4195254,LOW
1.9265851269444454,1.4169536,LOW
0.0,1.4767727,LOW
0.0,1.5300344,LOW
0.0,1.4905229,LOW
1.1820654270192392,1.3882383,LOW
0.0,1.3904821,LOW
0.0,1.3092556,LOW
11.838204824555717,1.144677,LOW
14.371694662117385,13.01376,MEDIUM
14.38406357716255,13.058401,MEDIUM
11.694824444192918,13.244789,MEDIUM
11.046209793943849,12.548639,MEDIUM
11.811712389954355,11.896425,MEDIUM
9.870777066277041,12.456398,MEDIUM
10.788770364980124,11.9046955,MEDIUM
12.950788914648344,11.552477,MEDIUM
13.129596828851486,12.330629,MEDIUM
13.828107354716252,12.581827,MEDIUM
13.507509862038045,13.095358,MEDIUM
13.084234342281496,13.456133,MEDIUM
14.061626233008054,13.620077,MEDIUM
14.809214492030101,14.065941,MEDIUM
14.062676218862274,14.647528,MEDIUM
14.277251502220816,14.753008,MEDIUM
15.719534953989646,14.852207,MEDIUM
17.68957115671194,15.397121,MEDIUM
16.6049751337092,16.506283,MEDIUM
16.691421133413712,16.539358,MEDIUM
15.253420157386131,16.721321,MEDIUM
16.53367188380676,16.451103,MEDIUM
14.528393195765712,16.688519,MEDIUM
15.789576098269954,15.9955635,MEDIUM
16.041671542939433,16.014526,MEDIUM
13.074588566460324,16.04095,MEDIUM
15.919646997064369,15.385529,MEDIUM
16.10364084610499,15.643177,MEDIUM
12.725500268315582,15.871082,MEDIUM
4.592376346837438,14.877424,MEDIUM
4.886576625756968,3.4736428,LOW
6.930651401854446,3.374855,LOW
8.333905539650381,4.670233,LOW
2.4413760079006552,5.7330837,LOW
4.041178255215058,5.7278123,LOW
5.93468648989537,5.277425,LOW
3.3496074246364422,5.493001,LOW
5.753810881584308,5.2184944,LOW
4.3181301151336715,5.3679914,LOW
5.46806005132748,5.00578,LOW
5.172083925348192,5.137191,LOW
9.205836498011541,5.4414873,LOW
5.025029526063597,6.3820815,LOW
10.300106366204544,6.348894,LOW
9.241189878108983,7.6686473,LOW
6.104365405526806,8.074522,LOW
6.070764941870306,8.06834,LOW
8.300149181275643,7.8429418,LOW
7.851717430529098,8.277317,LOW
5.6439891720038915,8.314132,LOW
7.680891544697676,7.986513,LOW
10.036569025766713,7.6748195,LOW
8.315725144037362,8.202379,LOW
9.634911317626575,8.521681,LOW
5.164966986913937,8.975628,LOW
5.43259907782185,7.8752904,LOW
3.880589284251779,7.2774196,LOW
5.521482648762005,6.032654,LOW
4.522269419063678,5.738807,LOW
29.038459496894703,5.7205625,LOW
29.02935302405922,29.578882,HIGH
27.007286830475806,27.80569,HIGH
28.49001709267813,27.07217,HIGH
26.92541425548357,27.192514,HIGH
27.111575244842236,26.947906,HIGH
28.297368510802148,27.038147,HIGH
28.022497478715966,26.317924,HIGH
25.300675541867943,26.83815,HIGH
25.898876002370283,26.19024,HIGH
29.217717341360185,25.526962,HIGH
28.25636203293242,26.493298,HIGH
26.98974048312622,26.962269,HIGH
29.855737039784252,27.07589,HIGH
30.281559190075722,28.743998,HIGH
28.51616732818581,29.335766,HIGH
29.01904699620379,28.738953,HIGH
30.478699890952406,28.510754,HIGH
31.264160882009477,28.695892,HIGH
31.164703391562224,29.44625,HIGH
30.860763453722015,29.84355,HIGH
30.34368527545656,30.254263,HIGH
30.492442020708012,29.97598,HIGH
31.402448943835978,29.65656,HIGH
28.829203989649216,29.573792,HIGH
28.667445395989446,28.108665,HIGH
24.118219159879956,27.82843,HIGH
28.107071618425124,25.39529,HIGH
27.75964644937497,25.862095,HIGH
27.22267460180661,25.718063,HIGH
1.5826431075853495,25.868755,HIGH
1.5628265282700333,2.5599477,LOW
0.3114142316555242,1.7284824,LOW
1.9795448021251216,1.0033619,LOW
3.055976291273039,0.98978496,LOW
0.0,1.1775756,LOW
4.09282611400447,1.4222252,LOW
0.1307899252341027,2.0296102,LOW
0.005365103718460773,1.8641734,LOW
4.444496857639265,1.7026787,LOW
3.2278851887335493,2.0563655,LOW
2.0810840918862086,2.1568508,LOW
5.574449199471667,2.361809,LOW
5.144275744941175,3.040626,LOW
2.432795512355624,3.689293,LOW
1.271997294465896,4.0465937,LOW
2.6066089160313455,3.4654546,LOW
5.069033709550717,3.231845,LOW
0.5542816100696619,3.868272,LOW
3.709478180361124,3.3098052,LOW
4.475091109572668,2.9657867,LOW
6.95338212945536,3.1948318,LOW
4.994046512549876,4.432994,LOW
4.354319496127219,4.901786,LOW
4.2926211631108835,4.763506,LOW
4.388966724800781,4.795291,LOW
0.5832610599649586,5.159939,LOW
0.16395388094272434,4.1535406,LOW
2.562323178587823,3.0532794,LOW
3.0340934771830215,2.7679486,LOW
1.7197133202518202,2.7669325,LOW
3.7462762148676525,2.5392103,LOW
1.479079566453109,2.2164621,LOW
0.38836704594824845,2.1175742,LOW
0.1826939098000775,2.1484044,LOW
2.083950602015797,1.9651415,LOW
0.6571027761816595,1.9289074,LOW
1.6677332768976179,1.7323204,LOW
1.0160477692691057,1.6321445,LOW
2.088610023134759,1.5345927,LOW
3.2823639604314074,1.5989602,LOW
1.9159988049242571,1.9463493,LOW
3.9757773576526088,1.9634978,LOW
3.6200233526029173,2.3415973,LOW
3.5316605858061827,2.6486647,LOW
1.290263063380598,3.1005635,LOW
2.0945679353850633,2.9583242,LOW
7.121864699396477,2.79872,LOW
0.0,4.114982,LOW
3.8465520518323846,3.374013,LOW
3.5960048507989946,3.2942226,LOW
3.3416974602813916,3.2435036,LOW
4.407529360245903,3.5717301,LOW
2.7971763987633746,3.838258,LOW
0.9865902530291635,3.3407893,LOW
0.8078550800407243,2.9504862,LOW
5.438867218446447,2.6468701,LOW
1.4357885833456105,3.4370012,LOW
1.5929329705260624,3.035118,LOW
1.5870371834111854,2.4257386,LOW
22.773619289492544,2.074025,LOW
27.17335686967824,23.277445,MEDIUM
25.48296111736729,24.639582,MEDIUM
26.992348002838646,24.567604,MEDIUM
25.640882598214723,24.929934,MEDIUM
22.991446108309837,24.961859,MEDIUM
21.72146443165933,24.458538,MEDIUM
23.966923661645623,22.764595,MEDIUM
26.76701604332554,22.52353,MEDIUM
22.615944137334786,23.887499,MEDIUM
25.624829438614988,23.31358,MEDIUM
25.04346213407186,24.076778,MEDIUM
24.602103764116737,24.295906,MEDIUM
25.18262260207353,24.447388,MEDIUM
23.145517163026,24.500002,MEDIUM
26.969939702442222,24.189405,MEDIUM
26.61849149451539,25.012825,HIGH
27.70174753264355,25.319374,HIGH
28.790187206887964,26.315922,HIGH
26.42938582326354,27.225546,HIGH
29.68373827253637,27.036926,HIGH
26.038893151937565,28.009209,HIGH
26.484296843540733,26.826118,HIGH
27.02210406688424,26.246412,HIGH
27.891829282122586,25.775421,HIGH
23.21222648784229,26.280033,HIGH
24.400336993898556,24.381334,MEDIUM
24.902863614414947,23.80139,MEDIUM
26.708953135000296,23.638523,MEDIUM
26.045723876398814,24.201763,MEDIUM
4.045408315307686,24.474762,MEDIUM
0.4313158590761166,3.6098316,LOW
0.8332998440608037,2.197795,LOW
1.0164075837156918,0.98588467,LOW
0.13044015868229053,0.9226779,LOW
0.6991243325844394,0.7612393,LOW
1.8668713784250226,1.147351,LOW
0.5434208878562075,1.5615672,LOW
1.7357270993917187,1.4963231,LOW
0.5117193031255987,1.5542122,LOW
1.1380108530674828,1.5099058,LOW
4.4660070891454104,1.5362073,LOW
0.0,2.0770135,LOW
2.7429173954616477,1.7817888,LOW
1.716501353804098,2.051547,LOW
2.3121040591768836,1.9836539,LOW
3.634095284255933,2.2141232,LOW
3.3374127083243295,2.59885,LOW
3.85395677647373,2.555655,LOW
3.3211521871535528,2.9597464,LOW
1.5808502203661803,3.1306434,LOW
4.688417943259278,2.987052,LOW
0.9922388920084604,3.6359992,LOW
3.229223038029483,3.2312665,LOW
2.0695782273188,3.23448,LOW
2.1035376096656595,2.8743293,LOW
4.125758012931241,2.6320999,LOW
1.228222774653915,3.0082216,LOW
0.0,2.4953923,LOW
0.15934458249076222,1.912922,LOW
39.103378453642215,1.6935924,LOW
39.37711674387869,38.109745,HIGH
36.87429999332993,36.51724,HIGH
38.714728468633815,37.171524,HIGH
40.01234459385896,36.868427,HIGH
38.299799869597464,36.97426,HIGH
37.13883966375481,37.0765,HIGH
37.76006901477001,34.200527,HIGH
37.75677653188737,36.25286,HIGH
39.08879429648161,36.934864,HIGH
39.454262574798236,36.892715,HIGH
37.874051140133304,37.806187,HIGH
37.851753129605136,38.32082,HIGH
40.73143343888306,38.080376,HIGH
42.21522888004073,38.885715,HIGH
39.62530248804378,39.98866,HIGH
42.04220600434682,39.961704,HIGH
41.4037395896291,40.392307,HIGH
41.92156669518035,40.607224,HIGH
40.019184262847034,40.558037,HIGH
41.472988312032165,39.995506,HIGH
42.61166155111342,40.426117,HIGH
40.60683335051438,40.5995,HIGH
45.11336030262723,40.09555,HIGH
40.413219949752055,40.874737,HIGH
38.32746873323678,39.35996,HIGH
37.82815007091815,38.186287,HIGH
38.22952546898953,36.63976,HIGH
36.84765583912423,34.511684,HIGH
36.890557468733505,33.344296,HIGH
15.0967816255895,31.931019,HIGH
14.722614310044152,12.182634,MEDIUM
17.366186833357375,13.68751,MEDIUM
16.99311555047962,16.617943,MEDIUM
15.223705344451918,16.490719,MEDIUM
15.522614609401984,15.453146,MEDIUM
14.43284773139469,15.457769,MEDIUM
13.534061726636713,15.567867,MEDIUM
14.557309688566239,14.8311615,MEDIUM
15.102563210826716,14.6754,MEDIUM
14.699901180707496,14.809517,MEDIUM
16.53650581665119,14.857746,MEDIUM
16.79649589009077,15.605389,MEDIUM
17.326750796001477,16.095774,MEDIUM
15.856513644621984,16.591164,MEDIUM
18.436484553281993,16.4668,MEDIUM
20.06910740874094,17.166763,MEDIUM
19.138364302903547,18.362299,MEDIUM
17.443706915240966,18.756622,MEDIUM
19.75994286914734,18.31914,MEDIUM
19.45237649262192,18.756184,MEDIUM
18.170846563020394,18.931562,MEDIUM
17.962820861131156,18.482477,MEDIUM
18.504718331930903,18.113037,MEDIUM
17.196265511150095,18.14191,MEDIUM
17.912220569704886,17.741138,MEDIUM
17.470198333150602,17.509272,MEDIUM
15.874038288285883,17.466137,MEDIUM
15.143597554801744,16.779549,MEDIUM
13.978494253471155,15.932501,MEDIUM
32.965378619758674,15.319286,MEDIUM
32.6052808360165,33.257954,HIGH
32.094571543370044,31.86486,HIGH
33.12452405234402,31.822203,HIGH
32.235551289624865,31.901388,HIGH
29.144175424227072,31.781017,HIGH
33.25818114507524,31.095013,HIGH
31.16603583611166,30.529018,HIGH
32.46207762168752,30.052383,HIGH
30.87899045529302,31.004753,HIGH
32.55564446586926,30.214127,HIGH
31.087513004458547,30.909771,HIGH
31.341077906099024,30.771404,HIGH
33.77391170078001,30.555035,HIGH
31.70381656460717,31.751278,HIGH
35.791035244151445,32.36329,HIGH
35.797738450149915,34.25507,HIGH
37.70483770983183,34.944576,HIGH
36.017696531146285,36.27019,HIGH
38.133068699668726,36.2764,HIGH
32.636663583454805,36.602886,HIGH
38.01993178878787,34.662178,HIGH
33.431585044057925,35.418194,HIGH
35.62827111185657,33.952698,HIGH
36.04759601455884,33.51635,HIGH
34.8821348382958,33.98759,HIGH
31.18328253639182,33.308212,HIGH
35.168442194869144,33.039894,HIGH
33.15969097294622,31.171694,HIGH
32.973242187057124,30.786688,HIGH
28.13677706895648,30.153429,HIGH
24.575681074504196,26.898565,HIGH
28.586402717710524,23.621017,MEDIUM
26.671155093999232,24.252556,MEDIUM
26.802443215942123,24.092415,MEDIUM
22.638089624265827,24.283867,MEDIUM
23.87682125927296,22.759712,MEDIUM
27.143815398630228,23.065083,MEDIUM
23.08941547717165,24.219685,MEDIUM
25.93856998995842,23.801632,MEDIUM
24.457729778614375,24.406006,MEDIUM
27.19458968417806,24.40755,MEDIUM
26.268468699941128,25.484425,HIGH
25.595430987374954,25.397213,HIGH
29.025775500972866,25.514513,HIGH
29.913564575630172,26.806295,HIGH
30.828871114589663,27.9032,HIGH
29.62946319036336,28.978039,HIGH
28.241356150805746,29.355291,HIGH
29.784408477920024,29.035782,HIGH
29.490815890973465,28.963964,HIGH
32.06152874002479,28.472221,HIGH
27.637230331963515,29.788048,HIGH
29.516921591391828,28.309713,HIGH
27.267579881303295,28.458836,HIGH
27.8834080181747,27.574697,HIGH
27.080253011058396,26.9894,HIGH
26.829875603182778,25.920305,HIGH
26.99978200727855,25.529533,HIGH
27.999084033175194,25.786545,HIGH
0.0,25.887688,HIGH
0.0,1.3390548,LOW
0.0,0.37687922,LOW
0.0,0.21259785,LOW
0.0,0.23921359,LOW
0.0,0.24768603,LOW
0.0,0.46580243,LOW
0.0,0.83174574,LOW
0.0,0.79551315,LOW
0.0,0.79936254,LOW
0.0,0.81321514,LOW
0.0,0.86975,LOW
0.0,0.76857865,LOW
0.0,0.83259094,LOW
0.0,0.7983557,LOW
0.0,0.78749895,LOW
0.0,0.765393,LOW
0.0,0.8517189,LOW
0.0,0.83132255,LOW
0.0,0.8852457,LOW
0.0,0.92342925,LOW
0.0,0.96061504,LOW
0.0,0.9002224,LOW
0.0,0.9467213,LOW
0.0,0.95596504,LOW
0.0,0.89344585,LOW
0.0,0.8833395,LOW
0.0,0.9291109,LOW
0.0,0.8551611,LOW
0.0,0.89894116,LOW
26.64299051047102,0.88217616,LOW
26.046922321605614,29.383152,HIGH
25.763860739934287,25.039547,HIGH
24.518683150610826,25.330061,HIGH
23.311717307201242,24.914478,MEDIUM
24.427027716642456,24.165516,MEDIUM
25.310006852041777,24.030228,MEDIUM
25.051768554631355,23.87777,MEDIUM
23.713674602338052,24.143719,MEDIUM
26.052504736802387,23.779572,MEDIUM
25.692371009119164,24.459408,MEDIUM
25.704149204264105,24.683107,MEDIUM
29.042715988014727,24.889431,MEDIUM
28.40880911382134,26.418167,HIGH
27.18955871783942,27.232124,HIGH
25.75713265937071,27.214485,HIGH
25.71598719293522,26.275078,HIGH
28.469778041933036,25.705132,HIGH
30.13806213828378,26.332834,HIGH
26.380823792579307,27.750671,HIGH
29.36100575578291,27.152786,HIGH
25.9877186819024,28.075521,HIGH
28.0746122188297,26.948486,HIGH
26.459392561574234,26.786854,HIGH
22.85479246331217,25.778618,HIGH
25.15215293530312,24.043436,MEDIUM
28.710109566863558,23.886372,MEDIUM
23.73468755694396,25.714481,HIGH
27.103104859684475,24.666931,MEDIUM
23.674234173483203,25.21851,HIGH
13.670125571487162,24.235348,MEDIUM
13.824049758137768,12.492352,MEDIUM
13.857248666957462,12.683647,MEDIUM
11.726068698301722,13.182058,MEDIUM
14.202493106076298,12.619532,MEDIUM
10.145653751158902,13.231216,MEDIUM
11.005622585750393,12.528917,MEDIUM
9.216477366747108,11.893091,MEDIUM
14.1290977441477,10.885969,MEDIUM
14.620395233725471,12.452518,MEDIUM
13.854347589793278,13.072451,MEDIUM
15.25555419794609,13.476332,MEDIUM
14.786375524093739,14.066103,MEDIUM
12.829215973606248,14.69117,MEDIUM
13.08571681021118,14.448505,MEDIUM
14.624636313617323,14.154659,MEDIUM
18.38103350657378,14.514021,MEDIUM
15.830274195400785,16.153032,MEDIUM
14.221919744321104,16.198086,MEDIUM
13.029688494071985,15.937946,MEDIUM
15.680551879284684,15.086409,MEDIUM
17.67457295560994,15.48193,MEDIUM
15.652658336225588,16.094488,MEDIUM
12.600443978329476,16.081957,MEDIUM
14.057370239293249,15.128059,MEDIUM
15.49254942602706,14.722536,MEDIUM
13.557673549776176,15.062464,MEDIUM
13.726731525781862,14.448664,MEDIUM
13.147917766654412,14.354574,MEDIUM
12.063013489574328,14.101147,MEDIUM
24.875594354955936,13.5397625,MEDIUM
23.414933117722413,24.975283,MEDIUM
21.44341956104271,23.322786,MEDIUM
22.88328080797992,22.731922,MEDIUM
23.891669701119966,23.026058,MEDIUM
21.277106654465555,23.386223,MEDIUM
21.6489901071404,22.663286,MEDIUM
20.96212919718687,21.68768,MEDIUM
20.59017820389333,21.1722,MEDIUM
22.343086583868388,20.873573,MEDIUM
23.24324358631153,21.068722,MEDIUM
22.746496874353056,21.920465,MEDIUM
24.443298491854158,22.371922,MEDIUM
21.279151940056817,23.180992,MEDIUM
23.113414861551867,22.700562,MEDIUM
22.381272551490447,22.767912,MEDIUM
23.69605170992364,22.55236,MEDIUM
23.5545409047568,22.93086,MEDIUM
25.14708229273278,23.088724,MEDIUM
25.198870174870258,23.899384,MEDIUM
22.870382691342133,24.308636,MEDIUM
21.480152971248817,23.685806,MEDIUM
25.085393998283994,22.74643,MEDIUM
25.543568585368824,23.43819,MEDIUM
24.7951253160047,23.926601,MEDIUM
24.810896132264034,24.275955,MEDIUM
26.25008302523381,24.24275,MEDIUM
22.767676166663243,24.941944,MEDIUM
20.830194477579376,23.802252,MEDIUM
23.269631695568087,22.245296,MEDIUM
14.665271413701582,21.811584,MEDIUM
12.603812197320025,15.002993,MEDIUM
9.94232918119721,13.169079,MEDIUM
13.873848375165991,11.163794,MEDIUM
12.09598622675736,12.277172,MEDIUM
11.021071960842049,11.889404,MEDIUM
11.157653882311184,12.097788,MEDIUM
11.665807956164118,11.900585,MEDIUM
10.672600495429428,11.998156,MEDIUM
11.850518119568433,11.594194,MEDIUM
13.507633344905788,11.753599,MEDIUM
12.377242988108547,12.336956,MEDIUM
13.12730588178561,12.484579,MEDIUM
11.443573156986256,12.838827,MEDIUM
13.12350899752909,12.6128025,MEDIUM
13.011400957732027,12.951811,MEDIUM
10.924070732033469,13.120268,MEDIUM
14.513749784636117,12.6246395,MEDIUM
14.097228327343647,13.295073,MEDIUM
13.890105197541281,13.6793,MEDIUM
13.24090533470825,13.940702,MEDIUM
11.022500820104137,14.010439,MEDIUM
14.883360094014458,13.246399,MEDIUM
12.74337810806344,13.806959,MEDIUM
10.19498303686869,13.47401,MEDIUM
15.34854999813238,12.564892,MEDIUM
12.16252248954405,13.7321205,MEDIUM
11.77037789516283,13.400423,MEDIUM
13.538474053253376,13.076225,MEDIUM
9.65415389446072,13.149353,MEDIUM
24.205876153276936,12.241524,MEDIUM
24.35071904496509,24.573294,MEDIUM
25.431511647800765,23.173515,MEDIUM
25.814230976409952,23.88342,MEDIUM
24.126780729796714,24.475607,MEDIUM
23.302980688131438,24.400707,MEDIUM
22.15968544890785,24.05768,MEDIUM
22.922698068165275,22.846897,MEDIUM
24.06064587492929,22.484756,MEDIUM
20.739459260428028,22.749039,MEDIUM
23.68004752871255,21.947472,MEDIUM
22.066875261643396,22.470802,MEDIUM
23.747715132180694,22.236898,MEDIUM
24.418695860833957,22.85634,MEDIUM
22.38867000118817,23.32634,MEDIUM
24.413826653645962,23.27285,MEDIUM
25.53993512014097,23.592506,MEDIUM
27.651859210449842,24.18549,MEDIUM
27.529808341980846,25.816553,HIGH
25.330983586406496,26.359106,HIGH
26.07874681973344,25.97777,HIGH
23.338576997288428,25.74772,HIGH
27.548261177549584,24.426607,MEDIUM
22.98708705739602,25.29594,HIGH
23.62817672133503,24.081486,MEDIUM
23.36724554981589,23.516172,MEDIUM
24.897824939728515,23.008179,MEDIUM
22.803406525164526,23.439362,MEDIUM
23.80819908188093,22.876478,MEDIUM
23.159955289677484,22.97028,MEDIUM
33.18077921774147,22.932983,MEDIUM
32.489314319125356,28.974993,HIGH
30.760425918744605,29.960026,HIGH
29.26241194710039,30.407005,HIGH
31.827158122254048,29.576115,HIGH
33.04821703835927,30.06292,HIGH
30.662806602096357,30.070786,HIGH
32.05966413344837,29.461123,HIGH
33.65371096231593,30.488884,HIGH
31.334041465920944,31.583866,HIGH
30.49746905168211,31.283865,HIGH
31.927652044348292,30.859737,HIGH
33.165694184184936,31.217316,HIGH
33.645507492908024,31.433697,HIGH
35.67950188919188,31.69473,HIGH
32.777962941587724,33.332314,HIGH
36.095873054154886,33.31292,HIGH
31.399726364668144,34.34461,HIGH
36.74050590578011,33.02023,HIGH
33.748496440369095,34.54645,HIGH
34.11047652795468,33.335594,HIGH
32.90343066776469,33.26065,HIGH
34.8002383842249,32.558743,HIGH
33.25820679233395,32.92285,HIGH
31.75256766837598,32.12027,HIGH
31.973452501483347,31.0134,HIGH
31.939542586629646,30.735336,HIGH
33.47864694569662,30.148092,HIGH
31.754313073501955,30.71444,HIGH
32.05143027222189,30.429594,HIGH
32.328737887422584,30.857628,HIGH
30.11373697607335,30.71936,HIGH
30.037849491517953,29.7672,HIGH
30.14486177558798,29.012115,HIGH
30.223185951007746,28.543133,HIGH
30.04690354334806,28.589334,HIGH
31.21283248356416,28.511097,HIGH
32.35262318279616,29.372303,HIGH
31.397588130740246,30.241314,HIGH
29.065243054293244,30.462257,HIGH
29.373851998551732,29.86485,HIGH
31.142459825881136,29.251019,HIGH
31.114152896599066,29.616581,HIGH
32.41818614810261,29.652655,HIGH
31.11661179490402,30.538227,HIGH
33.02448057248261,30.917955,HIGH
30.45600974086787,31.5634,HIGH
34.45951195849997,30.563976,HIGH
33.158244077272165,31.787832,HIGH
34.25563429693856,32.138363,HIGH
32.17679574876651,32.91382,HIGH
33.6137649184801,32.366943,HIGH
34.39543320220067,32.827385,HIGH
33.91120260724074,32.839077,HIGH
27.938924353357077,32.62804,HIGH
33.09437631038803,28.991348,HIGH
30.44003309278772,30.77331,HIGH
29.630527867119774,29.73443,HIGH
30.157169899406043,28.649166,HIGH
31.112316221075087,28.300203,HIGH
32.052880384132784,29.337868,HIGH
33.27342377960386,30.392094,HIGH
31.865295848170234,32.21517,HIGH
30.720383080840826,32.34177,HIGH
31.24644834435739,31.615541,HIGH
33.95879946033592,30.993229,HIGH
33.387455593756194,31.50539,HIGH
31.483595246743835,31.410824,HIGH
33.30628315549005,31.30819,HIGH
32.618731789332,32.157455,HIGH
31.82307184533284,32.125626,HIGH
32.11379052733986,31.400236,HIGH
33.54838098487891,30.74475,HIGH
32.759969245601326,31.611845,HIGH
34.68359393871683,31.675934,HIGH
34.48215217727566,32.830124,HIGH
36.43816414810349,33.72255,HIGH
34.068640058779664,34.759274,HIGH
35.66007209921661,34.49426,HIGH
36.21230790445536,35.138622,HIGH
33.496818339097594,35.28085,HIGH
34.953018823660685,34.309147,HIGH
33.299851972289694,34.49631,HIGH
33.71780230876371,33.27513,HIGH
37.2996282292865,32.38216,HIGH
34.33686811088503,33.011158,HIGH
35.04318265025165,32.895813,HIGH
31.580113797682454,33.223335,HIGH
32.95696239316491,31.652359,HIGH
30.802215151828882,31.457188,HIGH
11.025801183243473,29.535372,HIGH
9.75803167872145,9.031019,LOW
12.148107684753542,9.3587055,LOW
9.656648279103775,10.750511,MEDIUM
10.509059744747304,9.821217,LOW
11.798327697104925,9.681114,LOW
9.844581795969852,10.84042,MEDIUM
7.476973932577073,10.827793,MEDIUM
10.910765604762146,10.134907,MEDIUM
9.781917029447568,10.340923,MEDIUM
12.782207600698403,10.331467,MEDIUM
11.557816719710699,10.83646,MEDIUM
12.25283012244557,11.041067,MEDIUM
11.590629278115939,11.34911,MEDIUM
10.805549759409883,11.400314,MEDIUM
11.211114744451367,11.653481,MEDIUM
14.534272067646594,11.491718,MEDIUM
10.815104427364446,12.773525,MEDIUM
10.498922362056065,12.280838,MEDIUM
11.496944863455155,11.756115,MEDIUM
12.800174397403097,11.548706,MEDIUM
14.36632847549931,12.00456,MEDIUM
12.449632514050785,12.757784,MEDIUM
10.753521852393122,12.847069,MEDIUM
11.355287431009282,12.143175,MEDIUM
9.881603484455635,11.971672,MEDIUM
13.070952302523727,11.266214,MEDIUM
9.887141594618434,11.707331,MEDIUM
10.506370980501353,11.273912,MEDIUM
10.351090454776783,10.910797,MEDIUM
0.0,10.797991,MEDIUM
0.0,0.20312357,LOW
0.0,0.024202108,LOW
0.0,0.06493771,LOW
0.0,0.27572072,LOW
0.0,0.5241927,LOW
0.0,0.8090701,LOW
0.0,0.7894635,LOW
0.0,0.7190423,LOW
0.0,0.75720966,LOW
0.0,0.74918544,LOW
0.0,0.6866187,LOW
0.0,0.71355677,LOW
0.0,0.78449357,LOW
0.0,0.7934942,LOW
0.0,0.77623653,LOW
0.0,0.7569314,LOW
0.0,0.7631297,LOW
0.0,0.74425757,LOW
0.0,0.7952168,LOW
0.0,0.76325095,LOW
0.0,0.8032043,LOW
0.0,0.8241409,LOW
0.0,0.847247,LOW
0.0,0.7900753,LOW
0.0,0.8347515,LOW
0.0,0.8614011,LOW
0.0,0.87673795,LOW
0.0,0.8501663,LOW
0.0,0.82669103,LOW
0.0,0.8598399,LOW
0.0,0.8029696,LOW
0.0,0.7594708,LOW
0.0,0.7533803,LOW
0.0,0.7698735,LOW
0.0,0.6996776,LOW
0.0,0.7831285,LOW
0.0,0.75459576,LOW
0.0,0.7482232,LOW
0.0,0.71048474,LOW
0.0,0.7148198,LOW
0.0,0.708933,LOW
0.0,0.72331905,LOW
0.0,0.68486476,LOW
0.0,0.71888006,LOW
0.0,0.7220491,LOW
0.0,0.681352,LOW
0.0,0.6655297,LOW
0.0,0.69311583,LOW
0.0,0.7200421,LOW
0.0,0.7244768,LOW
0.0,0.7741482,LOW
0.0,0.76238465,LOW
0.0,0.83236015,LOW
0.0,0.78183305,LOW
0.0,0.7830045,LOW
0.0,0.74725294,LOW
0.0,0.76648974,LOW
0.0,0.7461734,LOW
0.0,0.7906467,LOW
28.4305186955339,0.68413484,LOW
26.587192430604293,31.19707,HIGH
27.457825850081008,25.677876,HIGH
24.420030359071067,26.7215,HIGH
26.257228012751813,25.87526,HIGH
26.05559356805425,25.71607,HIGH
25.926036961264963,25.539093,HIGH
24.82745442319256,24.723286,MEDIUM
24.949521887411713,24.357973,MEDIUM
23.03263009891007,24.382368,MEDIUM
27.96956589295161,23.633286,MEDIUM
28.132145938144312,25.369843,HIGH
25.14978442120622,26.479595,HIGH
28.755048688079892,26.120054,HIGH
27.02801660729906,27.110039,HIGH
26.96349826403519,26.914333,HIGH
26.913429050084886,26.896667,HIGH
27.61799079674079,26.361305,HIGH
29.361895183062835,26.616764,HIGH
27.189859661871015,27.478506,HIGH
28.39209089218711,26.96853,HIGH
28.23809551315364,27.331482,HIGH
29.116884637738004,27.200703,HIGH
28.245330225061032,27.771997,HIGH
24.56513267426061,27.436817,HIGH
25.524139127020455,25.968693,HIGH
26.907816115087932,25.21444,HIGH
28.099529898394877,24.881199,MEDIUM
26.810153081842472,25.66308,HIGH
23.64048058914907,25.554504,HIGH
21.2189720462822,24.527388,MEDIUM
24.21529477314338,22.4122,MEDIUM
21.232038716526134,22.017199,MEDIUM
22.038137499057196,20.898373,MEDIUM
22.713202598343873,20.966465,MEDIUM
20.150322813032556,21.311447,MEDIUM
22.145206627272707,21.09872,MEDIUM
22.354059000664535,21.262432,MEDIUM
21.534909911905018,21.361855,MEDIUM
20.48069794926333,21.6287,MEDIUM
18.528300518460895,21.101303,MEDIUM
21.816742961571805,19.898155,MEDIUM
22.577095234738728,20.258116,MEDIUM
20.95495099223167,21.032112,MEDIUM
22.315246592342213,21.205158,MEDIUM
25.89710168469286,21.617165,MEDIUM
23.403412026321515,23.548283,MEDIUM
26.50655528839271,23.65888,MEDIUM
25.284663327161,24.866005,MEDIUM
22.36212435277169,24.880692,MEDIUM
25.680063992816724,24.066727,MEDIUM
25.6856246368744,24.41215,MEDIUM
26.63201952763706,24.498615,MEDIUM
23.338428193683853,25.14117,HIGH
24.388132999794593,24.379969,MEDIUM
22.552812578069307,24.052765,MEDIUM
22.5026938782132,22.949354,MEDIUM
23.850464318780844,22.182182,MEDIUM
22.653760552921387,22.329391,MEDIUM
21.894160389452523,22.239433,MEDIUM
0.0,21.884443,MEDIUM
0.0,1.1429651,LOW
2.597212643316478,0.33200598,LOW
1.434408843030333,0.36951923,LOW
0.0,0.5975485,LOW
0.0,0.8314676,LOW
0.0,0.9816928,LOW
0.0,1.013163,LOW
0.0,1.0779251,LOW
0.0,1.0192999,LOW
0.29579016737084984,0.92707515,LOW
0.0,0.96017003,LOW
0.0,0.981591,LOW
0.0,1.0062242,LOW
0.7802803499034834,1.0322694,LOW
1.6702212164588683,1.13393,LOW
0.0,1.2452887,LOW
2.2441407246542724,1.1874774,LOW
0.0,1.3403658,LOW
0.0,1.3450059,LOW
0.0,1.3749672,LOW
0.6290844042291521,1.2651099,LOW
2.7731234029946137,1.2425475,LOW
0.20173083314237594,1.4209943,LOW
0.0,1.3755245,LOW
0.0,1.2936223,LOW
0.0,1.243284,LOW
1.429437823142953,1.3068568,LOW
0.0,1.4265682,LOW
1.1685908486920873,1.2529235,LOW
0.0,1.2576418,LOW
0.0,1.2333965,LOW
0.0,1.0872473,LOW
0.0,0.98321426,LOW
0.0,0.96117246,LOW
0.0,0.9184537,LOW
0.0,0.71520233,LOW
0.0,0.7455015,LOW
0.0,0.7522626,LOW
0.0,0.69174397,LOW
0.0,0.7983272,LOW
0.0,0.7512089,LOW
0.0,0.8008549,LOW
0.0,0.70790875,LOW
0.0,0.6829015,LOW
0.0,0.60006535,LOW
0.0,0.64811206,LOW
0.0,0.67233527,LOW
0.0,0.729748,LOW
0.0,0.7038162,LOW
0.0,0.74526787,LOW
0.0,0.748047,LOW
0.0,0.73830414,LOW
0.0,0.7630545,LOW
0.0,0.75188994,LOW
0.0,0.7516546,LOW
0.0,0.81531906,LOW
0.0,0.78679025,LOW
0.0,0.73466074,LOW
0.0,0.7323972,LOW
4.432580102392766,0.76489973,LOW
1.7746974628091792,3.4728098,LOW
4.538062961689324,1.5491874,LOW
3.6854505191422255,1.7414087,LOW
1.3525025168665081,2.3691351,LOW
0.0,1.9024516,LOW
2.278732809988451,2.0972512,LOW
2.189781402308336,2.4778957,LOW
1.5658268237466615,2.423861,LOW
2.1007438366979105,2.1345854,LOW
2.9500405972702772,1.8551447,LOW
3.797863111483755,1.960221,LOW
4.453508342282047,2.4749274,LOW
3.7151635766185755,3.0759912,LOW
4.329034349446173,3.2575264,LOW
6.239448562138962,3.7565942,LOW
5.2756384718186276,4.6099205,LOW
4.934439269640794,5.271452,LOW
6.517383494015268,5.495848,LOW
5.304066633304018,5.769211,LOW
2.8836315301225213,6.0392623,LOW
5.930111191831404,5.5839148,LOW
7.210612343241106,5.722055,LOW
5.381433213620815,6.2586637,LOW
3.6465298881760955,6.3593793,LOW
4.161142449011839,5.731062,LOW
4.067890530126091,5.295909,LOW
5.17552781191079,5.2274985,LOW
4.961102857490097,5.344562,LOW
3.4225011569663106,5.245956,LOW
21.801684170729903,4.792165,LOW
21.906783976729614,21.770985,MEDIUM
21.300865884176027,20.892904,MEDIUM
20.372728588876278,20.73451,MEDIUM
20.99752329221963,20.30288,MEDIUM
22.420621706714336,20.590397,MEDIUM
20.38466601949434,21.191336,MEDIUM
20.612517809338648,20.82774,MEDIUM
21.42655826034823,20.64099,MEDIUM
18.966064069214042,20.79417,MEDIUM
21.017317253837746,20.326145,MEDIUM
24.418910328303387,20.487633,MEDIUM
20.78873897114197,22.078728,MEDIUM
24.894684004337208,21.938946,MEDIUM
25.231609509651655,23.29086,MEDIUM
23.65242714787783,23.940601,MEDIUM
22.632047069166912,23.80474,MEDIUM
24.50086495386658,23.25525,MEDIUM
23.230231101044595,23.418919,MEDIUM
22.931523626834085,23.196232,MEDIUM
25.678482219992926,23.116335,MEDIUM
23.722032664129948,24.147858,MEDIUM
25.15601340273283,24.051044,MEDIUM
22.60273105730296,24.261362,MEDIUM
24.003574646493504,23.450142,MEDIUM
22.818815097020664,23.326365,MEDIUM
23.54178660698588,22.643822,MEDIUM
21.848873861872768,22.598804,MEDIUM
21.338300291865988,22.06772,MEDIUM
22.468576230404842,21.574387,MEDIUM
2.1414097667280227,21.650257,MEDIUM
1.977567650703011,2.308773,LOW
1.3861561571665924,1.3555548,LOW
0.3271920457051136,0.93709946,LOW
0.848080027232375,1.0231031,LOW
2.9333427558093517,0.98978674,LOW
0.0,1.5685537,LOW
0.021579896944303734,1.6504858,LOW
0.0,1.5091586,LOW
0.8621961406325616,1.4265499,LOW
2.369945729357547,1.4726063,LOW
1.2013018095129198,1.5610539,LOW
3.2126972271760827,1.4882308,LOW
3.8546463214487954,1.6069114,LOW
2.5520724632388525,1.9891564,LOW
4.831093965700381,2.2811403,LOW
4.936340378408385,3.03108,LOW
0.8034655415191647,3.602014,LOW
5.3689984764731955,3.3899755,LOW
2.0147916353236752,3.9839442,LOW
2.950030381916557,3.7028728,LOW
2.498672855612652,3.6306589,LOW
3.153600405847375,3.2911682,LOW
4.847091188549612,3.0147138,LOW
1.1393329653539652,3.5659149,LOW
3.690693183668615,3.0055861,LOW
2.914734778424042,3.0621257,LOW
0.09217070806717942,3.1164758,LOW
0.034495497517545104,2.6695118,LOW
1.087707808674888,2.1648095,LOW
27.034779365951614,1.8565018,LOW
27.34269006061013,28.725357,HIGH
28.97095548995642,26.203217,HIGH
28.040149107707514,27.192589,HIGH
28.098457205128778,26.879135,HIGH
26.106941766626136,27.07127,HIGH
27.89195736527131,26.570778,HIGH
27.849445715003615,26.036858,HIGH
28.481932101768585,26.273907,HIGH
27.01129552559944,26.75227,HIGH
28.046031240826483,26.737335,HIGH
29.276413472585638,27.067501,HIGH
32.41894854256677,27.582865,HIGH
30.982609494816593,29.578442,HIGH
30.75776674988149,30.229687,HIGH
31.367540216877565,30.59201,HIGH
32.32999820010589,30.822361,HIGH
31.587737910363924,31.627829,HIGH
29.897926783218075,31.592865,HIGH
32.05528047255533,31.159086,HIGH
30.570424027430978,31.844576,HIGH
31.283501071833555,30.93989,HIGH
30.387445212176445,30.353119,HIGH
27.664132835847976,29.576485,HIGH
29.69644225835188,28.284637,HIGH
30.117132462822,27.514225,HIGH
31.087275944546374,27.273197,HIGH
28.681954960379738,28.291582,HIGH
29.838600339049982,27.722897,HIGH
24.884754719397414,28.354908,HIGH
0.0,25.78651,HIGH
0.0,2.23969,LOW
0.0,0.6899452,LOW
0.0,0.45257425,LOW
0.0,0.46765733,LOW
0.0,0.5045558,LOW
0.0,0.790519,LOW
0.0,1.0138748,LOW
0.0,1.0586947,LOW
0.0,1.0845516,LOW
0.7079989864589624,1.0845107,LOW
0.0,1.167901,LOW
0.0,1.1891137,LOW
1.5671867112462117,1.1943245,LOW
0.33954475752447877,1.2742732,LOW
0.6865018658839581,1.3273118,LOW
1.5600846518520832,1.3697016,LOW
3.154047296308949,1.3931005,LOW
0.0,1.5598137,LOW
1.0235230817361067,1.5789386,LOW
1.9803172872250716,1.5483894,LOW
1.4134746454297424,1.6131612,LOW
2.287150584778681,1.7068961,LOW
0.488750755735218,1.7697238,LOW
1.0537701991927158,1.5653118,LOW
1.391418062958925,1.5903289,LOW
0.0,1.6413722,LOW
0.7679352029999809,1.5500953,LOW
0.0,1.5075648,LOW
0.0,1.3879746,LOW
6.869990588631586,1.3286383,LOW
5.33412520696028,2.268498,LOW
6.848791285346673,3.098477,LOW
6.511034430938155,4.3163643,LOW
5.568335444751323,4.6398816,LOW
4.482746130896732,5.350826,LOW
6.465550989742043,5.7997293,LOW
6.183262423169292,6.4211655,LOW
4.876335661662868,6.5049195,LOW
7.193906440266053,6.3972173,LOW
5.1035868113360365,6.494613,LOW
4.231768973361276,6.413891,LOW
5.65468315715415,6.012669,LOW
6.755260713403794,6.0115237,LOW
9.288903648411567,6.362307,LOW
5.98146295729839,6.9739757,LOW
10.05867968733467,7.0702767,LOW
7.72404513766144,7.6419063,LOW
7.693820602507512,7.9697385,LOW
9.38648930525536,8.44804,LOW
7.041251016011552,8.79932,LOW
10.381506457913655,8.727827,LOW
6.745961012564709,9.237158,LOW
9.352705981062488,8.894609,LOW
9.222151002136062,8.9986,LOW
8.17835929425416,9.088196,LOW
8.877810163233406,9.077604,LOW
6.983551346002447,9.028503,LOW
4.1885095503383525,8.751295,LOW
6.863357626423566,7.3579073,LOW
3.219552197584191,7.294078,LOW
5.246172105514808,5.9435225,LOW
3.322343388562118,5.90445,LOW
3.2172970838407178,5.459038,LOW
3.1474550960077274,4.828002,LOW
3.962536303874022,4.445805,LOW
1.1293937247645403,4.2521024,LOW
3.0891923429424737,3.5515316,LOW
2.152791027757106,3.3614779,LOW
1.7726230268038388,3.0588393,LOW
5.99625680752687,2.8334908,LOW
5.004088027353718,3.6486049,LOW
3.180696619714944,4.0362196,LOW
3.207497439533456,4.0689526,LOW
5.817989159144576,3.817476,LOW
6.739347293790068,4.56513,LOW
6.498323236471437,5.480368,LOW
4.942025368194438,5.9929476,LOW
3.1706647136081147,5.74151,LOW
6.681370479977023,5.348532,LOW
7.0188752550595055,5.853097,LOW
8.319618604735012,6.5161777,LOW
5.100705120020185,6.940391,LOW
5.678021779867185,6.598662,LOW
4.64827380092545,6.5464582,LOW
3.6521160044123566,6.279527,LOW
5.148952455580936,5.697819,LOW
5.020886800731217,5.5869646,LOW
2.8117250782083776,5.5284224,LOW
5.114171809206261,4.9428825,LOW
24.884608084181366,4.874501,LOW
25.081393440685055,25.307331,HIGH
25.087588888065724,23.8357,MEDIUM
24.287093384276858,23.956665,MEDIUM
24.059943484678154,23.900595,MEDIUM
23.73642736013916,24.211073,MEDIUM
22.182703441450833,24.154743,MEDIUM
21.51355787581269,22.922148,MEDIUM
24.48674650980314,22.122475,MEDIUM
24.252359402352802,22.86814,MEDIUM
25.944501413939932,23.242565,MEDIUM
22.384940268974166,24.334955,MEDIUM
26.72143044572958,23.67455,MEDIUM
25.038460655574195,24.919115,MEDIUM
26.353740064509864,24.627794,MEDIUM
25.83840547769406,25.326452,HIGH
27.65132346813695,25.38897,HIGH
26.929492479837606,26.185484,HIGH
27.56074390083117,26.200787,HIGH
29.151144657016843,26.568668,HIGH
26.98191846906682,27.118254,HIGH
28.03055057779973,26.744633,HIGH
27.385581950101646,27.018526,HIGH
26.793130908881437,26.916561,HIGH
27.98789939364972,26.69973,HIGH
24.618148187017994,26.695099,HIGH
21.902041446030083,25.449661,HIGH
24.11558183113809,23.43399,MEDIUM
25.577694793354,22.65482,MEDIUM
20.53702383086285,23.39433,MEDIUM
12.389349547934646,22.292723,MEDIUM
10.276692124328424,9.68297,LOW
8.134209041356504,9.9305,LOW
8.445822335516759,9.275494,LOW
8.578075640512985,8.359915,LOW
12.713301077853021,8.541622,LOW
10.168345027406623,10.614052,MEDIUM
11.32205784905505,10.598587,MEDIUM
10.572704618650231,10.651115,MEDIUM
8.136504876292435,10.615368,MEDIUM
9.578344194255507,10.477381,MEDIUM
11.394215905291304,10.321388,MEDIUM
8.949911765824957,10.662945,MEDIUM
12.145478735751809,10.450987,MEDIUM
16.513670241968278,10.847561,MEDIUM
12.417683245015304,13.77136,MEDIUM
10.799329289830908,13.579523,MEDIUM
11.777728104138255,13.104507,MEDIUM
11.806337092804915,12.590229,MEDIUM
14.790931473687111,12.606686,MEDIUM
11.326945013490775,13.372829,MEDIUM
11.956575133283273,12.930803,MEDIUM
12.221549326214358,12.643253,MEDIUM
10.362138908698409,12.579918,MEDIUM
14.632757369834671,11.958374,MEDIUM
11.821636779805289,13.243849,MEDIUM
9.928905625647069,12.763451,MEDIUM
12.849848154910667,11.875687,MEDIUM
10.034225291156844,12.184395,MEDIUM
10.283056384221753,11.588375,MEDIUM
14.726749458581967,11.051733,MEDIUM
15.295848780746972,12.681339,MEDIUM
15.16283168855303,13.314135,MEDIUM
12.673667710347296,14.145546,MEDIUM
12.761745528366344,13.932795,MEDIUM
14.272660236009413,13.795086,MEDIUM
10.625224806674034,14.015587,MEDIUM
13.152650292411385,12.970436,MEDIUM
13.07544838481774,12.977514,MEDIUM
15.967741735064985,13.0503845,MEDIUM
11.911796773694208,14.05294,MEDIUM
14.891279722635772,13.653856,MEDIUM
12.175311403063594,14.297564,MEDIUM
16.709729663190608,13.791918,MEDIUM
14.602648733619775,15.205509,MEDIUM
16.577085626919402,15.087814,MEDIUM
16.534703841303763,15.964939,MEDIUM
14.328509220297526,16.121912,MEDIUM
15.962567175253415,15.878231,MEDIUM
16.94421883810659,15.930012,MEDIUM
15.067700914196813,16.447279,MEDIUM
16.157192165758723,15.97337,MEDIUM
15.263651494689787,16.103027,MEDIUM
18.46791447282577,15.988634,MEDIUM
16.027831046423472,16.80255,MEDIUM
16.171894664632262,16.50536,MEDIUM
11.424580701964597,16.492933,MEDIUM
12.836430751809964,14.815674,MEDIUM
13.125991460470747,13.797859,MEDIUM
13.26836787786641,13.451885,MEDIUM
23.78929807596943,13.331619,MEDIUM
22.72778833749755,22.880436,MEDIUM
21.49326491339616,22.373924,MEDIUM
21.492348150733157,22.19714,MEDIUM
21.631373704330272,22.054008,MEDIUM
18.823587465782808,21.865799,MEDIUM
21.781964557139275,20.553806,MEDIUM
22.920009402266793,20.284857,MEDIUM
21.243064303170712,21.206266,MEDIUM
22.57671619223835,21.47691,MEDIUM
17.686204489153965,21.852901,MEDIUM
21.052214997892573,20.487339,MEDIUM
24.552112627995164,20.457726,MEDIUM
23.900383251328883,21.683292,MEDIUM
25.1188712971923,22.971838,MEDIUM
23.915388265476583,24.127735,MEDIUM
23.849234857498317,24.063278,MEDIUM
28.458711670100833,24.091328,MEDIUM
24.669952484534733,25.928019,HIGH
25.551935757480244,25.315609,HIGH
26.200867046143518,25.104584,HIGH
23.688726759668523,25.078012,HIGH
23.607462689619368,24.453407,MEDIUM
25.718648294489583,23.573696,MEDIUM
21.79796740955054,23.905762,MEDIUM
23.577378820762398,23.155298,MEDIUM
23.726755939627672,22.76878,MEDIUM
23.09871165356865,22.43882,MEDIUM
20.423384024856347,22.608042,MEDIUM
22.25086794288174,21.467716,MEDIUM
6.95079297127654,21.47506,MEDIUM
8.178337444872819,4.9240212,LOW
6.061866503707243,6.4464736,LOW
7.456123706091748,5.4207697,LOW
5.249835319019411,6.1729183,LOW
5.269186165769166,6.1038795,LOW
6.43848846473771,6.3991127,LOW
4.234315323678535,6.894365,LOW
3.4461802151345413,6.3803005,LOW
6.448787268834768,5.4738564,LOW
6.9769913802964325,5.805699,LOW
8.278139997001727,6.15003,LOW
8.631295178482533,6.7437825,LOW
8.957252826131771,7.0453544,LOW
9.559564198592685,7.5793204,LOW
8.779579187779571,8.490795,LOW
7.614239967255788,9.131968,LOW
8.79943416307903,9.121563,LOW
7.103068539296583,9.282625,LOW
7.3263734603445325,9.012105,LOW
12.415808595889823,8.658856,LOW
9.114068297735814,10.3839855,MEDIUM
10.323244752308181,10.026466,MEDIUM
9.783239966518261,10.163158,MEDIUM
4.967752031631578,10.059446,MEDIUM
6.9351442509072605,8.945408,LOW
7.838097111134573,8.397154,LOW
4.695141573299944,8.308611,LOW
4.925166857674611,7.48784,LOW
3.7518127741601432,6.8751445,LOW
19.884616629523542,5.8471866,LOW
15.857729455425492,19.613523,MEDIUM
19.1704707309282,16.743002,MEDIUM
19.63953703039785,17.079468,MEDIUM
17.23217258702084,17.46827,MEDIUM
15.49098610628183,17.70251,MEDIUM
16.245733261976785,16.91146,MEDIUM
16.009982146879967,16.31141,MEDIUM
16.14864105255198,16.21873,MEDIUM
15.954898192668425,16.150587,MEDIUM
15.096257666681513,16.137344,MEDIUM
18.866263112867713,15.992802,MEDIUM
18.021466915072995,16.939898,MEDIUM
17.46893876361049,17.440027,MEDIUM
17.595712224266087,17.718369,MEDIUM
20.685439824886494,17.658302,MEDIUM
18.65870029204623,18.823723,MEDIUM
19.136760895591042,18.89695,MEDIUM
20.517785798448582,19.018785,MEDIUM
21.348786956814926,19.394386,MEDIUM
18.05803386000411,20.073713,MEDIUM
17.86020839225484,19.430756,MEDIUM
17.27002369466085,18.424454,MEDIUM
19.601655548503487,17.766937,MEDIUM
20.358987599020608,18.27392,MEDIUM
19.33458774095093,18.939732,MEDIUM
16.620485297466747,18.961658,MEDIUM
20.919390264930474,18.189404,MEDIUM
18.79944216214803,19.080154,MEDIUM
20.002694402495443,18.835136,MEDIUM
7.342980102969451,19.127502,MEDIUM
6.986265905484466,6.5886855,LOW
6.716503790466813,6.821498,LOW
4.261732730483136,6.5865045,LOW
4.959142723676772,5.3422813,LOW
7.89884275696425,5.021737,LOW
6.8989955415512085,6.51137,LOW
7.92575156077303,7.329452,LOW
8.307782044164384,7.4897504,LOW
4.402038553896766,7.582004,LOW
8.886445680393749,7.4204535,LOW
8.219957348935276,8.415654,LOW
6.375605564596748,8.77055,LOW
4.49148898476653,8.582691,LOW
8.773471574319766,7.7268367,LOW
9.116873804600555,8.534643,LOW
7.5552440917143,8.834581,LOW
8.51043118110366,8.883514,LOW
10.354915546769556,8.84112,LOW
7.35153662727528,9.598864,LOW
8.39676988863939,9.619429,LOW
8.442214696858512,9.772358,LOW
7.683394889688678,9.719784,LOW
9.67382991769819,9.55867,LOW
8.497512129716426,9.882635,LOW
7.3284398944935845,9.594391,LOW
7.473152430000674,9.1215515,LOW
6.825006329711455,8.954433,LOW
7.500100285111007,8.667946,LOW
4.101505215943677,8.543756,LOW
11.493556844592486,7.7410026,LOW
12.031871368922355,10.5210285,MEDIUM
10.16918944420388,10.545034,MEDIUM
8.442609635761603,10.472153,MEDIUM
11.28871917126194,10.067701,MEDIUM
7.797183228777319,10.71176,MEDIUM
8.777460547688673,10.382811,MEDIUM
13.055132967408865,10.216555,MEDIUM
11.764096826318129,11.17308,MEDIUM
11.065913966528424,11.304386,MEDIUM
9.09500745973057,11.531061,MEDIUM
11.429355977540263,10.897018,MEDIUM
8.275495124020587,11.385515,MEDIUM
10.645430059799857,10.868227,MEDIUM
11.945411971671842,10.994997,MEDIUM
14.745042198183638,11.485218,MEDIUM
14.640812377895315,12.886251,MEDIUM
11.766526593193262,13.621944,MEDIUM
10.678377073610008,13.498619,MEDIUM
14.268233694371151,12.8889675,MEDIUM
10.250318607777158,13.949682,MEDIUM
10.846530959993565,12.927258,MEDIUM
13.58706647874816,12.338753,MEDIUM
13.990979290566537,12.926487,MEDIUM
12.641872920814434,13.205807,MEDIUM
11.448790171397215,13.338818,MEDIUM
11.61489723968388,12.957476,MEDIUM
9.05153108605873,12.857716,MEDIUM
10.101718545967183,11.632153,MEDIUM
9.846813695579446,11.088572,MEDIUM
31.64717821908472,10.898384,MEDIUM
32.58135907612697,30.841946,HIGH
29.962664187776703,30.923182,HIGH
30.06121933656887,30.32214,HIGH
29.89099611198276,30.004372,HIGH
31.100318214307155,29.600983,HIGH
28.969244786106554,29.993746,HIGH
30.918573607364618,28.304703,HIGH
28.08117769520166,28.941193,HIGH
31.9588408500634,28.00681,HIGH
30.402588936221527,29.310873,HIGH
30.437281664234924,29.627096,HIGH
32.68471762359812,29.5849,HIGH
31.510717822672785,30.641577,HIGH
32.007997903941366,31.240118,HIGH
32.07527654843226,31.347588,HIGH
33.85519539051832,31.11961,HIGH
36.53062084508218,32.192173,HIGH
32.913243180331705,34.134705,HIGH
32.00909910215633,33.872128,HIGH
34.34953619341367,33.229435,HIGH
32.37168802874713,33.587265,HIGH
31.818840901262533,32.62871,HIGH
33.50690515333134,31.150553,HIGH
31.375061217227895,30.691402,HIGH
31.93394557419768,30.669474,HIGH
32.95404526866053,30.324833,HIGH
32.502552760779366,30.047855,HIGH
30.597624725095056,30.63819,HIGH
34.56235096237338,29.792713,HIGH
0.11308919190835187,31.035927,HIGH
0.0,2.5996904,LOW
3.4159872613999207,1.003761,LOW
0.0,0.8807312,LOW
0.0,0.9470477,LOW
0.0,1.0069077,LOW
0.0,1.188518,LOW
0.0,1.3092889,LOW
0.8084181820805507,1.2926906,LOW
0.0,1.2400355,LOW
2.4807010164249785,1.1949155,LOW
1.6995335574013755,1.325868,LOW
2.011794051018158,1.3989695,LOW
1.8300359724328947,1.5190936,LOW
1.6376624947715062,1.6366285,LOW
2.5325014899894223,1.697262,LOW
3.741849603027314,2.0783439,LOW
0.6577399813309572,2.5382524,LOW
4.036909842216584,2.2664478,LOW
1.1406868853342438,2.613939,LOW
3.2547981923018243,2.4093733,LOW
0.0,2.7782493,LOW
2.1109484403943686,2.3257875,LOW
0.10731663696045501,2.2236483,LOW
1.1285676642480915,1.9705911,LOW
0.0,1.8153104,LOW
0.0,1.616944,LOW
2.1942282852106905,1.4422143,LOW
0.0,1.5292764,LOW
4.014012423562363,1.4505519,LOW
9.644772564637174,1.6992292,LOW
9.695702148039349,6.858185,LOW
7.930375693492472,7.352482,LOW
7.879680317622038,7.7127194,LOW
9.417325027702104,7.557865,LOW
7.4757246402034365,8.300262,LOW
9.965089771247543,8.813347,LOW
8.382027605803312,9.291767,LOW
9.825038460858153,9.098383,LOW
9.177407888155052,9.342943,LOW
4.920999025246015,9.458349,LOW
11.019766867510317,8.539385,LOW
8.43287530367761,9.655666,LOW
11.408577626010025,9.394934,LOW
8.33076985762233,9.8819275,LOW
13.12733014464147,9.686241,LOW
11.241530316631389,10.755428,MEDIUM
9.109237778410108,10.82798,MEDIUM
9.361909668385087,10.815258,MEDIUM
12.411464624825493,10.505316,MEDIUM
9.670694526610497,11.0541115,MEDIUM
11.70463255033607,10.809656,MEDIUM
8.654138782805987,11.095064,MEDIUM
10.291141849490325,10.582129,MEDIUM
9.72942222082317,10.529047,MEDIUM
7.483573599281625,10.480598,MEDIUM
7.534221826500495,9.911459,LOW
10.73366808887274,9.172623,LOW
9.513100992053053,9.822758,LOW
8.810596147927082,9.735754,LOW
0.0,9.599192,LOW
0.8704730026676026,1.8170698,LOW
0.0,0.9064375,LOW
0.0,0.8838717,LOW
0.0,0.9613205,LOW
0.0,1.1867694,LOW
0.0,1.0413246,LOW
0.0,1.0200694,LOW
0.0,0.95981157,LOW
0.0,0.9589453,LOW
0.0,1.0031773,LOW
0.0,0.9905354,LOW
0.0,1.0254935,LOW
0.0,1.0464239,LOW
0.0,1.0633763,LOW
0.0,1.0823344,LOW
1.0429477988092337,1.1085104,LOW
0.7316900613032686,1.1866761,LOW
3.712665235894704,1.2259958,LOW
0.0,1.4703304,LOW
2.5318182391368804,1.4853165,LOW
0.2176801695617243,1.6392901,LOW
0.0,1.6351905,LOW
0.7742720873973985,1.5168196,LOW
0.1009933912134553,1.4998356,LOW
0.4050155539680098,1.382218,LOW
0.4860946972599285,1.3638686,LOW
0.0,1.2602761,LOW
0.0,1.1367242,LOW
0.0,1.1363904,LOW
27.846806988744074,1.1015623,LOW
29.580766793279217,30.000154,HIGH
26.579106197137808,27.56286,HIGH
26.920503679947885,26.935501,HIGH
27.054094874725067,26.807327,HIGH
26.496045477706133,26.774328,HIGH
27.567086533235226,26.769207,HIGH
28.60377945991613,26.066021,HIGH
28.672244223360323,26.57999,HIGH
27.680680721945535,27.279654,HIGH
26.84210710655216,27.03078,HIGH
28.05106736645375,26.438923,HIGH
29.072475845350784,26.472494,HIGH
27.18980609895803,27.043896,HIGH
27.17461868565774,27.094309,HIGH
32.86116687809079,27.208553,HIGH
30.193618905521788,30.36898,HIGH
30.593684548449186,30.3689,HIGH
31.31920465150681,30.519665,HIGH
28.35771546249775,30.487873,HIGH
28.042769033600756,29.481522,HIGH
29.809880997076654,28.738514,HIGH
28.89413561536987,28.37017,HIGH
28.621354639207205,28.080463,HIGH
28.07133652178779,27.674303,HIGH
28.3189157686338,26.840712,HIGH
27.093149792782306,26.976034,HIGH
28.356118416186117,26.32422,HIGH
27.65030899827828,26.400242,HIGH
27.958455504727432,26.405495,HIGH
5.007878325558879,26.434319,HIGH
3.2753684525217093,4.5626297,LOW
4.690380608663302,3.7353568,LOW
3.3995499465760837,2.6774535,LOW
1.9840906012899673,2.2260623,LOW
2.54068865516615,2.2895634,LOW
6.511083045346057,2.6434906,LOW
3.0528364051093746,4.3491087,LOW
2.1520386000697247,4.334374,LOW
4.870760707142447,3.7157936,LOW
3.7414731082348673,3.805964,LOW
1.0413444648602965,4.0657983,LOW
2.662601323958288,3.6661386,LOW
4.901624857475097,3.2395942,LOW
4.409432617912637,3.47374,LOW
3.526753793455665,3.9158697,LOW
5.647882857857505,3.7861428,LOW
6.842163728078912,4.0722265,LOW
7.284429324655193,5.0620127,LOW
6.185417985500976,6.107797,LOW
4.23064312994166,6.4284444,LOW
2.663135709534302,6.0421085,LOW
6.698460580346751,5.302367,LOW
5.719912761659401,5.819422,LOW
4.733386774341561,6.0337462,LOW
4.0832108876163975,5.871739,LOW
7.334903964160871,5.3076496,LOW
3.393985376602389,5.7340894,LOW
2.0082042210834707,5.616073,LOW
2.5756591824983186,4.6287875,LOW
23.593868929572945,4.0084677,LOW
21.755093265280742,24.551926,MEDIUM
23.16605073142511,22.152306,MEDIUM
21.316070448036207,21.987675,MEDIUM
23.246767814108765,21.684444,MEDIUM
21.539911811692996,22.224571,MEDIUM
19.503546128133507,22.029726,MEDIUM
20.972531496792353,20.942509,MEDIUM
21.79919140826462,20.640255,MEDIUM
22.527652587920127,20.903751,MEDIUM
22.082001163587158,21.600235,MEDIUM
21.201639055950345,21.87806,MEDIUM
24.29852745360716,21.677849,MEDIUM
23.766947384636424,22.768927,MEDIUM
23.71490583378363,23.049694,MEDIUM
22.683966003595554,23.344486,MEDIUM
24.460988069936796,23.003681,MEDIUM
23.84209317315603,23.541359,MEDIUM
24.377274600003208,23.56559,MEDIUM
22.912772336900115,23.74622,MEDIUM
26.04255076184662,23.510769,MEDIUM
24.484406187053892,24.369932,MEDIUM
25.090956344425965,24.101229,MEDIUM
19.370393745658983,24.25827,MEDIUM
23.696499722010415,21.6151,MEDIUM
25.899260510043177,22.462292,MEDIUM
20.345865915234825,23.551863,MEDIUM
23.322828677258848,22.393902,MEDIUM
23.381124246357896,22.447876,MEDIUM
22.86630558036929,22.484955,MEDIUM
0.0,22.555416,MEDIUM
0.0,1.089622,LOW
0.0,0.2941866,LOW
0.0,0.3383268,LOW
0.0,0.36214805,LOW
0.0,0.43181336,LOW
0.0,0.695012,LOW
0.0,0.89556324,LOW
0.0,0.906252,LOW
0.0,0.9320135,LOW
0.0,0.92752886,LOW
0.0,0.9976554,LOW
0.0,1.0154468,LOW
0.0,0.9814521,LOW
1.5108312285236956,0.96123755,LOW
1.2074158053329214,1.0843685,LOW
0.2902765927876132,1.1819593,LOW
1.425739846249792,1.2252245,LOW
0.946854202431636,1.26587,LOW
2.0556211304599348,1.3121828,LOW
0.13082962828308453,1.5423422,LOW
3.4678886965357183,1.5447793,LOW
0.5194779182858813,1.806655,LOW
0.27120397509568406,1.720534,LOW
0.6547208740774231,1.6351532,LOW
0.0,1.598219,LOW
0.0,1.5119971,LOW
0.6021462798165356,1.4718275,LOW
0.0,1.3393348,LOW
0.7273221564508283,1.2530439,LOW
10.899551690657358,1.2801195,LOW
11.004430348926894,9.848532,LOW
8.55839360083132,9.924553,LOW
10.00566020465251,8.752042,LOW
7.019055756479087,8.405504,LOW
9.360583073909815,8.448148,LOW
9.581532455797426,9.208351,LOW
9.758336590840615,9.846001,LOW
9.944219219630671,9.883009,LOW
10.688020508482936,9.841984,LOW
10.730995861301423,10.245419,MEDIUM
9.877689109732758,10.416086,MEDIUM
10.975854718333032,10.585377,MEDIUM
10.411310580490909,10.775593,MEDIUM
8.858205780373927,10.80279,MEDIUM
12.207047190496498,10.632629,MEDIUM
13.590787421310292,11.008848,MEDIUM
11.800881046025284,11.823643,MEDIUM
12.20557777622027,12.013063,MEDIUM
13.700723579570182,12.3169365,MEDIUM
10.289156223353224,12.87705,MEDIUM
10.688664929392347,12.296804,MEDIUM
12.885722788926307,11.886246,MEDIUM
12.270758866705913,12.351789,MEDIUM
13.689899353138387,12.427372,MEDIUM
10.77766737593533,13.03887,MEDIUM
11.65987385770512,12.299328,MEDIUM
8.239943006861052,12.130421,MEDIUM
12.417140224699029,10.91596,MEDIUM
9.006137937640782,11.252602,MEDIUM
7.021984334933329,10.833622,MEDIUM
6.296447288081197,9.2480755,LOW
8.802638430988637,8.4577055,LOW
8.025793575371662,8.521126,LOW
6.154224440721779,8.508549,LOW
4.950388924162825,8.293535,LOW
5.218037922160946,7.2150464,LOW
5.025156068823801,6.7804112,LOW
5.190487219284657,6.345392,LOW
5.018158767753812,6.134973,LOW
6.853930541645452,5.8886423,LOW
8.169821182137753,6.0601163,LOW
8.178627247650272,6.513708,LOW
6.8708072233626245,6.9581027,LOW
8.0992625927279,7.207115,LOW
8.246531899410012,7.57455,LOW
7.700798671450505,8.104023,LOW
11.97960401516223,8.419477,LOW
8.383878868593198,9.774765,LOW
8.31572199469991,9.561167,LOW
8.328735499300542,9.355804,LOW
9.248723494686104,9.212427,LOW
8.331345549823082,9.487957,LOW
7.277800858081463,9.340444,LOW
6.297344687978385,8.795844,LOW
11.458386998124126,8.30883,LOW
8.185368253793449,9.482448,LOW
5.90343582301946,9.187109,LOW
4.991985909922139,8.422203,LOW
5.190141945578046,7.2219996,LOW
14.686802892871683,6.5848017,LOW
13.297836182382966,16.512169,MEDIUM
15.695730695736824,14.730637,MEDIUM
15.127248503962887,14.965769,MEDIUM
12.927286545612409,14.892107,MEDIUM
14.34679733296865,14.669844,MEDIUM
12.825519264139276,15.004549,MEDIUM
14.8122013773777,14.543552,MEDIUM
12.362726090683244,14.919594,MEDIUM
15.193605054034862,14.203308,MEDIUM
14.917734435263762,14.980743,MEDIUM
12.83046376752857,15.065016,MEDIUM
12.972238594195238,14.532312,MEDIUM
16.320978782830725,14.303585,MEDIUM
16.025892356305683,15.468248,MEDIUM
16.437940274514546,15.874411,MEDIUM
14.669676141772712,16.3667,MEDIUM
15.136506120035966,16.055895,MEDIUM
15.425375426427612,16.119253,MEDIUM
15.71396319354226,16.093983,MEDIUM
17.46485952036111,16.153088,MEDIUM
16.836936266497343,16.784594,MEDIUM
16.678685416334588,16.912672,MEDIUM
15.529224424867978,16.98231,MEDIUM
15.0060607921546,16.615162,MEDIUM
17.76860512203954,16.225552,MEDIUM
15.199221193499234,16.745235,MEDIUM
15.01708907494479,16.27438,MEDIUM
12.88355814694028,16.083776,MEDIUM
11.574580347652777,15.056149,MEDIUM
33.738293973250116,13.906645,MEDIUM
29.856893124895144,34.330845,HIGH
29.814252394979484,30.976196,HIGH
30.111721146173316,30.446594,HIGH
28.267302924123065,30.06177,HIGH
31.095836918751342,29.05907,HIGH
30.294078392795665,29.860489,HIGH
28.992108308589863,27.926834,HIGH
33.044364824221674,28.433302,HIGH
31.567761977463565,30.59854,HIGH
31.508733168965072,31.069199,HIGH
29.570749799526855,31.386799,HIGH
30.968143041039568,30.54246,HIGH
32.22908200109016,30.544827,HIGH
31.358420303906357,30.802553,HIGH
31.37629107477965,30.156904,HIGH
31.20664791604022,30.329075,HIGH
33.991263504396365,30.611797,HIGH
33.53077522877224,32.12623,HIGH
34.192370763297625,32.569008,HIGH
34.08889546521065,33.286324,HIGH
31.16972276468634,33.858856,HIGH
33.63293896682648,32.67313,HIGH
31.241926627047942,32.820923,HIGH
31.691299043371387,31.327097,HIGH
31.060240604801223,31.10268,HIGH
32.33148438961922,29.778341,HIGH
30.93867162799286,29.89852,HIGH
32.6707514868833,29.571087,HIGH
29.988120254997096,29.591204,HIGH
0.0,28.960419,HIGH
0.0,0.5089704,LOW
0.0,-0.044829965,LOW
0.0,0.23663509,LOW
0.0,0.23508823,LOW
0.0,0.46128106,LOW
0.0,0.53987265,LOW
0.0,0.655239,LOW
0.0,0.75156343,LOW
0.0,0.71368563,LOW
0.0,0.7025013,LOW
0.0,0.76618564,LOW
0.0,0.7175591,LOW
0.0,0.7414448,LOW
0.0,0.6919131,LOW
0.0,0.6467339,LOW
0.0,0.6632954,LOW
0.0,0.691164,LOW
0.0,0.6616521,LOW
0.0,0.68819296,LOW
0.0,0.7076204,LOW
0.0,0.66978514,LOW
0.0,0.7028725,LOW
0.0,0.7431954,LOW
0.0,0.68370557,LOW
0.0,0.8145417,LOW
0.0,0.779804,LOW
0.0,0.73841465,LOW
0.0,0.65425134,LOW
0.0,0.7058368,LOW
0.0,0.7575954,LOW
0.0,0.7467209,LOW
0.0,0.77692103,LOW
0.0,0.778193,LOW
0.0,0.767468,LOW
0.0,0.7042217,LOW
0.0,0.8096727,LOW
0.0,0.89315104,LOW
0.0,0.8895843,LOW
0.0,0.86270547,LOW
0.0,0.85598636,LOW
0.0,0.87405944,LOW
0.0,0.8856354,LOW
0.0,0.89381254,LOW
2.2985317027092123,0.9561418,LOW
0.163227466598439,1.1187837,LOW
0.2737256631205671,1.1446974,LOW
0.9251301235632567,1.1850618,LOW
0.0,1.2545797,LOW
0.0,1.3354995,LOW
0.033737521002160875,1.4011354,LOW
0.21897928609677386,1.3304552,LOW
0.0,1.3178484,LOW
0.8662161217105719,1.3150848,LOW
0.0,1.3016951,LOW
0.40213160376047696,1.2748051,LOW
0.0,1.3082575,LOW
0.0,1.2793332,LOW
0.0,1.233098,LOW
0.0,1.1600355,LOW
19.033395748276682,1.0595948,LOW
20.916561847637514,19.902405,MEDIUM
20.379163942324215,19.312092,MEDIUM
19.575600300258134,19.299284,MEDIUM
17.66805699647805,19.022676,MEDIUM
19.322971758297413,18.344093,MEDIUM
19.97673618776741,18.690277,MEDIUM
19.10842708652165,18.888233,MEDIUM
22.830915482430786,18.75239,MEDIUM
18.490153165692313,20.307737,MEDIUM
18.376954974428642,19.858833,MEDIUM
19.910978850863103,19.037762,MEDIUM
20.704067662514674,18.795536,MEDIUM
21.421078801804242,19.41977,MEDIUM
20.869657841935695,20.17825,MEDIUM
23.032764050481507,20.544128,MEDIUM
24.526914528082326,21.478619,MEDIUM
23.910985783102387,22.71894,MEDIUM
22.235262450689536,23.241207,MEDIUM
20.655878129723312,22.899656,MEDIUM
23.091724346511786,21.888016,MEDIUM
24.264124123341166,21.691946,MEDIUM
19.89048287208816,22.274082,MEDIUM
23.714301843573224,21.479195,MEDIUM
24.88522846312222,21.946693,MEDIUM
20.836044656841516,22.889317,MEDIUM
21.522881459037794,22.36576,MEDIUM
19.71488139175589,21.448719,MEDIUM
20.12918776136382,20.421867,MEDIUM
17.547974980299543,19.535675,MEDIUM
26.74109419887852,18.15688,MEDIUM
26.933013534392394,26.444916,HIGH
24.84665982299157,26.76654,HIGH
23.72371015554963,26.151203,HIGH
24.556379695180276,25.512487,HIGH
23.228626634913084,25.282274,HIGH
23.552011654662024,24.30318,MEDIUM
23.61212503348729,23.018639,MEDIUM
21.748238604717056,23.046074,MEDIUM
23.92245827484394,22.65387,MEDIUM
21.145019840996376,22.94156,MEDIUM
23.14165034574721,22.225502,MEDIUM
24.334111198112986,22.428143,MEDIUM
23.06186257601209,23.017075,MEDIUM
27.663806249125123,23.216782,MEDIUM
24.82009010324146,25.238134,HIGH
24.39649215058182,24.984604,MEDIUM
28.917252912914215,25.06023,HIGH
25.98512804779808,26.75114,HIGH
24.23698384766989,26.184975,HIGH
26.286719105841154,25.479034,HIGH
26.401508616911624,25.164654,HIGH
28.80608939416831,25.128391,HIGH
25.020137428067002,26.286137,HIGH
25.97877985374994,25.17313,HIGH
25.230887525033648,25.791618,HIGH
22.166894553369715,25.320194,HIGH
24.622613467493483,23.739098,MEDIUM
23.973217774748512,23.601482,MEDIUM
23.527833477714516,22.70427,MEDIUM
23.083573999860224,22.71941,MEDIUM
19.131622313866835,21.511929,MEDIUM
19.340118378795033,19.88897,MEDIUM
21.234824666850898,18.78506,MEDIUM
19.853195467291783,19.276293,MEDIUM
18.88086892608392,19.410194,MEDIUM
18.71859905273064,19.047436,MEDIUM
17.18306241343244,18.654984,MEDIUM
21.041627134583194,18.193207,MEDIUM
23.0339212946445,19.010616,MEDIUM
20.19742213430027,20.53875,MEDIUM
21.249693157028418,20.715517,MEDIUM
20.719399771182207,20.89859,MEDIUM
21.091050493610453,20.856707,MEDIUM
21.050925096175526,20.862839,MEDIUM
23.725538896058048,20.83783,MEDIUM
24.674775150482553,21.917624,MEDIUM
20.723668007942198,23.066044,MEDIUM
21.94392641702283,22.448593,MEDIUM
24.856606344196475,21.95391,MEDIUM
23.81862037916075,22.77752,MEDIUM
22.937738320706067,23.219215,MEDIUM
23.62856914948224,23.097256,MEDIUM
22.906886648347555,23.267338,MEDIUM
22.50686637768888,23.014097,MEDIUM
22.407915856458352,22.550888,MEDIUM
22.150004556188357,22.205214,MEDIUM
18.81738719669804,21.848068,MEDIUM
20.15744467804294,20.549759,MEDIUM
19.781792430568515,19.687206,MEDIUM
5.369390977097076,19.349758,MEDIUM
2.1012886459621836,4.1363864,LOW
2.563045346038191,2.9460835,LOW
4.833470881909156,1.8663776,LOW
4.6487287412261455,2.2190256,LOW
5.042836741988113,2.711121,LOW
1.383465526996261,4.2609873,LOW
5.136281683741661,3.911358,LOW
2.0052266442947353,4.262405,LOW
2.3338378429604383,4.1688566,LOW
4.487597752608817,3.8033602,LOW
5.498116055391158,3.902226,LOW
3.916835631546631,4.1958504,LOW
7.131897242191471,4.401114,LOW
2.8985930811062204,5.052623,LOW
4.992285718426281,4.902919,LOW
5.9336385107082315,5.345524,LOW
8.041097098738046,5.7840376,LOW
7.373428133738663,6.604998,LOW
5.587357135955637,7.0022154,LOW
7.104110812998135,6.854654,LOW
6.040087356733517,6.940022,LOW
4.289915576175501,7.253557,LOW
4.979947503458703,6.869321,LOW
3.0585619303712637,6.5223994,LOW
5.990359261001942,5.5780315,LOW
5.957221318343828,5.7197824,LOW
3.6619753284058785,5.8591557,LOW
4.828805843694385,5.495014,LOW
5.413525597163138,5.2252045,LOW
9.996589886239772,5.346813,LOW
8.733827533090698,6.485986,LOW
9.870320653953614,7.0415983,LOW
8.338912123873621,7.5412784,LOW
7.238517132858916,7.702285,LOW
9.012460023649844,8.106016,LOW
10.604731375465235,8.7017765,LOW
8.275905674298503,9.559877,LOW
10.465813548490088,9.3196125,LOW
8.392212863223023,9.629524,LOW
7.691050645898031,9.465929,LOW
8.762735334296508,9.357846,LOW
13.07618078466539,9.481951,LOW
11.265721433953608,10.535507,MEDIUM
9.063886387330939,10.645754,MEDIUM
9.896088776452828,10.503263,MEDIUM
13.326770268846863,10.321371,MEDIUM
13.373306263240053,11.335802,MEDIUM
11.683346955152636,11.993322,MEDIUM
12.954286717280642,12.261715,MEDIUM
10.607790666757033,12.369091,MEDIUM
8.807216892069746,12.042017,MEDIUM
11.551300916806625,10.988571,MEDIUM
13.078194178817789,11.020508,MEDIUM
12.024214395357841,11.62816,MEDIUM
10.56483751963286,11.78723,MEDIUM
11.426433410931576,11.40897,MEDIUM
10.226262917245847,11.366131,MEDIUM
8.52175234015032,11.209475,MEDIUM
6.215137443327549,10.624723,MEDIUM
11.33931105343178,8.855854,LOW
12.137044746055507,10.079798,MEDIUM
9.21592521671812,10.423355,MEDIUM
11.369117655409354,10.262657,MEDIUM
11.86061055701963,10.464523,MEDIUM
12.812784759915196,10.724781,MEDIUM
9.965284047220926,11.500641,MEDIUM
8.118554017316344,11.340654,MEDIUM
10.094621038652592,10.536737,MEDIUM
11.334772785815833,10.355015,MEDIUM
8.671098551616794,10.567459,MEDIUM
12.994081379924092,10.431734,MEDIUM
13.092464857871434,11.050207,MEDIUM
14.448197259387143,11.379194,MEDIUM
12.755021510486824,12.597073,MEDIUM
15.135204866020306,12.851791,MEDIUM
12.231963873799872,13.801567,MEDIUM
14.71624655941441,13.585083,MEDIUM
12.333124795164714,14.197853,MEDIUM
14.97070332780143,13.733032,MEDIUM
14.304510194893325,14.1960335,MEDIUM
14.442819892009911,14.110561,MEDIUM
13.131906400379446,14.377001,MEDIUM
10.177659729744489,13.911312,MEDIUM
12.923224377084926,12.902884,MEDIUM
9.163397406293896,12.691109,MEDIUM
11.566188512864759,11.347143,MEDIUM
11.393938567173606,11.171732,MEDIUM
11.056970930261269,11.336336,MEDIUM
9.39788633871906,11.250372,MEDIUM
37.25893508504113,10.728325,MEDIUM
35.615776635126885,36.273304,HIGH
38.883107898877114,34.36406,HIGH
37.025372269241736,36.153423,HIGH
36.17571452673894,36.06329,HIGH
35.99730595592145,35.47649,HIGH
34.91394488162424,35.60544,HIGH
33.90949540837142,33.444702,HIGH
35.54355741448089,33.016945,HIGH
36.904393670824874,31.915113,HIGH
39.32477918389271,33.810963,HIGH
38.90609008929895,36.36953,HIGH
38.71829606691332,37.62097,HIGH
36.52199299547092,38.730045,HIGH
39.81096474712521,38.63077,HIGH
39.100263569690284,39.2039,HIGH
39.038862067855625,38.538677,HIGH
37.80211403972599,37.666424,HIGH
39.10210948982279,37.770485,HIGH
42.265000798346854,37.894207,HIGH
38.57126273920181,39.258686,HIGH
38.30291210817983,39.0808,HIGH
40.084158258691396,38.39407,HIGH
38.95768475728599,38.173504,HIGH
36.20997759672031,37.346745,HIGH
38.1073341605207,35.42525,HIGH
37.019946203394746,35.178852,HIGH
35.07126451291647,36.180965,HIGH
36.19740623154116,33.618595,HIGH
36.47246248766216,32.57615,HIGH
9.144159590764424,32.47506,HIGH
8.511176891977259,7.3114076,LOW
8.886358859408992,8.305708,LOW
10.030279446785583,8.494251,LOW
11.092126284694329,8.046444,LOW
7.042464010645562,9.044113,LOW
7.180882803318973,9.431015,LOW
6.770052805400845,8.873329,LOW
12.931656015748587,8.527244,LOW
9.5866709681034,10.5789585,MEDIUM
10.516139343150197,10.256971,MEDIUM
8.717520587065817,10.255878,MEDIUM
11.418359077819058,9.900534,LOW
13.207560169829748,10.583057,MEDIUM
12.302401829193913,11.200691,MEDIUM
10.309414740910432,11.748589,MEDIUM
12.182740364301113,11.265816,MEDIUM
10.553091895559565,11.731186,MEDIUM
10.178886843721404,11.484743,MEDIUM
14.168476709176636,11.215818,MEDIUM
12.028303271753195,12.412516,MEDIUM
13.190311627665878,12.293964,MEDIUM
11.542021667310152,12.732668,MEDIUM
10.257544553273828,12.378757,MEDIUM
12.442768227268571,11.910002,MEDIUM
10.582645856836915,11.961433,MEDIUM
12.268938717699129,11.542299,MEDIUM
9.082507516642371,11.825924,MEDIUM
6.779798731788199,10.943527,MEDIUM
8.044126338621377,9.635014,LOW
24.772358351445778,9.210514,LOW
26.009733433967988,25.419714,HIGH
23.074427825003333,24.489939,MEDIUM
22.99987938007977,23.793678,MEDIUM
23.185811945966854,23.432955,MEDIUM
22.491403496967134,23.481035,MEDIUM
24.750572579303068,23.072063,MEDIUM
21.391044505053472,23.09158,MEDIUM
25.42180281356076,22.320345,MEDIUM
22.02403176569687,23.536884,MEDIUM
23.65221966432976,22.753693,MEDIUM
22.57392901474706,23.137356,MEDIUM
24.1647965033944,22.742603,MEDIUM
27.587979992750704,23.317976,MEDIUM
25.120118258727693,25.064339,HIGH
26.25786283240968,25.182774,HIGH
23.735085236390965,25.644407,HIGH
25.545830808005718,24.80369,MEDIUM
27.028090650163854,24.866194,MEDIUM
25.884752602215546,25.160423,HIGH
25.727643204746087,25.19357,HIGH
25.48023629746282,25.094566,HIGH
25.92407728092578,24.994122,MEDIUM
25.15738911458533,24.977676,MEDIUM
26.98258646160682,24.505762,MEDIUM
22.651562387385283,24.900444,MEDIUM
24.138979487695547,23.735636,MEDIUM
28.908984967982185,23.548214,MEDIUM
25.43665914693731,25.688812,HIGH
22.048040232619357,25.40686,HIGH
38.014042973148165,23.71558,MEDIUM
35.38477586257098,34.31808,HIGH
34.097724028962354,33.631786,HIGH
35.27778635541314,34.136745,HIGH
34.96065698443552,34.36191,HIGH
34.8918492320156,34.44205,HIGH
33.48102897106858,34.098545,HIGH
31.51810091802905,31.680557,HIGH
34.68340370867202,31.918653,HIGH
33.997964676048376,31.988304,HIGH
35.859053638319935,31.39669,HIGH
36.2156392194629,32.40242,HIGH
34.69385235542066,34.61456,HIGH
35.690950589168516,35.178436,HIGH
37.8915567411305,35.584034,HIGH
35.42532646782249,36.381123,HIGH
38.08809911243239,35.937134,HIGH
38.18579707885218,36.65218,HIGH
37.70230682708263,37.461838,HIGH
36.64684679110076,37.88052,HIGH
36.92858844114681,37.555325,HIGH
36.507907676427976,36.996056,HIGH
38.98884740758713,36.168777,HIGH
37.089350301542716,35.635235,HIGH
38.221373301038014,35.891434,HIGH
33.53774972091161,35.915157,HIGH
38.40177349231685,34.38041,HIGH
34.24981658240496,35.07891,HIGH
34.27526012743546,33.344246,HIGH
34.70700640534204,31.707016,HIGH
14.363759570036692,32.15134,HIGH
14.60900736768436,12.266764,MEDIUM
15.434651195972918,13.630878,MEDIUM
13.737577863588887,15.027681,MEDIUM
14.490613936786737,14.346607,MEDIUM
14.042084327094065,13.9946,MEDIUM
14.034790242661812,14.248606,MEDIUM
14.158878444797843,14.713512,MEDIUM
13.21981283923742,14.607609,MEDIUM
14.293393590424358,14.249636,MEDIUM
14.774966380258991,14.418362,MEDIUM
13.440124311301282,14.685169,MEDIUM
14.971025725247161,14.384331,MEDIUM
19.955729075419324,14.818304,MEDIUM
18.800592241027655,17.28824,MEDIUM
18.16274041558507,18.063896,MEDIUM
17.069352822175787,18.516438,MEDIUM
15.919118893393174,18.041607,MEDIUM
20.619561556068135,17.43211,MEDIUM
16.67421704818372,18.606194,MEDIUM
12.817398104606536,17.946404,MEDIUM
18.86800072072157,15.0233345,MEDIUM
19.38397186456799,17.256966,MEDIUM
18.407921923688107,18.03446,MEDIUM
17.07163387663514,18.218332,MEDIUM
15.545314213811334,17.911612,MEDIUM
14.357037294975541,17.04731,MEDIUM
13.272287437155226,15.9475975,MEDIUM
16.48247587874076,14.852198,MEDIUM
13.32725230589384,15.539951,MEDIUM
25.513573564927135,14.825441,MEDIUM
25.42675712553241,24.561796,MEDIUM
20.687408657505884,24.342325,MEDIUM
22.442720545044768,23.116924,MEDIUM
20.614206403714313,22.910973,MEDIUM
22.8207928247294,22.019588,MEDIUM
22.022973712210906,21.892141,MEDIUM
23.608747845338513,21.435806,MEDIUM
23.45504691719363,22.591572,MEDIUM
21.246030418784155,22.87754,MEDIUM
23.871153311141285,22.263622,MEDIUM
23.55441450791779,22.687672,MEDIUM
22.404140986803355,22.814995,MEDIUM
25.875154891033194,22.672882,MEDIUM
23.167716945684298,23.979374,MEDIUM
27.05645491070472,23.804422,MEDIUM
22.201934881179035,25.237255,HIGH
24.859204208853864,23.982906,MEDIUM
23.80496538240306,24.219872,MEDIUM
25.84817992534541,23.435486,MEDIUM
26.56786157048369,24.250967,MEDIUM
24.928509632285138,24.992004,MEDIUM
23.116408893906588,24.894518,MEDIUM
26.02077852326614,24.14511,MEDIUM
23.893906709356678,24.595146,MEDIUM
23.237808800367837,23.779612,MEDIUM
23.95197602154941,23.04058,MEDIUM
24.943880180648407,22.844643,MEDIUM
23.6590282947239,23.413153,MEDIUM
21.94001187933608,23.222462,MEDIUM
1.7210440751812843,22.312473,MEDIUM
0.8011886822781111,2.3851562,LOW
0.0,1.4201651,LOW
0.0,0.7740698,LOW
1.887755133376098,0.7150346,LOW
1.6475051338797293,0.86688125,LOW
1.2757266871792883,1.3365421,LOW
0.0,1.4613578,LOW
3.1242578656923143,1.3491359,LOW
0.30922863984628535,1.5299472,LOW
2.6798127094724666,1.63197,LOW
1.3260883136343367,1.8835042,LOW
0.7914629520826786,1.7302606,LOW
2.911549937999659,1.6457614,LOW
2.5635335312672467,1.9944788,LOW
2.390771236485561,2.0210123,LOW
2.728917820173633,2.1670566,LOW
2.942035367441589,2.1942132,LOW
4.91956728392776,2.3013346,LOW
2.919743841599594,3.185217,LOW
4.561790398093949,3.2534678,LOW
5.145260545549652,3.5948286,LOW
2.1657138687725084,4.0777035,LOW
3.369900514382465,3.9956121,LOW
1.1043990964036112,3.9097137,LOW
0.7267500220942527,3.3515005,LOW
1.0266347599505536,2.7403476,LOW
1.086449929636066,2.310842,LOW
0.7696037000748461,1.9534516,LOW
0.5404423216993788,1.6879954,LOW
16.175714533885376,1.5228515,LOW
19.239828350279858,16.687458,MEDIUM
16.998373726522573,17.080612,MEDIUM
16.45507562393285,16.639482,MEDIUM
13.224109428434478,16.451517,MEDIUM
15.789468890728745,15.566637,MEDIUM
16.605606924498904,15.798096,MEDIUM
16.416404035224126,15.839811,MEDIUM
17.247985408652717,16.113422,MEDIUM
16.820647639096286,16.51426,MEDIUM
14.982237687048027,16.770529,MEDIUM
17.548688818445736,16.316477,MEDIUM
15.598491724129367,16.641256,MEDIUM
16.085069766527514,16.436998,MEDIUM
19.3240186798257,16.27633,MEDIUM
20.243995352900104,17.42167,MEDIUM
20.55685270338894,18.777374,MEDIUM
18.270819623971754,19.580526,MEDIUM
17.662217333937413,19.13778,MEDIUM
20.69189634350056,18.560001,MEDIUM
22.45720981919365,19.177443,MEDIUM
19.827837342962845,20.335648,MEDIUM
16.823033539354252,20.247688,MEDIUM
18.38031087405472,18.99945,MEDIUM
18.731655332857986,18.189114,MEDIUM
19.40567022118103,18.020607,MEDIUM
19.966036311577867,18.409027,MEDIUM
16.593310580676416,18.898037,MEDIUM
17.59854874778152,18.227585,MEDIUM
16.672636377756557,17.618122,MEDIUM
20.05709392096996,17.041857,MEDIUM
17.63332094425683,18.08926,MEDIUM
15.966226255961944,17.858503,MEDIUM
19.176115832920722,17.356152,MEDIUM
17.514727312372287,17.805344,MEDIUM
17.307089484195306,17.759438,MEDIUM
16.16800654573423,17.44813,MEDIUM
16.13895299995924,17.053923,MEDIUM
17.032892621283047,16.5769,MEDIUM
17.70913649270511,16.527054,MEDIUM
16.512058026339734,16.852314,MEDIUM
15.59914140784678,16.912426,MEDIUM
16.745260597821922,16.474873,MEDIUM
18.767196720360346,16.533176,MEDIUM
17.198805469346752,17.519308,MEDIUM
18.54861330870261,17.417042,MEDIUM
19.276840833865567,17.900505,MEDIUM
20.640020141019612,18.552784,MEDIUM
19.6330544799338,19.319633,MEDIUM
18.61095567180137,19.448338,MEDIUM
21.848536744427424,19.137907,MEDIUM
19.784068412011607,19.935955,MEDIUM
20.989631494762293,19.903719,MEDIUM
17.0206866445607,20.173536,MEDIUM
20.199600621393607,19.1422,MEDIUM
15.907436334471846,18.865334,MEDIUM
16.825931933881208,17.706491,MEDIUM
17.525178421737937,16.851393,MEDIUM
16.338152554909076,16.784267,MEDIUM
17.25631018382397,16.677216,MEDIUM
16.344757310965534,16.798595,MEDIUM
15.6806357409442,16.67949,MEDIUM
16.482811873692185,16.329227,MEDIUM
16.16417291484653,16.352573,MEDIUM
14.70067940043751,16.234673,MEDIUM
15.165766178086116,15.867928,MEDIUM
16.35687971888732,15.756329,MEDIUM
14.823131548004884,16.005157,MEDIUM
13.681596731329625,15.693953,MEDIUM
17.913848762612798,15.104971,MEDIUM
14.769700249189636,16.242048,MEDIUM
15.093780386177336,15.775446,MEDIUM
17.382669424630393,15.840168,MEDIUM
15.642272257345724,16.4276,MEDIUM
15.895670562997854,16.277006,MEDIUM
16.040581985861802,16.236567,MEDIUM
16.429712519626033,16.181957,MEDIUM
17.417821318486357,16.362663,MEDIUM
19.595504643110285,16.732002,MEDIUM
18.819494103503438,17.900925,MEDIUM
19.211742934082714,18.343266,MEDIUM
18.013748324885064,18.748295,MEDIUM
18.185611354889872,18.510494,MEDIUM
19.331688230323174,18.277992,MEDIUM
17.02290427675614,18.482788,MEDIUM
16.092624523939502,17.923237,MEDIUM
14.599057824249524,17.049435,MEDIUM
14.262167238563412,15.863985,MEDIUM
16.01535210948708,15.214157,MEDIUM
13.588232617826598,15.37657,MEDIUM
0.7270337631541288,14.911016,MEDIUM
0.0,1.5749472,LOW
0.0,0.59908235,LOW
0.5572901700312833,0.4926213,LOW
0.0,0.6139846,LOW
0.0,0.7940587,LOW
0.5570200370414113,1.2569897,LOW
0.5630996952434586,1.2147399,LOW
0.0,1.2292563,LOW
0.8399959057984825,1.2645327,LOW
0.0,1.2819259,LOW
1.3991063363672875,1.2695112,LOW
2.4661465907373934,1.3802853,LOW
0.0,1.4848857,LOW
0.0,1.4252177,LOW
0.15806053381109209,1.3871533,LOW
3.061369353510459,1.3757482,LOW
1.223104852772325,1.5763267,LOW
4.172529854121153,1.5631222,LOW
3.380547068843887,1.7172511,LOW
2.2451506262840617,1.9787859,LOW
2.3437928478518923,2.2716036,LOW
1.1150823648451809,2.549065,LOW
2.5505097356055924,2.4377964,LOW
1.8602864616360506,2.5832143,LOW
0.0,2.40982,LOW
0.44057248954558226,1.8284355,LOW
0.0,1.644747,LOW
0.0,1.522263,LOW
0.7296740711461709,1.4184391,LOW
0.0,1.3531994,LOW
0.0,1.2182058,LOW
0.0,1.0827485,LOW
0.0,0.9585471,LOW
0.0,0.8720238,LOW
0.0,0.90315366,LOW
0.0,0.6877285,LOW
0.0,0.7507763,LOW
0.0,0.72983396,LOW
0.0,0.7827407,LOW
0.0,0.683851,LOW
0.0,0.71360064,LOW
0.0,0.7051816,LOW
0.0,0.6829524,LOW
0.0,0.6694864,LOW
0.0,0.69999087,LOW
0.0,0.68325067,LOW
0.0,0.662923,LOW
0.0,0.70709777,LOW
0.0,0.72340727,LOW
0.0,0.68842196,LOW
0.0,0.7280624,LOW
0.0,0.7941967,LOW
0.0,0.8012756,LOW
0.0,0.7499144,LOW
0.0,0.74336565,LOW
0.0,0.7105757,LOW
0.0,0.68027866,LOW
0.0,0.66326725,LOW
0.0,0.78304195,LOW
7.4701447828098075,0.75208616,LOW
4.249250301011616,6.702915,LOW
4.865767714166408,3.4573293,LOW
7.267874959753716,3.6798482,LOW
5.704073776674415,4.795709,LOW
3.910931796682503,4.6256084,LOW
3.1066747635979475,4.9592667,LOW
2.732702002829603,5.072448,LOW
7.31553345030308,4.4084935,LOW
4.316497650603058,5.322084,LOW
5.579786149178837,5.307746,LOW
5.656878478409313,5.3385453,LOW
4.750137639342745,5.350432,LOW
4.148954298538293,5.527612,LOW
6.109597673480412,5.484119,LOW
5.63181461997455,5.7190266,LOW
8.587995493661484,5.7872396,LOW
3.1262043931143637,6.5830007,LOW
6.450914293584221,5.8557224,LOW
5.883484713261208,5.983429,LOW
6.52485958567857,6.3207536,LOW
7.262449499149625,6.6248116,LOW
5.26405128391807,6.7848983,LOW
6.984616232861402,6.559467,LOW
4.243705438432135,6.5602193,LOW
4.620628837094468,6.4168305,LOW
4.442473009990319,5.977102,LOW
2.2220117455573245,5.6587296,LOW
6.240760752982952,4.6976614,LOW
3.9407727476527654,5.0341177,LOW
15.00009079902296,4.949749,LOW
12.159892352783627,15.249853,MEDIUM
9.42026760691381,14.061302,MEDIUM
14.992524241181403,12.831377,MEDIUM
12.119368077691945,13.632505,MEDIUM
12.296911105002106,13.255102,MEDIUM
12.423728937965812,13.180492,MEDIUM
13.784596181499868,12.934435,MEDIUM
7.995280346820053,13.40564,MEDIUM
13.377478329363788,11.555416,MEDIUM
12.806154077341766,12.747196,MEDIUM
14.896388064397936,12.634251,MEDIUM
12.700618773105017,13.444935,MEDIUM
11.849604717094508,13.390604,MEDIUM
17.196587553376247,13.348402,MEDIUM
14.454130904987556,15.2511425,MEDIUM
18.272232803726848,15.326023,MEDIUM
14.926225679741883,16.492073,MEDIUM
14.556731481439733,16.196695,MEDIUM
16.900384577011245,15.940678,MEDIUM
16.105285761622614,16.303255,MEDIUM
14.421390511430289,16.371035,MEDIUM
14.057891596959063,15.776491,MEDIUM
14.083897617162267,15.506397,MEDIUM
16.210567626299927,15.094856,MEDIUM
15.280679872181185,15.530451,MEDIUM
14.92686466289975,15.546593,MEDIUM
14.997389579389125,15.514296,MEDIUM
12.336206703370696,15.449711,MEDIUM
11.895811494166747,14.575901,MEDIUM
31.475614258673687,13.634178,MEDIUM
33.714505906559594,31.972523,HIGH
30.135268267609796,31.697636,HIGH
29.47116348939035,30.930922,HIGH
30.540229943057355,30.133469,HIGH
28.74164282133058,29.878054,HIGH
28.54209762528217,29.341158,HIGH
30.73376844740026,27.099905,HIGH
32.257268205601385,27.834385,HIGH
29.233623603468516,29.684774,HIGH
27.08928596533488,29.312263,HIGH
27.497612464070343,28.651552,HIGH
29.924166376909355,27.94065,HIGH
32.154390372544924,27.854881,HIGH
33.374185035083585,29.282173,HIGH
30.506776159665012,31.978735,HIGH
33.975375423089844,31.77337,HIGH
32.72361936424698,32.813644,HIGH
30.55327180617493,32.871418,HIGH
32.412026821117436,31.697044,HIGH
33.190172678059724,31.057863,HIGH
31.021127458241413,31.377405,HIGH
32.82964426988065,31.05203,HIGH
30.053544528176356,29.8826,HIGH
29.834239156841857,29.32835,HIGH
31.617820750477897,28.917568,HIGH
30.23261024087455,28.281075,HIGH
29.77145725846226,28.341845,HIGH
29.738176415718097,28.717747,HIGH
27.549895055133742,27.955246,HIGH
18.208430771236124,27.332159,HIGH
11.753729728620534,17.220085,MEDIUM
15.948693236634178,13.699059,MEDIUM
16.540449916761755,15.091751,MEDIUM
14.844589692724316,14.947479,MEDIUM
14.296172647607765,14.714441,MEDIUM
10.481760533982989,14.905548,MEDIUM
13.428740215187924,13.727673,MEDIUM
14.799809726297859,13.475338,MEDIUM
14.335335614544142,13.735367,MEDIUM
13.348626106747796,14.007645,MEDIUM
15.282130445868905,13.98509,MEDIUM
17.065202537990146,14.611822,MEDIUM
14.439685574640265,15.634058,MEDIUM
15.222340172034151,15.4578705,MEDIUM
15.709719352455517,15.704491,MEDIUM
16.29036228898422,15.894926,MEDIUM
18.57735452448628,16.116121,MEDIUM
17.464308074363593,16.87876,MEDIUM
17.528236374886795,17.199276,MEDIUM
15.35737371608197,17.512442,MEDIUM
15.45844606793322,16.671091,MEDIUM
17.271014987736248,16.222107,MEDIUM
18.244401996919002,16.53563,MEDIUM
17.193562206692867,16.969143,MEDIUM
16.49620538726304,17.265602,MEDIUM
13.751402610700428,17.09133,MEDIUM
15.3470255769882,15.916325,MEDIUM
14.769624996030736,15.610104,MEDIUM
13.797710895356914,15.172327,MEDIUM
25.464981711276867,14.743895,MEDIUM
23.89615175066876,23.318716,MEDIUM
27.02825802263002,22.962202,MEDIUM
26.136354599068785,24.954414,MEDIUM
23.540443208593807,25.151575,HIGH
24.193211805809923,24.653282,MEDIUM
24.757612256344697,24.025587,MEDIUM
24.054724426438973,23.76881,MEDIUM
23.62663288887455,23.407305,MEDIUM
22.83677635397869,23.091337,MEDIUM
21.580545035384013,22.848642,MEDIUM
24.91285395568589,22.288618,MEDIUM
23.89471015508371,22.878914,MEDIUM
25.633373991357107,23.113533,MEDIUM
27.842613715266193,24.24968,MEDIUM
25.38170998768395,25.53638,HIGH
26.56308063406987,25.465775,HIGH
30.442728854008802,25.73375,HIGH
26.17383713182796,27.691856,HIGH
25.525729432445956,26.988659,HIGH
24.302750489279095,26.172592,HIGH
25.121583212459058,25.21395,HIGH
25.483356112466883,24.52996,MEDIUM
25.40271585037152,23.868359,MEDIUM
25.853358831815438,23.925425,MEDIUM
25.131080055164265,24.421143,MEDIUM
23.23625976415433,24.537365,MEDIUM
21.719369324341663,23.83372,MEDIUM
22.879197955035558,22.411404,MEDIUM
22.803541787148223,21.918842,MEDIUM
36.596318061466576,21.71193,MEDIUM
32.87650031439846,33.766056,HIGH
33.091442296466546,32.829113,HIGH
34.64434346897336,33.08545,HIGH
30.885399618878704,33.307854,HIGH
34.779836274722285,32.29666,HIGH
31.293344237881282,32.857166,HIGH
33.01097596957243,30.624657,HIGH
33.50780035082872,31.562569,HIGH
30.983537896786554,31.279346,HIGH
32.79897714314638,30.964375,HIGH
32.64738144361702,31.529062,HIGH
35.226141055840095,31.492432,HIGH
33.42092341440149,32.696617,HIGH
32.171746027990565,32.766346,HIGH
37.32155472075636,32.696938,HIGH
36.079274569447136,34.483673,HIGH
37.96550363530203,35.407677,HIGH
35.95418361795868,36.499844,HIGH
38.69384597741424,36.632416,HIGH
36.03235482937951,37.10419,HIGH
34.18242683735822,36.1288,HIGH
35.85565571079158,34.00033,HIGH
34.8962056404222,33.53191,HIGH
37.343602747654366,32.643654,HIGH
36.23240806106867,33.9779,HIGH
33.787882172509015,34.210472,HIGH
34.481318597738735,34.062603,HIGH
35.47875854758078,33.456818,HIGH
32.44623898773983,32.782024,HIGH
37.85045742564964,31.38983,HIGH
38.094363720358004,34.62375,HIGH
38.13194093325896,37.444225,HIGH
36.26583435396719,38.345795,HIGH
35.7147229739916,38.27904,HIGH
34.6541004549222,37.625263,HIGH
34.48820797213782,35.72736,HIGH
35.78615413383321,32.136,HIGH
36.283420049666574,32.124218,HIGH
33.537640166363815,32.76428,HIGH
34.11993053359396,33.243877,HIGH
38.16258493933522,33.098373,HIGH
37.52393884796441,34.32909,HIGH
38.831441176489854,35.215847,HIGH
37.31787620098763,36.226013,HIGH
38.64494269436348,37.644474,HIGH
38.89130327030193,38.325077,HIGH
40.07297806989552,38.4621,HIGH
39.06429502640633,38.198147,HIGH
38.391219171274194,38.790844,HIGH
43.17283981386633,38.776997,HIGH
37.24372253375674,39.998608,HIGH
39.084821305274275,38.8173,HIGH
36.501344365309265,38.39017,HIGH
32.80258767730043,36.243046,HIGH
35.92972904559347,33.054806,HIGH
36.25494352891411,32.214718,HIGH
36.988553579877994,30.654686,HIGH
34.302906213268514,32.717648,HIGH
38.34267983756894,31.460993,HIGH
17.32093918273727,34.105045,HIGH
16.88370647469054,16.888224,MEDIUM
14.948808359113084,16.63296,MEDIUM
17.16035631479175,16.524633,MEDIUM
17.409822924098957,16.405987,MEDIUM
16.26660741238636,16.104492,MEDIUM
16.397016161033545,16.163757,MEDIUM
17.432467438232297,16.492174,MEDIUM
14.742884986668717,16.771679,MEDIUM
17.575079366606165,16.236732,MEDIUM
14.49260468448265,16.70132,MEDIUM
16.475992219868992,16.027113,MEDIUM
20.604389924792343,16.317076,MEDIUM
18.034810328428534,18.037546,MEDIUM
18.19940881639914,18.322248,MEDIUM
19.06244103654751,18.385569,MEDIUM
19.120353091955995,18.539852,MEDIUM
21.351780626238142,18.96293,MEDIUM
18.513779473624997,19.836912,MEDIUM
21.269482763677743,19.330837,MEDIUM
21.797020044249955,19.873722,MEDIUM
21.578186796715155,20.467957,MEDIUM
19.216215193177522,21.034634,MEDIUM
17.551124978396658,20.270935,MEDIUM
18.05134427454633,18.857977,MEDIUM
16.434901651236288,18.079899,MEDIUM
16.909773253707012,17.07991,MEDIUM
18.964882330057613,16.696077,MEDIUM
16.24037523353789,17.40412,MEDIUM
16.867998749823748,17.24498,MEDIUM
9.568048103321104,17.001865,MEDIUM
7.458648433718267,9.637632,LOW
8.631788506340047,7.7959943,LOW
5.803901926785423,7.7171874,LOW
7.956258495965855,6.72909,LOW
8.246337121582703,7.3825827,LOW
9.103994229884833,8.390358,LOW
6.0563219043511864,8.668306,LOW
6.437447893693648,8.23228,LOW
7.697671920689638,7.8261523,LOW
10.404488360393017,7.9573517,LOW
7.481095371392927,8.96463,LOW
8.410521310039393,8.67881,LOW
9.652003596010708,8.520019,LOW
11.560593457883394,8.894249,LOW
11.19937797555559,9.916752,LOW
11.046589874368133,10.473228,MEDIUM
10.942227566013628,10.651705,MEDIUM
12.236488622042337,10.743998,MEDIUM
10.779526436212654,11.435011,MEDIUM
12.064719529195226,11.503754,MEDIUM
11.881643190905184,12.006077,MEDIUM
10.318393905051161,12.055531,MEDIUM
10.19961823865826,11.5389,MEDIUM
8.873174196654675,11.132944,MEDIUM
8.757295627660273,10.647877,MEDIUM
8.218056717185593,10.343939,MEDIUM
6.154643141126952,9.946173,LOW
7.339891624750159,8.860714,LOW
9.983994689280546,8.464354,LOW
8.321150709320968,9.093956,LOW
8.70321212264258,9.023014,LOW
8.312025238997455,9.111223,LOW
6.079274793527187,9.090797,LOW
9.900070499040751,8.703233,LOW
6.985982373843106,9.337082,LOW
7.816039599438534,8.835829,LOW
6.03220478440854,8.539772,LOW
8.680314649344743,8.106224,LOW
7.735712637961358,8.344059,LOW
8.14981209240586,8.443439,LOW
5.427743735100613,8.535408,LOW
10.121911504921002,7.962605,LOW
9.595407525125559,8.96925,LOW
11.310198601682771,9.183062,LOW
10.09236554761578,9.833927,LOW
10.08095914633297,9.966017,LOW
10.239933852255762,10.261713,MEDIUM
11.214061189077876,10.457296,MEDIUM
9.199105583261746,10.911972,MEDIUM
10.343144821103749,10.702385,MEDIUM
8.80323900916143,10.650824,MEDIUM
9.308802114457006,10.422153,MEDIUM
11.148005960140262,10.284443,MEDIUM
8.054210494244652,10.530998,MEDIUM
8.404404099685397,10.221384,MEDIUM
7.665657971043792,9.821913,LOW
8.427591955540883,9.425791,LOW
5.408850983133135,9.226704,LOW
6.950516872462737,8.5811205,LOW
13.046274741959106,8.154041,LOW
12.279068222796134,9.9076,LOW
13.48800701028049,10.00415,MEDIUM
13.653435319750798,10.838558,MEDIUM
13.668776064601037,11.665249,MEDIUM
11.556794479593817,12.369846,MEDIUM
12.974474084689138,12.479624,MEDIUM
14.821869942682287,13.092789,MEDIUM
12.301172323269478,13.700144,MEDIUM
12.134882156933864,13.409052,MEDIUM
10.89545963777702,13.075058,MEDIUM
11.43426737988756,12.427246,MEDIUM
14.718304714035966,12.190849,MEDIUM
15.408132441738525,13.044817,MEDIUM
14.265902725552044,13.726498,MEDIUM
13.54577343350385,14.14201,MEDIUM
14.201321893924618,14.141169,MEDIUM
14.924590859180713,14.353313,MEDIUM
13.781720294554813,14.700909,MEDIUM
15.854222986131989,14.563078,MEDIUM
15.196008361604168,15.044218,MEDIUM
15.516289660988189,15.291931,MEDIUM
17.23502705403831,15.4992695,MEDIUM
14.186276804172417,16.058218,MEDIUM
14.518579542029075,15.726694,MEDIUM
15.653182397946033,15.3902,MEDIUM
12.66941793197593,15.471935,MEDIUM
12.18982746076432,14.717234,MEDIUM
12.927626467581943,13.711859,MEDIUM
12.438704040568386,13.330269,MEDIUM
26.536874301494148,13.081036,MEDIUM
23.286310396958086,25.425777,HIGH
21.48396960005351,23.346779,MEDIUM
23.00333896363123,22.843977,MEDIUM
24.31591289402148,22.67426,MEDIUM
23.5611754640322,23.044546,MEDIUM
20.09043187111488,23.00998,MEDIUM
22.94323043883819,21.330427,MEDIUM
24.828910860649476,21.757475,MEDIUM
24.18639056625726,22.690844,MEDIUM
23.301099596684534,23.302755,MEDIUM
22.49089644224916,23.267906,MEDIUM
23.08689973774838,22.95625,MEDIUM
27.15170858470519,22.642302,MEDIUM
23.251559019102444,24.210522,MEDIUM
24.88627857955147,23.92812,MEDIUM
25.18839662330692,24.114609,MEDIUM
28.080819005740736,24.338604,MEDIUM
26.954829356470803,25.727291,HIGH
25.050438824130367,25.939688,HIGH
24.890177017437665,25.687521,HIGH
24.91171712642911,24.997974,MEDIUM
24.187264984956727,24.39679,MEDIUM
25.21397238958351,23.73624,MEDIUM
23.39600215790562,23.642408,MEDIUM
25.607351039644975,23.587063,MEDIUM
24.334155814741045,24.021633,MEDIUM
25.129893694780563,23.781857,MEDIUM
21.68644229980567,24.174864,MEDIUM
22.342046404473955,22.823929,MEDIUM
26.38471263329842,22.074945,MEDIUM
28.620282105568933,23.77204,MEDIUM
28.947347068852594,26.083271,HIGH
28.52924953637193,27.649042,HIGH
27.274264528121364,28.091516,HIGH
25.578843374629336,27.72047,HIGH
27.80457860004759,26.619408,HIGH
23.962286102719567,26.013214,HIGH
26.374359591916793,24.265158,MEDIUM
27.398539127411937,24.375206,MEDIUM
28.953718776395533,25.320688,HIGH
29.180461556734947,26.932945,HIGH
28.34261825960558,27.781517,HIGH
30.39261384595352,28.213245,HIGH
29.82431572247209,28.94633,HIGH
29.512383895763918,29.050695,HIGH
29.37908597665762,29.186832,HIGH
31.91837660891528,29.10162,HIGH
29.886986024747298,30.182983,HIGH
28.529457661230673,29.899729,HIGH
27.624949697695197,29.31137,HIGH
30.77231887628762,28.019667,HIGH
31.58932411110078,28.247131,HIGH
30.0671213182012,28.850248,HIGH
27.695702649896937,29.090584,HIGH
28.557625299957923,28.161232,HIGH
26.964675300550766,28.08701,HIGH
26.763643509179275,26.981266,HIGH
25.548642831399373,25.762373,HIGH
25.681530972836445,24.76622,MEDIUM
27.312061065329143,24.376379,MEDIUM
23.577754387666293,24.441196,MEDIUM
23.636800321504367,23.607391,MEDIUM
25.149562552104367,22.825356,MEDIUM
24.05272251581768,23.051872,MEDIUM
24.159539985327548,23.212723,MEDIUM
23.259170113185615,23.269255,MEDIUM
22.601453884326922,23.153551,MEDIUM
22.613148757524513,22.68475,MEDIUM
24.67121383394992,22.113865,MEDIUM
23.929900252430116,22.857426,MEDIUM
25.372171868336757,23.080044,MEDIUM
24.99920967694669,23.977531,MEDIUM
25.789375909887656,24.267849,MEDIUM
27.558121455322603,24.744898,MEDIUM
25.373360980383723,25.69308,HIGH
27.77910960098963,25.554974,HIGH
24.00098893404413,26.194485,HIGH
25.956760467396002,25.274017,HIGH
29.157427397443037,24.960342,MEDIUM
28.17335382102053,26.07234,HIGH
26.32053951220879,26.919815,HIGH
27.249627545850807,26.548946,HIGH
24.732365916269348,26.7667,HIGH
28.261602934031846,25.789852,HIGH
25.772259012685584,25.86055,HIGH
21.940779680890643,25.303757,HIGH
23.64632731565917,22.656729,MEDIUM
24.18211387038453,22.593826,MEDIUM
24.565651257345593,22.714306,MEDIUM
0.0,22.970036,MEDIUM
0.0,0.7882817,LOW
0.0,0.25446582,LOW
0.0,0.28306854,LOW
0.0,0.27148128,LOW
0.0,0.2830056,LOW
0.0,0.63921094,LOW
0.0,0.82724273,LOW
0.0,0.8380165,LOW
0.0,0.8612101,LOW
0.0,0.8535304,LOW
0.0,0.81446433,LOW
0.0,0.8509028,LOW
0.0,0.87652135,LOW
0.0,0.8541925,LOW
0.0,0.8179791,LOW
0.8637830066746517,0.8657507,LOW
0.0,0.97123003,LOW
0.0,0.9574356,LOW
0.0,0.96383274,LOW
0.0,0.9915217,LOW
0.0,1.060339,LOW
0.0,1.1120626,LOW
0.0,1.0363084,LOW
0.0,1.0213529,LOW
0.0,0.9791217,LOW
0.0,0.92375004,LOW
0.0,0.95640945,LOW
0.0,0.9470706,LOW
0.0,0.90618896,LOW
26.663727189695557,0.88015795,LOW
25.809443544505136,28.678005,HIGH
26.50102344299808,24.86511,MEDIUM
27.88049645891018,25.38961,HIGH
23.557979154470807,26.179943,HIGH
26.051465490853822,25.301945,HIGH
25.59053299960103,25.932661,HIGH
24.731506392657735,24.619616,MEDIUM
24.399379209489904,24.541687,MEDIUM
27.52075094432343,24.091599,MEDIUM
25.12974340630072,25.005539,HIGH
26.549950724840784,24.993267,MEDIUM
27.540439841557067,25.533361,HIGH
29.319189238596937,26.099539,HIGH
27.401749963331028,27.551254,HIGH
26.657199624367294,27.456385,HIGH
28.990251766790983,26.961548,HIGH
29.58564758688643,27.7398,HIGH
29.800851231291997,28.257278,HIGH
30.622668242761105,28.86789,HIGH
29.694387541448165,29.85021,HIGH
29.04756548525396,30.27525,HIGH
30.20376498351836,29.61494,HIGH
31.514530884272144,28.951511,HIGH
26.563915522241928,28.950314,HIGH
25.88860360726222,27.333012,HIGH
23.150094866711584,26.178125,HIGH
26.673513053639265,24.459557,MEDIUM
28.003401031824286,24.483753,MEDIUM
25.51482963072888,24.927149,MEDIUM
16.710369125112674,24.43186,MEDIUM
17.05710184013401,14.758926,MEDIUM
16.131507070963696,15.233496,MEDIUM
16.07668158766117,15.372772,MEDIUM
15.489814857808629,15.276112,MEDIUM
12.041299514002535,15.354118,MEDIUM
14.88910203268998,14.342695,MEDIUM
13.851738670040856,14.472818,MEDIUM
16.623148213726385,14.25983,MEDIUM
17.180377510741856,15.257572,MEDIUM
17.80162051341216,15.956106,MEDIUM
16.550027820891774,16.637596,MEDIUM
15.269565053784461,16.67126,MEDIUM
18.88765617384737,16.444876,MEDIUM
17.99522201125565,17.301321,MEDIUM
15.922966247854045,17.558533,MEDIUM
17.459105415278213,17.037506,MEDIUM
18.51452802618122,17.044804,MEDIUM
19.376420507123907,17.584682,MEDIUM
16.840397800669777,18.292934,MEDIUM
18.701852239999322,17.780617,MEDIUM
18.306739744396328,17.949799,MEDIUM
18.79484408377768,18.071838,MEDIUM
18.419539957994232,18.275822,MEDIUM
19.564389313243083,18.204899,MEDIUM
15.814643649085614,18.645796,MEDIUM
15.776439210651107,17.650076,MEDIUM
17.435711079541797,16.425734,MEDIUM
14.352713673121869,16.42975,MEDIUM
15.643131419999062,15.766914,MEDIUM
27.71491050780455,15.675873,MEDIUM
27.332505801078554,26.23948,HIGH
30.071184455923873,26.37879,HIGH
28.480083881713384,28.06693,HIGH
27.384130144522494,27.776869,HIGH
24.93077553415064,27.481026,HIGH
25.863761990847156,26.275875,HIGH
26.227919465472212,25.106293,HIGH
27.750334715028686,24.80332,MEDIUM
25.586800793248322,25.53944,HIGH
28.074216342327468,25.645313,HIGH
26.822574660483163,26.60463,HIGH
26.82764000289755,26.405571,HIGH
27.929436021197596,26.486425,HIGH
28.615702283204946,26.733751,HIGH
29.26434279995257,27.200108,HIGH
28.272113131204087,27.694622,HIGH
27.30099466036685,28.091629,HIGH
30.01667584876016,27.723143,HIGH
30.531957565050373,28.388672,HIGH
29.051968337844087,29.088957,HIGH
29.899088948073658,28.858017,HIGH
28.21857358213106,28.973637,HIGH
28.460087838052075,28.380878,HIGH
25.90498075993584,27.680159,HIGH
27.61323776475961,26.083654,HIGH
28.143711054494126,25.766712,HIGH
26.82340834643832,26.01099,HIGH
26.718356139369625,25.970211,HIGH
26.071044008876882,25.928589,HIGH
30.39461026254049,25.654144,HIGH
27.910057706490154,28.449642,HIGH
26.25906624097378,29.246387,HIGH
27.94796866592266,28.679913,HIGH
27.073495017649446,28.418777,HIGH
26.033250377161735,27.60682,HIGH
27.998707633456842,26.434414,HIGH
27.04111022755965,25.587097,HIGH
28.872101455454533,25.894957,HIGH
26.927463620567394,26.752861,HIGH
28.47427814691329,26.51828,HIGH
29.524697735412737,27.109299,HIGH
28.732609596791008,27.895334,HIGH
27.437603101187328,28.115206,HIGH
30.20827325832213,27.817974,HIGH
27.360155312936747,28.889385,HIGH
27.659179083651104,28.051735,HIGH
31.82865786179427,27.751282,HIGH
28.773344205354036,29.25078,HIGH
29.867261384778438,28.734592,HIGH
29.35008212888738,28.90575,HIGH
29.598849462576368,28.593256,HIGH
29.967137662830453,28.72971,HIGH
31.31097324862778,28.713945,HIGH
29.20393998568051,28.83459,HIGH
28.21307932176368,28.286015,HIGH
29.532569202627243,27.566896,HIGH
27.348049910196355,27.894445,HIGH
27.897686152660597,27.095436,HIGH
29.2051594950223,26.96518,HIGH
19.694037340843344,26.909277,HIGH
20.05734662438133,18.881435,MEDIUM
20.36435889402663,18.71936,MEDIUM
18.035847668636745,18.8143,MEDIUM
18.495946302465626,18.206959,MEDIUM
17.602321993286342,17.97954,MEDIUM
21.910958633610562,17.420214,MEDIUM
20.523731604576213,19.325981,MEDIUM
20.87091419842921,19.719559,MEDIUM
16.891332591311716,20.123425,MEDIUM
20.69967545112907,19.120628,MEDIUM
18.330745982045105,19.186424,MEDIUM
19.630033210386827,18.689243,MEDIUM
19.12018043095487,18.851389,MEDIUM
20.955552840305813,18.916649,MEDIUM
20.894376366816864,19.762835,MEDIUM
23.361284751709107,20.073776,MEDIUM
25.38036439221079,21.350191,MEDIUM
21.19749912540562,23.120462,MEDIUM
23.696792465543368,22.70608,MEDIUM
21.82227740554561,22.889204,MEDIUM
21.995013606718853,22.394493,MEDIUM
20.635286964822104,21.99139,MEDIUM
24.089959893239037,20.90523,MEDIUM
20.544488262139964,21.923626,MEDIUM
20.083218227079257,21.33923,MEDIUM
21.304368807657227,20.665874,MEDIUM
18.051650145873467,20.461678,MEDIUM
16.72029647431629,19.450253,MEDIUM
18.26052834941733,17.62902,MEDIUM
6.612860936050588,17.194532,MEDIUM
7.373103570783632,5.25109,LOW
8.57359301785352,5.7614474,LOW
7.61884564197598,6.455726,LOW
7.964937522714239,7.353026,LOW
8.50425686903715,8.211315,LOW
6.98187206358484,8.788004,LOW
3.5704916517173846,8.274773,LOW
6.061932872239533,6.790716,LOW
4.440315417488506,6.619616,LOW
8.347830581242189,6.0800314,LOW
9.436762495803915,6.976617,LOW
9.613898426083184,7.479136,LOW
7.947378835439697,7.8923016,LOW
10.73308778564,8.074797,LOW
8.51871903996406,9.363737,LOW
8.393639042079231,9.459954,LOW
8.244495261064285,9.694965,LOW
10.550986297624737,9.529926,LOW
9.262284654440021,9.95944,LOW
10.05847080762052,9.956678,LOW
9.185641259575343,10.177994,MEDIUM
10.895697189057818,9.924725,LOW
10.077652756034286,10.371216,MEDIUM
8.731837309571555,10.410273,MEDIUM
8.471657676057676,10.282404,MEDIUM
9.10340423551338,9.887743,LOW
9.190389724237948,9.87505,LOW
6.891431953536905,9.808575,LOW
7.500516958338183,9.239973,LOW
18.232335844706824,8.757313,LOW
14.222251978670528,18.410223,MEDIUM
15.966473872801389,16.110329,MEDIUM
15.145476376448658,16.028809,MEDIUM
15.116809270426167,15.705946,MEDIUM
15.806086693206964,15.729605,MEDIUM
15.665656851107132,15.965755,MEDIUM
12.991421585481199,15.971914,MEDIUM
13.282510424904673,15.106358,MEDIUM
17.1425160679524,14.536854,MEDIUM
15.528607871966456,15.864649,MEDIUM
15.76713957312326,15.863218,MEDIUM
17.585057617919965,16.08109,MEDIUM
15.654466453490263,16.715057,MEDIUM
16.649449624589735,16.563862,MEDIUM
18.871952795627116,16.576023,MEDIUM
17.72687043117815,17.594229,MEDIUM
17.9702242742959,17.982124,MEDIUM
18.637024319835536,18.229998,MEDIUM
14.936259103594246,18.41593,MEDIUM
18.11218681194591,17.341364,MEDIUM
20.047732644625405,17.214235,MEDIUM
17.13235324300772,18.283493,MEDIUM
17.515439809604846,18.19612,MEDIUM
15.609348595597504,17.979443,MEDIUM
16.842321127088333,17.168798,MEDIUM
16.801074630633025,16.899086,MEDIUM
15.48016109331324,16.550709,MEDIUM
15.43276871822095,16.240923,MEDIUM
12.92989632700365,16.051018,MEDIUM
25.494576109734684,15.159321,MEDIUM
28.987608067884324,25.18009,HIGH
26.717832214153972,27.014221,HIGH
26.595171999285448,26.548035,HIGH
24.465876728096354,26.403004,HIGH
22.633981208875564,25.821177,HIGH
23.36600255590021,24.939041,MEDIUM
28.5105400912239,23.13384,MEDIUM
24.683133489034812,25.575134,HIGH
24.58563929974884,25.08347,HIGH
25.678607876325675,24.775303,MEDIUM
26.460336379972023,24.822187,MEDIUM
25.564494262451966,25.211214,HIGH
28.09526939008955,25.205612,HIGH
29.21333494730623,26.201687,HIGH
25.850384343012124,27.508682,HIGH
26.430821317894026,26.997463,HIGH
27.018248290448057,26.708927,HIGH
25.57872404108898,26.5072,HIGH
28.952593792563405,25.87434,HIGH
28.31796783288024,26.774384,HIGH
26.474315946662657,26.875002,HIGH
29.216630632848812,26.649487,HIGH
29.885015959196313,27.68856,HIGH
26.726456177432045,28.168205,HIGH
26.61114530353698,27.5053,HIGH
24.882104807415637,26.85043,HIGH
26.892585470922544,25.451159,HIGH
26.153610322839363,25.295212,HIGH
25.20121855346352,24.715292,MEDIUM
7.974268621950582,24.53683,MEDIUM
8.937140773143831,6.140887,LOW
8.066588464610295,7.73217,LOW
6.504332615962417,6.7319093,LOW
7.281480468753877,6.388743,LOW
9.081207033390466,7.1148286,LOW
6.806710934108477,8.387085,LOW
4.23137192412177,8.440008,LOW
7.711235584048344,7.140316,LOW
6.007431876024947,7.4079556,LOW
7.513868459803204,7.310715,LOW
8.38896415015443,7.559645,LOW
7.299204429805938,7.7256875,LOW
7.208494716752812,7.6472936,LOW
10.102740232085655,7.8385334,LOW
8.867911950560346,8.82007,LOW
8.805620255565294,8.999662,LOW
11.241698887201098,9.280052,LOW
9.41154662426879,9.98694,LOW
9.340245320955294,10.083586,MEDIUM
10.023022832155284,10.223246,MEDIUM
10.157229408039125,10.321163,MEDIUM
8.751734450414414,10.392376,MEDIUM
8.708144417870924,10.245304,MEDIUM
9.42951336201719,10.045361,MEDIUM
6.182183572590835,9.972731,LOW
7.333861080841761,9.288658,LOW
6.171078303651122,8.748102,LOW
5.433670080879109,8.281891,LOW
9.366265609028176,7.659931,LOW
36.42938600803505,8.244212,LOW
33.016980433664244,36.607952,HIGH
37.37032661458238,32.181698,HIGH
37.71415672505262,34.55079,HIGH
36.37326029276106,35.28099,HIGH
35.51484105001961,35.0246,HIGH
35.14905323940476,34.947796,HIGH
34.37623532291396,34.499493,HIGH
39.44717691811145,33.459946,HIGH
34.54520945952146,34.787674,HIGH
35.37379546870415,33.736515,HIGH
37.716611223428515,34.359653,HIGH
37.41398135436876,35.785027,HIGH
36.6210323813216,36.654514,HIGH
37.77839334290939,36.357292,HIGH
37.48548285822761,36.845005,HIGH
37.04067934665679,36.931538,HIGH
38.13585227017255,36.557938,HIGH
35.71775408020047,36.10056,HIGH
36.46612359952019,35.47132,HIGH
37.70234033134345,35.836292,HIGH
39.090862082068696,36.37611,HIGH
39.03239434708301,36.756695,HIGH
37.44334499303651,37.493397,HIGH
38.94879496757348,37.50362,HIGH
36.97320580532287,37.375507,HIGH
36.73551280254947,36.51578,HIGH
35.906090129885264,35.484303,HIGH
34.4583544619462,34.278465,HIGH
35.130878760087526,32.642788,HIGH
15.538589107703809,32.504612,HIGH
17.03298527427212,14.478624,MEDIUM
17.47150432718558,15.499386,MEDIUM
14.29227138629502,16.698278,MEDIUM
14.057550259299607,15.354885,MEDIUM
14.374054024357683,14.360617,MEDIUM
15.005972803757441,14.117455,MEDIUM
18.4172657900634,15.099886,MEDIUM
17.232521224092842,16.459644,MEDIUM
15.743507779971873,16.763622,MEDIUM
16.647319059170094,16.601517,MEDIUM
16.691952580962905,16.701227,MEDIUM
15.108503879558208,16.669992,MEDIUM
16.984819883310166,16.265001,MEDIUM
17.54640824779272,16.5246,MEDIUM
17.174828990630214,16.857517,MEDIUM
16.70075646589648,17.132544,MEDIUM
19.891325632714725,17.061316,MEDIUM
17.171471363392946,18.45299,MEDIUM
19.663853279938493,18.051182,MEDIUM
18.413287919870864,18.665802,MEDIUM
17.12875708906658,18.62081,MEDIUM
17.373282216355072,18.15189,MEDIUM
17.583928014688787,17.719532,MEDIUM
18.11781409907711,17.606472,MEDIUM
15.310465566338003,17.627098,MEDIUM
14.008609722432166,16.658636,MEDIUM
17.294205724126872,15.758724,MEDIUM
18.68781050175039,16.268032,MEDIUM
16.94321190539674,16.985598,MEDIUM
15.137120268230085,17.034029,MEDIUM
12.411738868088634,16.943998,MEDIUM
12.48072671302725,15.600637,MEDIUM
12.480549551868627,14.479828,MEDIUM
11.321992181615805,13.6006565,MEDIUM
12.830067917342369,12.917725,MEDIUM
10.189038133456883,13.123777,MEDIUM
10.60109892907612,12.294121,MEDIUM
10.6178453744543,11.955475,MEDIUM
13.110142372747335,11.688776,MEDIUM
11.453689518578791,12.53442,MEDIUM
11.718876910175185,12.335062,MEDIUM
10.03443097121728,12.443741,MEDIUM
14.517330898377514,11.835424,MEDIUM
16.947915176426193,13.415394,MEDIUM
13.245491372963345,14.869789,MEDIUM
13.740075175547002,14.937468,MEDIUM
14.326985375951276,14.971386,MEDIUM
15.051281560124478,15.170145,MEDIUM
13.320468925869678,15.500607,MEDIUM
14.544738441391006,15.016397,MEDIUM
16.71804920378596,15.174503,MEDIUM
16.049553511177017,15.981918,MEDIUM
14.038336044800502,16.165863,MEDIUM
16.089153231948238,15.786539,MEDIUM
12.92407997464056,16.128302,MEDIUM
13.473031908798257,15.407845,MEDIUM
10.626781217654099,14.764889,MEDIUM
13.194670192516964,13.344309,MEDIUM
13.947821601502032,13.471598,MEDIUM
8.554608957091961,13.687416,MEDIUM
11.153411436531208,8.918182,LOW
10.594746857560338,9.702488,LOW
8.85285632962659,9.828255,LOW
7.670734063510004,9.629292,LOW
6.889485887940408,9.421692,LOW
6.568898388921988,8.85074,LOW
5.9014286820138695,8.423002,LOW
7.630052122761551,7.7894654,LOW
8.204351740611752,7.9013257,LOW
6.519668106442589,7.876306,LOW
9.200384618114402,7.632299,LOW
9.25908360561432,7.8315463,LOW
11.207370233783124,8.315778,LOW
9.713904829897668,9.380184,LOW
6.432027425049556,9.639603,LOW
11.421972347727545,9.157736,LOW
12.303547438594865,10.113739,MEDIUM
11.562294784164063,10.6267605,MEDIUM
7.738329702850589,10.855736,MEDIUM
10.451815854253683,10.358217,MEDIUM
10.917302707972244,10.382126,MEDIUM
9.123401867746956,10.538412,MEDIUM
11.852028296795975,10.4501705,MEDIUM
12.487768613331822,10.782497,MEDIUM
9.768712082014114,11.020975,MEDIUM
7.860213962298035,10.794369,MEDIUM
9.345538871020908,10.224258,MEDIUM
7.013487524826662,10.093319,MEDIUM
6.449180414771586,9.405598,LOW
30.77682062944339,8.3728075,LOW
26.679682855600724,30.91799,HIGH
27.8712372099578,27.758492,HIGH
26.894847824286188,27.476612,HIGH
28.10794951299623,27.143295,HIGH
29.52168965419171,27.52805,HIGH
27.487481170477082,28.679543,HIGH
28.516563555836143,26.502047,HIGH
29.552092572199264,27.132969,HIGH
28.109543916136904,27.27161,HIGH
29.63568274724581,27.168278,HIGH
29.40490551601976,27.57883,HIGH
28.28602852961331,27.790863,HIGH
27.65100458378337,28.21509,HIGH
31.42367541397899,27.78532,HIGH
30.104135556850103,29.336521,HIGH
29.535781705258998,29.493275,HIGH
29.225802523232645,29.43693,HIGH
30.604812175165694,29.188688,HIGH
30.223482440596367,29.379263,HIGH
31.80001926830136,29.128922,HIGH
28.89696458580631,29.930676,HIGH
31.98219869340584,29.467514,HIGH
30.01250775455548,30.069305,HIGH
29.479407383603583,29.10081,HIGH
29.434488074000797,28.436672,HIGH
31.957583148570198,27.586563,HIGH
30.759411446636665,28.548246,HIGH
27.371655267214972,29.325367,HIGH
28.505191727513107,27.554056,HIGH
28.005004315950455,26.964485,HIGH
27.049509442506288,25.428032,HIGH
26.185315038027767,24.217682,MEDIUM
24.849409514518324,23.55394,MEDIUM
26.761446598038912,23.185894,MEDIUM
25.903356452245074,23.851418,MEDIUM
23.427908034093388,24.11909,MEDIUM
27.04475034408819,23.990986,MEDIUM
25.229756340172287,25.098618,HIGH
25.06307870800431,25.073792,HIGH
26.257435510031,24.73742,MEDIUM
27.666327379577943,24.82814,MEDIUM
26.238958054666604,25.789717,HIGH
25.405569098426067,25.84547,HIGH
25.520548789692917,25.729591,HIGH
25.90562998480046,25.436768,HIGH
28.31899445176885,25.218746,HIGH
28.71748213318798,26.075207,HIGH
26.871922945672388,26.895626,HIGH
28.00926037768459,26.953182,HIGH
27.828664120673192,27.039381,HIGH
27.69152294170412,27.044403,HIGH
28.4464144260378,26.818455,HIGH
26.409052602091258,27.056591,HIGH
29.123300767776946,26.63492,HIGH
27.729707362597708,27.275595,HIGH
28.018117823988398,27.019176,HIGH
25.40090664207073,26.847826,HIGH
22.96321720585034,25.887978,HIGH
25.232438640286453,23.747772,MEDIUM
24.555046233038276,23.675426,MEDIUM
23.750529885676993,23.425522,MEDIUM
22.43608451818957,23.135849,MEDIUM
22.207093577552484,22.440008,MEDIUM
22.09759070823908,21.991741,MEDIUM
23.602648081802304,21.514801,MEDIUM
19.664429557592232,22.051868,MEDIUM
20.4910001222318,21.065876,MEDIUM
26.11867036383482,20.155794,MEDIUM
20.174227380665105,22.73191,MEDIUM
21.929373937956473,21.96382,MEDIUM
21.279307736944332,21.715372,MEDIUM
21.72889337084112,21.45988,MEDIUM
18.685679543935887,21.540157,MEDIUM
22.538163271081267,19.968826,MEDIUM
24.25599972348026,20.705093,MEDIUM
24.672368261503763,21.953583,MEDIUM
26.85337200516753,23.442183,MEDIUM
25.48603552037288,24.95872,MEDIUM
24.424219765888324,25.191154,HIGH
23.232227554230697,24.799885,MEDIUM
25.46052769936029,24.086918,MEDIUM
27.458490914752012,24.081106,MEDIUM
25.507164069107347,24.896187,MEDIUM
23.155933503228624,24.986624,MEDIUM
21.333389779094116,24.327923,MEDIUM
23.3809670594124,22.049614,MEDIUM
21.089061562980845,21.950512,MEDIUM
20.648484083020747,21.103725,MEDIUM
19.40196675226756,20.491756,MEDIUM
11.04777986289379,19.754452,MEDIUM
7.628976324059707,9.193804,LOW
9.657625553627131,7.9486003,LOW
10.605402460334002,8.412038,LOW
10.490120911945976,8.944034,LOW
10.32155780092882,9.645191,LOW
11.041384797664746,10.65575,MEDIUM
10.25580712464634,10.517769,MEDIUM
9.30780457529676,10.57494,MEDIUM
9.556849225727678,10.485239,MEDIUM
7.696552324007716,10.369646,MEDIUM
9.062403116579894,9.971325,LOW
10.708484978687098,9.840969,LOW
11.241638624870319,10.13319,MEDIUM
13.512472011368027,10.381161,MEDIUM
11.74028183022716,11.172688,MEDIUM
13.055618068262183,11.406616,MEDIUM
9.239486888953651,11.999834,MEDIUM
13.817443106847573,11.433388,MEDIUM
12.471561889891024,12.609156,MEDIUM
10.75668851002612,12.619274,MEDIUM
9.835862580295814,12.192535,MEDIUM
14.511356459620382,11.250357,MEDIUM
13.791165574699669,12.845364,MEDIUM
13.949615842575632,13.019007,MEDIUM
11.185486379043796,13.511412,MEDIUM
12.252706689338144,12.78418,MEDIUM
6.463005215251124,12.735361,MEDIUM
8.88169292093831,9.01626,LOW
9.07069632121403,8.419858,LOW
9.896597829485978,9.435345,LOW
10.678200890434784,9.563217,LOW
9.245202515801443,9.993002,LOW
10.034022120757085,9.646368,LOW
10.828533912691832,9.650486,LOW
10.104676415933342,10.2069435,MEDIUM
8.892132967056023,10.356293,MEDIUM
9.948535277018781,10.217253,MEDIUM
11.029445353901137,10.184416,MEDIUM
7.975754628688306,10.390244,MEDIUM
9.701939151840257,10.19665,MEDIUM
11.389476772220629,10.100174,MEDIUM
9.83284619289911,10.391537,MEDIUM
10.493344568792248,10.458914,MEDIUM
13.168816463192861,10.512423,MEDIUM
11.108640541193099,11.248785,MEDIUM
10.035381249878979,11.200245,MEDIUM
15.15105461329848,11.034481,MEDIUM
12.236696626641402,12.831577,MEDIUM
11.645318754785022,12.666254,MEDIUM
13.801932347593583,12.540274,MEDIUM
9.75811636039541,12.867994,MEDIUM
11.50609768469096,12.083923,MEDIUM
13.43105376428463,11.849478,MEDIUM
10.135238177413731,12.418648,MEDIUM
10.94757821023363,11.717146,MEDIUM
11.78020901623567,11.394716,MEDIUM
10.084739103177801,11.429594,MEDIUM
8.772758329235916,10.974323,MEDIUM
8.970223827668457,10.607321,MEDIUM
10.942509166381438,10.252466,MEDIUM
9.841789578138773,10.564323,MEDIUM
12.056472863879877,10.550728,MEDIUM
11.00444139880808,10.857773,MEDIUM
10.031067957837667,10.867388,MEDIUM
9.08861486812247,10.815895,MEDIUM
9.947626804077956,10.585884,MEDIUM
10.113667034496796,10.53553,MEDIUM
11.37368321353994,10.455633,MEDIUM
9.823233664363066,10.693022,MEDIUM
9.271234316180987,10.560928,MEDIUM
12.042897147185467,10.399992,MEDIUM
8.90604056515007,10.784311,MEDIUM
10.394388926114605,10.690636,MEDIUM
12.76461314998234,10.644232,MEDIUM
10.978009896206292,11.153572,MEDIUM
13.118616962302106,11.195152,MEDIUM
13.749141658667119,11.840658,MEDIUM
14.030811150534381,12.492594,MEDIUM
12.282080530986415,13.247883,MEDIUM
12.58769839460409,13.269482,MEDIUM
12.119170918148795,13.352026,MEDIUM
9.349391870389649,13.06377,MEDIUM
12.108170365211887,11.918646,MEDIUM
12.25627023475227,11.821608,MEDIUM
10.888335444293542,12.100763,MEDIUM
10.673056390072011,11.819691,MEDIUM
10.739991050926745,11.438837,MEDIUM
9.674515715041295,11.191706,MEDIUM
6.342317989509201,10.864672,MEDIUM
12.802130223488113,9.579975,LOW
11.939090033752576,10.813366,MEDIUM
12.714398235866017,10.761459,MEDIUM
12.071019561117424,11.171886,MEDIUM
11.816869159030126,11.367403,MEDIUM
7.7789428622001955,11.615538,MEDIUM
8.464932481909791,10.758007,MEDIUM
10.9901449027125,9.880096,LOW
9.642809012883617,10.345392,MEDIUM
8.508838769431508,10.297682,MEDIUM
9.965626848021191,10.08264,MEDIUM
9.66123526502686,10.01059,MEDIUM
11.65687592091764,9.955713,LOW
12.278463073168886,10.461569,MEDIUM
13.368648827107622,10.84939,MEDIUM
14.38635896507781,11.522221,MEDIUM
13.48921673833722,12.602247,MEDIUM
15.31712023857703,13.228001,MEDIUM
14.540550086316811,14.08296,MEDIUM
12.985064789431572,14.41943,MEDIUM
12.584527455251825,14.259535,MEDIUM
13.092589813382048,13.840706,MEDIUM
12.531906030329376,13.648201,MEDIUM
13.877498419054703,13.2371235,MEDIUM
10.734158572619917,13.345648,MEDIUM
12.565998116861472,12.581839,MEDIUM
11.39521324422829,12.464354,MEDIUM
12.245734863558283,12.140923,MEDIUM
14.23227842756639,12.275118,MEDIUM
10.453312689718715,12.937096,MEDIUM
29.774913181046443,12.226324,MEDIUM
26.91094960046186,28.734478,HIGH
24.6746345363288,26.870508,HIGH
26.781140405320656,25.998276,HIGH
25.996654997417956,26.342411,HIGH
24.389393624192376,26.111816,HIGH
26.481657493716177,25.28688,HIGH
25.88825415606393,24.74543,MEDIUM
25.318266722864358,24.92928,MEDIUM
25.72139122463964,24.806183,MEDIUM
26.314665525875945,24.7903,MEDIUM
27.477219212784455,25.206924,HIGH
27.664749734220806,25.88977,HIGH
26.7268870620942,26.386463,HIGH
27.728315988126035,26.590025,HIGH
27.729964469377933,26.96951,HIGH
27.642866461590707,26.957611,HIGH
29.80601719505695,26.85007,HIGH
30.841525022839797,27.548378,HIGH
30.44007254183247,28.71398,HIGH
29.979056475821423,29.39655,HIGH
26.867001814663695,29.687805,HIGH
28.489532121799527,28.363174,HIGH
27.776876267525253,27.70695,HIGH
26.81099420473398,26.681225,HIGH
26.34887668894365,25.852295,HIGH
29.48968942401645,25.37666,HIGH
27.878264214687665,26.732513,HIGH
24.79665630627988,26.835773,HIGH
25.332937186720613,25.6412,HIGH
0.0,24.849148,MEDIUM
0.0,0.48515987,LOW
0.0,0.019980073,LOW
0.0,0.24923944,LOW
0.0,0.33863115,LOW
0.0,0.49354482,LOW
0.0,0.6743946,LOW
0.0,0.7690959,LOW
0.0,0.7671751,LOW
0.0,0.7521932,LOW
0.0,0.67510605,LOW
0.0,0.6649294,LOW
0.0,0.68218565,LOW
0.0,0.6810844,LOW
0.0,0.7147149,LOW
0.0,0.70036566,LOW
0.0,0.7462441,LOW
0.0,0.7209227,LOW
0.0,0.69802463,LOW
0.0,0.689693,LOW
0.0,0.71064436,LOW
0.0,0.71948135,LOW
0.0,0.7158905,LOW
0.0,0.77579665,LOW
0.0,0.7579504,LOW
0.0,0.741132,LOW
0.0,0.72395325,LOW
0.0,0.79051995,LOW
0.0,0.7139026,LOW
0.0,0.79457235,LOW
5.267826277273711,0.7648821,LOW
9.324989180113889,5.042507,LOW
7.42634208823862,5.295057,LOW
7.414412866706858,6.0134597,LOW
8.518943854746931,6.6731796,LOW
7.170826987615097,6.5010567,LOW
7.356997936622914,7.286826,LOW
8.680197911742294,8.417858,LOW
9.591963845633085,8.681834,LOW
7.849636613103607,9.065149,LOW
9.40526893784246,9.057185,LOW
7.3874603636343785,9.355591,LOW
8.546060242010185,9.09016,LOW
8.1879715326749,9.341933,LOW
6.493868249146946,9.382954,LOW
10.571550661830855,8.942381,LOW
9.351281386216662,9.919167,LOW
10.831492131513157,9.92169,LOW
8.164261867754783,10.333466,MEDIUM
10.843918886746716,9.92782,LOW
8.693650547712968,10.416929,MEDIUM
11.00097576663316,10.273291,MEDIUM
9.08728025324137,10.651539,MEDIUM
8.929898561842581,10.484011,MEDIUM
8.563108024478865,10.386486,MEDIUM
9.294184722075196,10.150728,MEDIUM
7.3572206507560285,10.210388,MEDIUM
5.580163728355753,9.837866,LOW
6.796733215891836,8.772866,LOW
7.964518336909983,8.305744,LOW
35.802500184598756,8.33897,LOW
33.56385574964504,35.653225,HIGH
31.9687457624578,32.68674,HIGH
32.72735637131335,32.23017,HIGH
33.69957316954585,32.17182,HIGH
31.782995057022642,32.25803,HIGH
35.72308051810029,32.488102,HIGH
33.49522438519783,31.630482,HIGH
32.487866725081275,32.18261,HIGH
33.50632409768663,32.16699,HIGH
35.17742212253242,32.49991,HIGH
34.623966003639104,33.04992,HIGH
34.11933373453872,33.417133,HIGH
35.43435549671352,33.286236,HIGH
37.0920632425812,34.229015,HIGH
35.50551199562338,35.05633,HIGH
35.288065806864424,35.138012,HIGH
35.862079648588754,35.081944,HIGH
35.73779617070403,34.718388,HIGH
37.31854372660053,34.67735,HIGH
37.50666734238996,35.15144,HIGH
35.77353069719513,35.571075,HIGH
33.285377630026666,35.893032,HIGH
33.782080135930514,35.516827,HIGH
35.19298634108418,34.720936,HIGH
35.11828893764135,33.50512,HIGH
35.553549723551896,32.77872,HIGH
32.858767113951444,32.491074,HIGH
32.87931035834588,31.49683,HIGH
34.58565556281422,31.386421,HIGH
10.74946085904061,31.27036,HIGH
8.663649051363777,8.549664,LOW
9.018063781926566,8.93297,LOW
9.168524961214324,8.288729,LOW
10.00271105049782,7.621215,LOW
9.254451668415893,8.631016,LOW
11.25317289615538,9.698137,LOW
5.348922364414493,10.28503,MEDIUM
7.404912621990602,8.741662,LOW
9.10157138098839,8.553848,LOW
8.890260752935223,8.911404,LOW
9.985528114833343,8.92424,LOW
11.321202028044649,9.395611,LOW
12.498275733976413,9.725237,LOW
9.415342342844642,10.362528,MEDIUM
13.539207823714008,10.581968,MEDIUM
12.91275142213278,11.701464,MEDIUM
13.572830449380165,12.203798,MEDIUM
12.965033250115145,12.858295,MEDIUM
10.103738791712463,13.020538,MEDIUM
13.06116334878452,12.436537,MEDIUM
11.069034881816162,12.650793,MEDIUM
10.022927251039956,12.214678,MEDIUM
11.679930381740807,11.430885,MEDIUM
10.48383939248955,11.425762,MEDIUM
11.530060626519735,11.175722,MEDIUM
13.122859963543426,11.243937,MEDIUM
9.35390259398293,11.839613,MEDIUM
9.279438557657052,11.058634,MEDIUM
7.048092432661936,10.622753,MEDIUM
21.567379476925204,9.774506,LOW
20.318113423878703,21.425167,MEDIUM
18.48627730788426,19.92944,MEDIUM
20.316263463827156,19.40776,MEDIUM
20.614894047731422,19.38851,MEDIUM
19.792152010347827,19.71016,MEDIUM
16.0067406114876,19.595427,MEDIUM
20.2050949389992,18.046066,MEDIUM
19.360661239325303,18.549965,MEDIUM
20.275416212261014,18.66677,MEDIUM
17.254579130201556,19.16728,MEDIUM
20.646329492652878,18.57867,MEDIUM
20.9317913594056,19.26929,MEDIUM
17.823044491079777,19.758066,MEDIUM
19.235867977758232,19.11283,MEDIUM
24.882577381622735,18.743584,MEDIUM
21.86176058776242,21.668571,MEDIUM
21.463871342737544,22.001629,MEDIUM
21.169903791933773,21.88643,MEDIUM
23.7242071869899,21.532572,MEDIUM
22.666074023913474,22.242636,MEDIUM
21.013582140601173,22.292976,MEDIUM
25.478876445252087,21.899773,MEDIUM
21.05738585705761,23.090385,MEDIUM
19.75953669413411,22.381153,MEDIUM
21.15666776132498,20.998087,MEDIUM
19.7832292926832,20.426651,MEDIUM
17.901043323853635,20.07342,MEDIUM
21.14458371652842,18.677885,MEDIUM
19.456051183791846,19.033674,MEDIUM
30.048244382038014,19.215065,MEDIUM
29.712689390873756,28.57148,HIGH
32.41969149139142,28.766193,HIGH
32.56375545911618,30.605873,HIGH
31.813286411019984,31.046947,HIGH
30.914680383854158,31.42818,HIGH
28.820011885483364,31.17617,HIGH
26.129971214972947,29.480434,HIGH
30.347761959074983,27.29071,HIGH
32.71976539772614,27.100914,HIGH
28.198315253844477,28.72158,HIGH
32.24932191695407,28.466156,HIGH
29.82482768876127,30.376434,HIGH
31.297525157288845,30.207333,HIGH
33.533868711047354,30.550186,HIGH
30.696904455419563,31.66416,HIGH
30.984147652356878,31.56337,HIGH
33.960202902968625,31.383953,HIGH
34.65560244368231,32.046673,HIGH
34.300221415526124,33.189632,HIGH
31.636897043888787,33.60971,HIGH
33.17251615325647,32.236958,HIGH
34.302288044508146,32.35993,HIGH
32.96644524943633,31.96347,HIGH
32.089232126888135,30.757057,HIGH
30.29797478350899,30.19729,HIGH
31.479245713965717,29.865757,HIGH
32.84330610006936,29.630053,HIGH
32.02189294002848,29.44474,HIGH
31.402729638317048,29.514856,HIGH
0.0,29.789879,HIGH
0.0,0.118337154,LOW
0.0,-0.09168506,LOW
0.0,0.16889405,LOW
0.0,0.26464927,LOW
0.0,0.34203386,LOW
0.0,0.5584134,LOW
0.0,0.71929073,LOW
0.0,0.7362088,LOW
0.0,0.76511514,LOW
0.0,0.7233883,LOW
0.0,0.7533661,LOW
0.0,0.71139026,LOW
0.0,0.6381476,LOW
0.0,0.7340354,LOW
0.0,0.6302254,LOW
0.0,0.6335447,LOW
0.0,0.667943,LOW
0.0,0.6681322,LOW
0.0,0.7073631,LOW
0.0,0.7073227,LOW
0.0,0.7308204,LOW
0.0,0.7506509,LOW
0.0,0.7051079,LOW
0.0,0.7454355,LOW
0.0,0.7094078,LOW
0.0,0.74535286,LOW
0.0,0.7330582,LOW
0.0,0.7654886,LOW
0.0,0.7596406,LOW
24.17223979002859,0.7999873,LOW
22.306273930598703,27.723114,HIGH
24.34795647659113,21.916702,MEDIUM
24.222934670926637,23.059345,MEDIUM
27.78295254691793,23.236748,MEDIUM
24.39324316295162,25.245895,HIGH
23.204440941868903,24.830189,MEDIUM
24.767276563058807,24.119823,MEDIUM
26.64615109714997,23.625893,MEDIUM
24.258503959640507,24.404488,MEDIUM
26.55630384868802,24.290077,MEDIUM
25.25982669844325,25.058483,HIGH
26.059597997346096,25.027637,HIGH
27.283084025100553,25.172764,HIGH
27.119131111091313,25.709719,HIGH
29.462274806107537,26.177027,HIGH
28.159169100132036,27.41172,HIGH
26.71306095944771,27.683617,HIGH
31.89891579388522,27.126167,HIGH
29.66928142406101,28.976187,HIGH
28.373693564826873,28.924776,HIGH
28.834067800548258,28.560762,HIGH
27.021589410710256,28.451775,HIGH
26.791291137006354,27.585629,HIGH
28.25260555223554,26.41698,HIGH
26.49381810286292,26.369547,HIGH
23.148206107152028,26.065071,HIGH
27.59424361165555,23.945183,MEDIUM
23.811180916692994,24.932804,MEDIUM
23.408740840265754,24.29838,MEDIUM
12.537895577405866,23.523642,MEDIUM
13.820121917104318,12.237583,MEDIUM
14.549017876482392,12.054857,MEDIUM
11.075880535960502,13.432962,MEDIUM
10.227237418726638,12.888697,MEDIUM
11.78406967880223,11.820841,MEDIUM
12.542037058350491,11.634697,MEDIUM
11.759200334554903,12.378748,MEDIUM
11.083315801728407,12.485043,MEDIUM
11.299257988936324,12.052908,MEDIUM
15.629180314597733,11.788517,MEDIUM
12.59199127628563,13.495344,MEDIUM
15.484459553912696,13.430157,MEDIUM
11.717856809399237,14.622366,MEDIUM
11.782837783141487,13.929951,MEDIUM
16.50003090143754,13.606266,MEDIUM
13.732182989613477,14.987524,MEDIUM
12.434694763263025,14.607895,MEDIUM
14.161357990783632,14.331186,MEDIUM
16.463592785770416,14.421543,MEDIUM
18.627837859202103,15.362854,MEDIUM
14.441867481295924,16.549824,MEDIUM
14.87056361281375,16.26121,MEDIUM
13.398118086570202,16.116875,MEDIUM
15.818386990627754,15.4244995,MEDIUM
15.966341306609694,15.530315,MEDIUM
13.197394642206582,15.636581,MEDIUM
13.738601191793844,15.068174,MEDIUM
13.925126794048145,14.787531,MEDIUM
11.618211684254323,14.7246,MEDIUM
18.18870017809944,13.702578,MEDIUM
18.888421017733705,16.16528,MEDIUM
17.029128815569457,16.838829,MEDIUM
18.311745182596468,17.112701,MEDIUM
18.64586917101451,17.586575,MEDIUM
19.685731176233446,18.093847,MEDIUM
18.389828338088694,18.602276,MEDIUM
17.467282869090948,18.426147,MEDIUM
19.169998218351203,18.144947,MEDIUM
17.489629489187585,18.38497,MEDIUM
19.724501437461594,18.055279,MEDIUM
15.719765010531265,18.544312,MEDIUM
19.69384318211754,17.56366,MEDIUM
17.558400738902918,18.309948,MEDIUM
21.23827710749782,17.996876,MEDIUM
20.643738428663582,19.314964,MEDIUM
19.03048576427231,19.805569,MEDIUM
16.879488583736173,19.64849,MEDIUM
18.948767991674476,18.258696,MEDIUM
20.182295946279908,18.07997,MEDIUM
20.707191477344004,18.726225,MEDIUM
20.3346632016052,19.444044,MEDIUM
20.224387864242146,19.752659,MEDIUM
20.330477938959046,19.85463,MEDIUM
18.693361012067548,19.901382,MEDIUM
19.78088274362122,19.201256,MEDIUM
19.338844852867595,18.893421,MEDIUM
16.73460223291407,18.895908,MEDIUM
16.46524430028286,17.867,MEDIUM
15.963961576793487,16.771873,MEDIUM
33.21894173236417,16.457941,MEDIUM
32.1661514798429,32.55465,HIGH
32.17620149458339,31.563396,HIGH
33.88957055179233,31.705925,HIGH
27.20505670409498,31.989182,HIGH
32.36838477307356,30.072054,HIGH
29.816866060213297,30.725441,HIGH
31.12928432191233,28.700768,HIGH
28.35832648229085,29.343243,HIGH
31.2113600445859,28.189651,HIGH
30.690400773837155,29.171787,HIGH
33.343399613827266,29.677622,HIGH
32.15316141343675,31.399166,HIGH
30.253238977133535,31.411974,HIGH
33.35442768132522,31.210384,HIGH
30.80667735642943,31.689922,HIGH
32.90307916287233,30.741455,HIGH
36.13029807627128,31.745178,HIGH
32.11503764531431,33.961365,HIGH
34.58071152700852,33.583763,HIGH
37.7089941116298,33.882034,HIGH
33.25885259588759,35.22868,HIGH
33.998669329446486,33.82033,HIGH
32.77933025360728,32.388214,HIGH
35.19740659767028,31.646578,HIGH
32.19988297090943,33.323467,HIGH
30.414967674555783,31.49924,HIGH
33.24978790592867,29.915756,HIGH
32.061769730472385,30.843918,HIGH
30.609190893610105,30.225079,HIGH
0.0,29.36739,HIGH
0.0,1.4801974,LOW
0.0,0.46492457,LOW
0.0,0.339481,LOW
0.0,0.364951,LOW
0.0,0.34856164,LOW
0.0,0.5507542,LOW
0.0,0.7887895,LOW
0.0,0.78122246,LOW
0.0,0.75895035,LOW
0.0,0.75643134,LOW
0.0,0.75178957,LOW
0.0,0.8127662,LOW
0.0,0.77121603,LOW
0.0,0.8032522,LOW
0.0,0.81444275,LOW
0.0,0.8402616,LOW
0.0,0.79980016,LOW
0.6259212240493452,0.8462937,LOW
0.0,0.9095088,LOW
0.0,0.94261086,LOW
0.44882571140873484,0.8952836,LOW
0.0,0.971076,LOW
0.0,1.0559973,LOW
0.0,1.0688304,LOW
0.0,0.96359646,LOW
0.0,0.9289615,LOW
0.0,0.9582386,LOW
0.0,0.8796245,LOW
0.0,0.88001287,LOW
18.321784669754763,0.8442968,LOW
15.333111605786778,18.592312,MEDIUM
13.061090660254532,14.230768,MEDIUM
19.883927639970054,14.054972,MEDIUM
18.29588676458231,16.68594,MEDIUM
14.0148899139268,17.003891,MEDIUM
14.244693628089871,16.43246,MEDIUM
15.467205227672963,15.528702,MEDIUM
14.394848089331703,15.515533,MEDIUM
15.44884290691722,15.033268,MEDIUM
13.257630070306147,15.160849,MEDIUM
15.683157208381925,14.795059,MEDIUM
16.787049916777303,15.253311,MEDIUM
16.885043611454,15.769108,MEDIUM
16.834934501961648,16.26288,MEDIUM
18.024374594219495,16.501776,MEDIUM
16.626028443938974,17.171888,MEDIUM
18.819454702467205,17.08217,MEDIUM
18.93973141355112,17.739595,MEDIUM
18.78764020675196,18.227085,MEDIUM
21.035056852217103,18.490585,MEDIUM
20.93636847337244,19.317135,MEDIUM
17.41799857151031,19.822323,MEDIUM
18.24877016151124,19.11601,MEDIUM
14.150822210390038,18.314276,MEDIUM
16.176992558640215,16.308073,MEDIUM
15.983760879480194,15.793871,MEDIUM
18.91854854751616,15.64319,MEDIUM
17.485053234741713,16.838306,MEDIUM
16.563680198367845,17.0896,MEDIUM
16.989297357673756,17.052067,MEDIUM
18.566538999643058,17.575356,MEDIUM
14.392472167057822,18.12498,MEDIUM
16.23918543214694,16.651323,MEDIUM
16.95237034555928,16.146563,MEDIUM
13.617834858132799,16.389437,MEDIUM
14.84629774580627,15.704502,MEDIUM
14.874988762677795,15.334982,MEDIUM
13.56091299189067,15.270271,MEDIUM
15.974244599986859,14.992825,MEDIUM
12.734186365006911,15.450327,MEDIUM
15.016677051545745,14.729395,MEDIUM
20.177625847392257,14.9285145,MEDIUM
16.57934077581966,17.241745,MEDIUM
14.989307045221482,17.102547,MEDIUM
16.23473733813171,16.738789,MEDIUM
17.905434311256705,16.611359,MEDIUM
16.752251790391465,17.13783,MEDIUM
19.01689345470737,17.021517,MEDIUM
18.99648963878113,17.794933,MEDIUM
18.423151290436245,18.382942,MEDIUM
17.656482205774232,18.446598,MEDIUM
17.163827167135636,18.094294,MEDIUM
16.0319526005428,17.802109,MEDIUM
15.699204582591472,17.08358,MEDIUM
16.83589583005751,16.29278,MEDIUM
15.745194304381236,16.396338,MEDIUM
15.207112893174195,16.16049,MEDIUM
14.86498848989924,15.988464,MEDIUM
13.169391028500131,15.737848,MEDIUM
10.02080691106151,14.982658,MEDIUM
8.517835055635581,12.481838,MEDIUM
12.205248421978409,9.689735,LOW
12.56178284135168,10.889698,MEDIUM
10.663874161524266,11.3466015,MEDIUM
7.918828027816986,11.491188,MEDIUM
8.750901417052392,10.636885,MEDIUM
10.73889262191266,10.22817,MEDIUM
11.424993594095405,10.405848,MEDIUM
11.353670550810063,10.582911,MEDIUM
11.720616345692513,10.745842,MEDIUM
8.776440741033342,10.809315,MEDIUM
12.119301243855084,10.689888,MEDIUM
12.979170980211162,11.129072,MEDIUM
10.58606009853797,11.877569,MEDIUM
11.033253156312242,11.560478,MEDIUM
10.781589613111203,11.391035,MEDIUM
12.74977361030156,11.287476,MEDIUM
12.385432252188767,11.8632145,MEDIUM
12.487445683337917,12.228371,MEDIUM
13.801347178052886,12.342743,MEDIUM
11.723616772133228,12.773308,MEDIUM
12.13009470662826,12.733545,MEDIUM
12.145713360312136,12.668739,MEDIUM
11.475892299883293,12.632727,MEDIUM
12.114174499264385,12.272949,MEDIUM
10.52858591480954,12.40983,MEDIUM
11.877339214344635,11.792397,MEDIUM
10.5605366846284,11.753935,MEDIUM
9.835819599817988,11.436985,MEDIUM
6.942127766519111,10.997217,MEDIUM
7.003297704799524,9.54725,LOW
4.6713237791415105,8.532139,LOW
6.573094134568699,6.9352226,LOW
5.159940657940848,6.88045,LOW
3.586179954842322,6.7492366,LOW
7.272990594319417,5.8548346,LOW
4.11478999117337,6.1991982,LOW
4.607648914460642,5.806117,LOW
4.289262076557871,5.6043906,LOW
4.436513773143787,5.323462,LOW
4.476778460744252,5.107587,LOW
4.407926109482479,5.1112127,LOW
4.189471115580204,4.9602175,LOW
6.6553685602985295,4.681297,LOW
9.089786574801153,5.2438626,LOW
8.303444229882915,6.255758,LOW
4.913480166613774,6.9655294,LOW
6.65491153604923,6.750596,LOW
7.344858097594635,6.938267,LOW
6.873317660846478,7.4010186,LOW
6.495160967911318,7.627356,LOW
6.285427369701289,7.4082828,LOW
7.384023166669165,7.032903,LOW
6.386844355347117,7.138515,LOW
3.8000098012808943,7.192551,LOW
6.678793926683776,6.4575267,LOW
4.670158229928703,6.5797243,LOW
6.725776162161657,6.105115,LOW
4.174315767705515,6.370085,LOW
7.252015058415823,5.943697,LOW
5.239088616293586,6.4179745,LOW
6.864464225654317,6.2239394,LOW
4.468010805287893,6.669582,LOW
4.122866889838237,6.3261657,LOW
7.789888684612662,5.8380647,LOW
4.880678629060284,6.36904,LOW
1.6927368540618293,6.2530513,LOW
4.539914536385007,4.9198465,LOW
6.319663616396351,4.7238646,LOW
3.9826404705749887,5.1781673,LOW
7.889611278173742,5.2855062,LOW
5.3586755606647785,5.915065,LOW
6.969975042628756,5.7640295,LOW
7.1177923745616685,6.4047737,LOW
10.06253705928056,6.8420234,LOW
7.134074362883467,7.8894625,LOW
8.323444925991128,7.8950543,LOW
7.364432356808033,8.368319,LOW
8.011937333807118,8.3136215,LOW
11.071632226025859,8.591042,LOW
8.516156454971165,9.59605,LOW
7.255241577386549,9.478922,LOW
5.599300244965743,9.009153,LOW
6.682603448996009,8.261668,LOW
6.115491996129192,8.030907,LOW
4.952501864405603,7.770575,LOW
6.575676592047356,7.01747,LOW
6.205834665194316,6.715512,LOW
6.1387012776535155,6.622931,LOW
34.457981761777724,6.5914984,LOW
35.7625185333829,34.442726,HIGH
35.79156695961651,33.62119,HIGH
35.96461654396421,34.391136,HIGH
34.37760341103519,34.61723,HIGH
34.18166197078856,33.96568,HIGH
35.4325755102531,33.957405,HIGH
33.97124502986484,33.746357,HIGH
36.19928722322328,32.537056,HIGH
35.30208059105007,33.544193,HIGH
35.36916969471802,33.902996,HIGH
36.13303506114973,34.352295,HIGH
34.825837197263475,34.449,HIGH
36.47305774700109,34.482437,HIGH
36.2504775293226,34.872208,HIGH
39.112218524710315,35.121204,HIGH
38.7858713431607,36.89162,HIGH
37.10201091460864,38.32569,HIGH
37.31079271587792,38.40689,HIGH
39.54924126753844,38.034702,HIGH
39.146461271452274,38.154613,HIGH
39.7739544609947,37.97428,HIGH
37.93872591121353,37.465275,HIGH
38.6058259280043,37.781963,HIGH
39.00955514450591,37.98482,HIGH
37.234183553301406,36.922672,HIGH
36.461693708803054,34.7946,HIGH
37.07028999168001,33.81541,HIGH
33.22820176767584,34.20473,HIGH
33.97151559621091,32.91713,HIGH
9.917993203080512,31.724491,HIGH
9.038392329364317,8.155901,LOW
7.271645733253003,8.845451,LOW
8.078563468963932,8.9991455,LOW
8.624651735271716,7.718413,LOW
4.6762460568982185,7.3188963,LOW
10.368008659352876,6.844501,LOW
9.455921398792746,9.135996,LOW
7.249616050609992,9.088018,LOW
5.409638419374765,8.715352,LOW
7.085908452855341,8.048817,LOW
7.279854463411768,8.115936,LOW
12.139283307564217,8.145516,LOW
10.371665210944048,9.708029,LOW
11.628327591642773,9.597532,LOW
10.338452846514649,10.016581,MEDIUM
10.2586232171171,10.2329445,MEDIUM
11.10600394365085,10.719574,MEDIUM
10.84639157096988,10.873936,MEDIUM
11.252645370578465,11.238388,MEDIUM
13.027302350131961,11.131142,MEDIUM
11.061356168981913,11.72216,MEDIUM
11.079519747174073,11.651945,MEDIUM
10.096091292926117,11.552517,MEDIUM
7.260554212707234,11.293013,MEDIUM
11.999616825647763,10.414265,MEDIUM
6.827290506747255,10.692951,MEDIUM
7.4050496026707755,9.947426,LOW
7.813897186173355,9.093536,LOW
5.58392486578466,8.911428,LOW
18.964758211911636,8.2922,LOW
18.05707690545217,19.223799,MEDIUM
14.482765807979876,17.458635,MEDIUM
13.881587252647025,16.469893,MEDIUM
16.788305206978926,15.607481,MEDIUM
13.930716299363496,16.002008,MEDIUM
17.064921150666862,15.36549,MEDIUM
14.960354052311994,15.93128,MEDIUM
15.842475652519477,15.690514,MEDIUM
13.826956546126715,16.031528,MEDIUM
16.667676524446208,15.391102,MEDIUM
14.868384876564441,16.033222,MEDIUM
18.084944425818506,15.724562,MEDIUM
15.516200754201417,16.618628,MEDIUM
17.26330081328088,16.367617,MEDIUM
17.690022529775526,16.779354,MEDIUM
20.716675140724078,16.997128,MEDIUM
17.226173705142177,18.706898,MEDIUM
19.80470678200774,18.343834,MEDIUM
20.82710757757374,18.962221,MEDIUM
17.80973691219679,19.493372,MEDIUM
18.25352916749661,19.03421,MEDIUM
18.841171719075323,18.448792,MEDIUM
17.3609594539602,18.398779,MEDIUM
14.967452665231129,17.996517,MEDIUM
17.947416160809944,16.44842,MEDIUM
14.218393620396064,16.778511,MEDIUM
18.030808342685162,15.868763,MEDIUM
18.841349281550023,16.590685,MEDIUM
16.184849863026912,17.222713,MEDIUM
0.0,17.172009,MEDIUM
0.0,1.211629,LOW
0.0,0.37322474,LOW
0.0,0.18447721,LOW
0.0,0.22590172,LOW
0.0,0.27809584,LOW
0.0,0.7751136,LOW
0.0,0.85753167,LOW
0.0,0.8454834,LOW
0.0,0.88486195,LOW
0.0,0.94001853,LOW
0.0,0.9443908,LOW
0.0,0.89707386,LOW
0.0,0.89819443,LOW
0.6673988537841105,0.9086164,LOW
0.0,0.99270225,LOW
0.0,0.97566915,LOW
0.0,0.96805644,LOW
0.9573820455365869,0.95689034,LOW
0.0,1.1178236,LOW
0.0,1.155696,LOW
0.0,1.0692106,LOW
0.0,1.0576627,LOW
0.0,1.0453461,LOW
0.0,1.0932405,LOW
0.0,1.0427096,LOW
0.0,0.98565817,LOW
0.0,0.93563926,LOW
0.0,0.89976084,LOW
0.0,0.9105669,LOW
18.259005662200046,0.86709726,LOW
13.680628751946456,18.48438,MEDIUM
14.692687613140972,13.473215,MEDIUM
11.686544997724265,13.650345,MEDIUM
12.903114674352018,13.311329,MEDIUM
11.744292743259852,12.713163,MEDIUM
13.714352846821562,12.603689,MEDIUM
17.02542317621159,13.053541,MEDIUM
14.257822150507852,14.432922,MEDIUM
14.194187359998644,14.672621,MEDIUM
14.924961552707714,14.785072,MEDIUM
14.697683194482682,14.936409,MEDIUM
14.992647410297947,15.031876,MEDIUM
16.401944366016657,15.092268,MEDIUM
14.557494521022896,15.607254,MEDIUM
17.960907566120724,15.513256,MEDIUM
17.00554778452795,16.434183,MEDIUM
19.389045605552706,16.651861,MEDIUM
16.562548989450164,17.762928,MEDIUM
18.92933779321099,17.534101,MEDIUM
16.207156848931135,18.097431,MEDIUM
17.295254402130542,17.3818,MEDIUM
17.002213429509414,17.18177,MEDIUM
14.21389378676365,16.853216,MEDIUM
15.029233626270143,15.95826,MEDIUM
15.290842154485906,15.503084,MEDIUM
15.526670317770424,15.469765,MEDIUM
15.975498542078334,15.502213,MEDIUM
13.024017231020782,15.6496105,MEDIUM
14.349180611294756,15.00798,MEDIUM
14.304199254646647,14.816595,MEDIUM
15.378832798560323,15.732758,MEDIUM
13.366829015523656,15.898712,MEDIUM
13.192990178125978,15.427004,MEDIUM
12.120595398329804,14.867596,MEDIUM
12.605531209649095,14.026865,MEDIUM
10.27196305884922,13.623215,MEDIUM
11.355419016146426,12.606161,MEDIUM
15.769024272845263,12.264959,MEDIUM
16.780963667243554,13.861479,MEDIUM
14.027347021534657,14.957466,MEDIUM
17.704802117331454,15.200016,MEDIUM
15.493304202630894,16.38639,MEDIUM
13.751449179764842,16.380213,MEDIUM
17.614154081323747,15.853086,MEDIUM
18.827862363794384,16.57313,MEDIUM
17.656164934080472,17.381298,MEDIUM
16.304053719127353,17.681812,MEDIUM
16.77512311076886,17.413948,MEDIUM
17.862809669095835,17.39806,MEDIUM
14.84131116988764,17.715698,MEDIUM
14.628488691225192,16.651407,MEDIUM
19.021076942037087,15.867125,MEDIUM
14.061717179725852,17.108149,MEDIUM
12.767876993409715,16.230547,MEDIUM
14.240275277000947,15.183023,MEDIUM
15.542636731839751,14.924538,MEDIUM
12.060498087094938,15.180817,MEDIUM
15.17409900376423,14.152771,MEDIUM
14.071666120332363,14.711954,MEDIUM
33.67615319840066,14.57679,MEDIUM
32.659515668224536,32.672123,HIGH
30.933320904676627,31.46003,HIGH
34.666272906286515,31.247551,HIGH
30.50428796164221,32.186928,HIGH
33.0180281497976,31.186958,HIGH
31.74296887596414,31.594463,HIGH
32.57319930114287,29.765144,HIGH
31.924088720717624,30.643677,HIGH
31.106055805265132,30.69271,HIGH
31.75599037301559,30.408535,HIGH
32.996379193701266,30.798733,HIGH
33.975147103299264,31.4436,HIGH
33.76980712782235,32.498505,HIGH
35.81474197859157,33.17914,HIGH
35.671634625282294,34.04338,HIGH
34.0793291859474,34.18229,HIGH
34.91055032118774,34.0183,HIGH
36.24298942441628,34.177578,HIGH
33.605731959976836,35.192772,HIGH
37.568103139887434,34.601604,HIGH
35.07277652416918,35.54192,HIGH
32.56580295065357,35.094383,HIGH
36.12059903182479,33.58516,HIGH
32.49088708468881,33.195152,HIGH
32.21641412320611,31.486746,HIGH
34.965543158597185,31.305695,HIGH
31.17058294575665,31.155746,HIGH
32.312439428336276,30.464188,HIGH
31.091867720582407,31.047832,HIGH
20.88889858203835,29.600914,HIGH
19.9540165165735,19.856346,MEDIUM
21.692184807358768,19.08852,MEDIUM
21.01895130936842,19.914284,MEDIUM
19.969463788902104,19.787743,MEDIUM
21.835018411102407,19.17735,MEDIUM
21.574008383592485,20.170275,MEDIUM
19.87531104853972,20.89656,MEDIUM
21.187085484673723,20.50819,MEDIUM
22.46340517685972,20.451767,MEDIUM
21.033388964421146,21.10955,MEDIUM
21.474928059707985,21.137005,MEDIUM
18.558013350232336,21.20126,MEDIUM
23.145832331013825,20.358234,MEDIUM
23.28336425624188,21.145397,MEDIUM
20.437434031887594,21.941975,MEDIUM
25.70161778900924,21.631908,MEDIUM
23.246692625224313,23.345436,MEDIUM
22.96039381961236,23.198273,MEDIUM
24.086531899648023,23.159737,MEDIUM
27.193188366618656,23.108963,MEDIUM
20.689344635599777,24.881172,MEDIUM
24.52419008417344,22.755796,MEDIUM
21.551625377437542,23.275383,MEDIUM
24.25985981030318,22.56776,MEDIUM
21.670358583587625,22.783384,MEDIUM
21.345974838539604,21.94812,MEDIUM
20.659070150696298,21.433022,MEDIUM
19.691055977633486,20.741863,MEDIUM
19.040128288219872,19.893188,MEDIUM
7.663946792785796,19.030413,MEDIUM
8.984441553073633,5.337343,LOW
7.758577330879122,6.9309173,LOW
7.942282548138671,6.8930974,LOW
7.565297608942516,7.4354014,LOW
3.5301540828684494,7.763363,LOW
9.64137945495432,6.359016,LOW
5.454313181129055,8.216282,LOW
6.585210243742685,7.2455697,LOW
8.123436778376762,7.2695847,LOW
6.516062692630729,7.5758557,LOW
8.17881696004913,7.5438547,LOW
7.345024006940489,7.74664,LOW
8.004957675883965,7.991305,LOW
9.869749981222828,7.96785,LOW
10.809126545761428,8.844322,LOW
8.768732081572592,9.399424,LOW
10.345473008635961,9.461523,LOW
10.455689601237545,9.907017,LOW
11.563660907991391,10.23885,MEDIUM
11.72618681649707,10.648983,MEDIUM
12.025815100716066,10.96982,MEDIUM
8.766396859524088,11.264561,MEDIUM
10.281433051532366,10.766535,MEDIUM
8.148282816060597,10.747715,MEDIUM
8.466615794454341,10.320158,MEDIUM
10.402414378807977,9.871382,LOW
8.069531749302515,10.054264,MEDIUM
4.372999524604847,9.816042,LOW
7.108446126897657,7.563794,LOW
31.4632028237162,7.477405,LOW
29.93428410658227,31.640877,HIGH
30.31776693486534,29.563911,HIGH
30.405004217978643,29.660583,HIGH
30.510705143631306,29.577208,HIGH
32.42384422648675,29.68344,HIGH
27.81513143451704,30.670193,HIGH
27.297843407832865,28.460484,HIGH
30.007412152651163,27.458027,HIGH
29.406988646075508,27.529602,HIGH
26.92844626264762,27.832542,HIGH
30.330330361771864,27.37468,HIGH
30.23519282491681,28.387478,HIGH
32.29263257117119,28.967846,HIGH
31.230858487529208,30.486197,HIGH
32.473492234805676,30.743591,HIGH
30.937918887847687,31.726013,HIGH
30.76862500626819,31.608252,HIGH
29.850061336828272,31.347599,HIGH
30.80173208980346,29.914675,HIGH
30.61039583245973,28.95702,HIGH
30.348322331304153,28.955986,HIGH
30.57084084475974,28.961136,HIGH
30.838099405253764,29.732096,HIGH
32.70622305857424,30.32209,HIGH
31.112346919643763,31.034061,HIGH
26.444395987597876,30.358913,HIGH
28.093231856583934,27.111717,HIGH
28.54498369103949,26.726124,HIGH
30.178064351136953,26.302425,HIGH
11.801447750028638,26.83008,HIGH
13.009929767827526,9.60021,LOW
12.477361276997026,11.029551,MEDIUM
12.00063138515015,12.083605,MEDIUM
13.939867143091757,11.667721,MEDIUM
10.229039937248853,12.044851,MEDIUM
12.330626105158476,11.907381,MEDIUM
11.36445407386136,12.374592,MEDIUM
9.945904420925652,12.157524,MEDIUM
11.30101825016714,11.40938,MEDIUM
11.309805608167732,11.405746,MEDIUM
10.66016697304538,11.386059,MEDIUM
14.498466494802232,11.241177,MEDIUM
14.027483833520638,12.478819,MEDIUM
12.673502103375192,13.00345,MEDIUM
13.775418440046725,13.206774,MEDIUM
16.02329209261858,13.468958,MEDIUM
14.948473533331406,14.545336,MEDIUM
14.930606795904064,14.871433,MEDIUM
17.06774407498047,15.272406,MEDIUM
12.744255299226817,15.982622,MEDIUM
14.933990982765625,15.226551,MEDIUM
17.81492674170423,15.184185,MEDIUM
15.65553924440891,16.107967,MEDIUM
10.207440984996472,16.055878,MEDIUM
13.529099734270297,13.434776,MEDIUM
11.80667391831183,13.484732,MEDIUM
14.759441314870386,13.11186,MEDIUM
10.137999269101073,13.284336,MEDIUM
12.935930798069275,12.577929,MEDIUM
16.106441397918896,12.652153,MEDIUM
14.93367791142451,13.297119,MEDIUM
13.454857617777938,13.535154,MEDIUM
14.23543761726866,13.570669,MEDIUM
11.460876180665606,13.7325115,MEDIUM
14.102765240398824,13.225449,MEDIUM
14.013028807254317,13.591099,MEDIUM
13.266033654596113,13.724489,MEDIUM
15.036265703307768,13.717199,MEDIUM
13.811451096478276,14.044172,MEDIUM
17.657738941678303,14.131962,MEDIUM
13.158202854851984,15.599251,MEDIUM
13.355932877713975,14.989988,MEDIUM
15.917621993042772,14.678495,MEDIUM
18.68741321994672,15.089077,MEDIUM
18.803344742300883,16.531355,MEDIUM
15.709267987991788,17.234491,MEDIUM
16.11960409456322,17.07078,MEDIUM
17.00062696983409,16.758907,MEDIUM
16.189965943975754,16.59719,MEDIUM
17.027615865118555,16.43981,MEDIUM
17.166387311859374,16.46459,MEDIUM
16.533864979737338,16.700705,MEDIUM
17.676405911061916,16.594547,MEDIUM
16.10223069875143,16.838882,MEDIUM
18.466762209087968,16.647856,MEDIUM
17.619489055011417,17.16348,MEDIUM
14.898055816223703,17.27377,MEDIUM
14.904443197270023,16.335964,MEDIUM
14.202589199529328,15.883316,MEDIUM
20.500766063979135,15.244272,MEDIUM
20.775484582091508,20.48472,MEDIUM
18.993745066290245,20.813042,MEDIUM
21.43528848642676,20.622862,MEDIUM
19.931503048743323,21.063627,MEDIUM
18.72002345685609,20.86478,MEDIUM
21.209283657230937,20.020355,MEDIUM
20.28102669119458,20.02221,MEDIUM
18.376267955851866,20.158363,MEDIUM
22.45044030972881,19.550169,MEDIUM
21.147812433425482,20.623863,MEDIUM
23.364588632605894,20.780743,MEDIUM
19.66375158555572,22.241371,MEDIUM
21.007772908871985,21.350025,MEDIUM
18.54863036068633,21.294037,MEDIUM
21.708531948269,19.997719,MEDIUM
25.134986232557985,20.74179,MEDIUM
22.34864963622773,22.900074,MEDIUM
23.551147150326962,22.80353,MEDIUM
20.960826847276053,23.169903,MEDIUM
24.664762998102365,22.403057,MEDIUM
20.339399343650882,23.388868,MEDIUM
22.49010217004309,21.878988,MEDIUM
22.41942908648058,21.957706,MEDIUM
19.51178124490065,21.935394,MEDIUM
22.021170390366457,21.247896,MEDIUM
19.66283042545605,21.507032,MEDIUM
21.34590161670875,20.34127,MEDIUM
23.341052200502588,20.639324,MEDIUM
20.744222765502514,21.141872,MEDIUM
0.0,21.077198,MEDIUM
0.0,0.87140656,LOW
0.8103156281330737,0.3090999,LOW
0.0,0.41713464,LOW
0.0,0.5420722,LOW
0.0,0.73630655,LOW
0.0,0.9586042,LOW
0.0,0.99488425,LOW
0.0,0.98562586,LOW
0.0,0.90764,LOW
0.0,0.9295504,LOW
0.0,0.93785405,LOW
0.0,0.96112,LOW
0.0,0.97300696,LOW
1.0669194427863928,0.9729291,LOW
0.5857762646480023,1.1516922,LOW
3.162031570095847,1.1680646,LOW
1.2272433613851508,1.3740197,LOW
1.5129612481731147,1.3623774,LOW
0.0775582822635279,1.3832254,LOW
2.6249591482501593,1.5007089,LOW
0.0,1.8665148,LOW
0.6383505923805881,1.7110391,LOW
0.0,1.6074924,LOW
0.0,1.4551973,LOW
0.0,1.3797015,LOW
0.0,1.289216,LOW
0.6805224942212753,1.1995615,LOW
0.0,1.2030855,LOW
0.0,1.1768149,LOW
36.78905085556379,1.1176599,LOW
36.59681643712756,37.135098,HIGH
36.98264632653364,34.38961,HIGH
36.63330919284115,36.282326,HIGH
33.12944963492048,35.653767,HIGH
34.340450391736674,34.299454,HIGH
35.88333218439198,34.230904,HIGH
35.29448124785348,32.695625,HIGH
37.73473894114989,33.43808,HIGH
36.49035953537504,34.79591,HIGH
35.88850503470528,35.66848,HIGH
37.71649170854921,36.021637,HIGH
37.60123340434474,36.05186,HIGH
37.85338305552983,36.19248,HIGH
38.93731135402528,36.786915,HIGH
38.80715649553712,37.00395,HIGH
38.20137822528081,38.243626,HIGH
39.64866129450784,38.779346,HIGH
39.3298429241347,39.354134,HIGH
41.99892733763794,39.382618,HIGH
40.31831519667276,40.08238,HIGH
39.45933867013075,40.09486,HIGH
38.04389234892847,39.79758,HIGH
39.165481649469086,38.6723,HIGH
38.61636018014418,37.77492,HIGH
37.28915998269339,36.927185,HIGH
35.50542609682642,34.714077,HIGH
34.351110212754094,33.600975,HIGH
37.64806297387023,32.55645,HIGH
36.413657311055076,32.985996,HIGH
30.170258477888495,32.22011,HIGH
31.697313595423413,31.825287,HIGH
31.736053144499824,34.207222,HIGH
27.794233122102597,34.41385,HIGH
29.955931439632906,31.06414,HIGH
30.695132929306396,30.19072,HIGH
32.31461715752053,29.640081,HIGH
33.05062738027658,29.449938,HIGH
32.47581896077453,30.093845,HIGH
33.019315680508186,30.995533,HIGH
29.092520621816,32.086315,HIGH
29.72488864566073,30.490849,HIGH
35.21037063482833,30.129482,HIGH
31.514205457041353,31.771166,HIGH
32.43948480426202,30.928013,HIGH
31.509583039247804,31.551165,HIGH
31.914328895912007,31.671871,HIGH
34.735761483775036,31.92208,HIGH
33.480655479212245,33.18697,HIGH
31.818384613546023,32.692657,HIGH
32.26729246373128,32.46131,HIGH
33.80955229911013,32.385426,HIGH
35.47514476834576,32.47174,HIGH
31.83784829383272,33.383713,HIGH
33.43154995047012,32.342777,HIGH
32.477365121296145,32.937923,HIGH
32.17645528306133,31.824347,HIGH
31.409872007425157,30.836248,HIGH
31.855939623879955,29.595184,HIGH
30.081186340047353,28.894085,HIGH
36.396318995140895,28.897133,HIGH
37.63005764966605,30.818848,HIGH
39.794056796998646,32.16935,HIGH
37.33065709783337,34.8014,HIGH
37.56621798508943,35.29889,HIGH
36.67453670758098,36.059704,HIGH
35.54968217500146,35.65481,HIGH
36.97528121230072,33.918438,HIGH
37.58415231412057,32.41555,HIGH
36.42450922201642,32.545265,HIGH
37.423982583715656,33.96817,HIGH
38.7188536822354,36.05501,HIGH
37.96140311919556,37.650234,HIGH
34.76199115376758,38.460842,HIGH
40.03759235626492,37.421745,HIGH
38.24063664698534,38.6366,HIGH
39.73332775503808,38.402184,HIGH
39.76874366597176,38.22163,HIGH
37.86512510214592,38.39675,HIGH
40.14556327918644,38.042557,HIGH
40.577932664729836,38.596947,HIGH
38.60816709202122,37.613018,HIGH
38.24228071550115,37.502293,HIGH
38.213906971901466,37.121708,HIGH
39.8364116082991,36.822506,HIGH
38.51735652689773,37.629772,HIGH
37.38508538374856,37.188694,HIGH
36.88781807025937,36.657513,HIGH
35.452700011858255,36.058414,HIGH
36.18135485126044,33.683743,HIGH
4.899250241727497,31.907768,HIGH
1.449495815392563,4.825079,LOW
2.2362783017836882,2.8919435,LOW
5.838130426414654,1.3047218,LOW
3.3147488632426096,1.8010451,LOW
4.2797089905139,2.1478164,LOW
0.781757109971986,3.1776328,LOW
1.9807736374201603,3.1927214,LOW
2.332076953479879,3.0011365,LOW
1.2371472488629607,3.0299776,LOW
4.485516080048395,2.550139,LOW
1.8562234031753224,2.8473043,LOW
2.6417036047596483,2.4043317,LOW
3.445315483352479,2.4841805,LOW
1.4381952005115224,2.7514367,LOW
3.278302748919268,2.6137962,LOW
4.27586318191188,2.9759603,LOW
4.762048590603017,3.2525427,LOW
7.2381481404543475,3.6631303,LOW
3.7141965806014934,4.8094716,LOW
7.863749570242883,4.8567634,LOW
3.3314032099516098,5.898078,LOW
4.072040074144432,5.6585226,LOW
3.0174635856648475,5.4373264,LOW
1.2663637127930816,4.943351,LOW
0.6867590665966556,3.9428048,LOW
4.848087135632886,3.1204367,LOW
1.1755134874677946,3.4864895,LOW
1.901942674072922,2.8647747,LOW
1.9944554274885693,2.4493642,LOW
0.0,2.1580894,LOW
0.0,1.7792535,LOW
0.0,1.6851735,LOW
0.0,1.5024261,LOW
0.0,1.3601233,LOW
0.0,1.2748538,LOW
0.0,1.1285509,LOW
0.4409904310843302,1.0391735,LOW
0.0,1.1149693,LOW
0.0,1.1088507,LOW
0.02490701892610936,1.090003,LOW
0.0,1.050289,LOW
0.0,1.0670611,LOW
0.0,1.1367443,LOW
0.0,1.1297216,LOW
1.5037359694433015,1.1337155,LOW
0.33444727280560294,1.2527418,LOW
0.7763388614111228,1.2638329,LOW
0.5133396978300198,1.2598814,LOW
4.214947635439488,1.3040471,LOW
1.1604948550861618,1.6560408,LOW
3.821052145565515,1.7190692,LOW
1.1270810197368242,2.1263022,LOW
0.2467937645946794,1.9792199,LOW
0.0,1.9750725,LOW
0.0,1.7650282,LOW
0.0,1.5237625,LOW
1.1300521338442948,1.3843625,LOW
0.0,1.2948029,LOW
0.0,1.184289,LOW
4.445614943429454,1.072522,LOW
4.254944372502189,1.3543783,LOW
3.5357139994622555,1.6253657,LOW
6.334869455897969,1.9154634,LOW
2.9570494500461297,2.578176,LOW
3.8937052688505815,3.0661871,LOW
4.919205036140657,4.015182,LOW
6.148801924380749,4.5417547,LOW
4.410576018824635,5.122504,LOW
5.350250949365773,5.220826,LOW
5.341159565270039,5.2008505,LOW
6.11946737424905,5.347188,LOW
5.074818915265204,5.8720384,LOW
6.227011401205717,5.908527,LOW
4.2188238878471545,6.1050186,LOW
6.770754914047177,5.782716,LOW
6.058341835176909,6.179717,LOW
8.172530975612464,6.338846,LOW
6.356632616548767,6.8449645,LOW
8.344382000069295,6.8763127,LOW
9.471948807207443,7.211511,LOW
10.508136167591507,7.7455115,LOW
10.388151385004612,8.751728,LOW
7.507084100471606,9.399115,LOW
9.667370107394046,9.2578125,LOW
3.5618660666660658,9.489807,LOW
4.7504589901308965,6.841727,LOW
4.16973387047608,5.358851,LOW
3.961887460294295,4.786083,LOW
4.340740446782135,4.6854224,LOW
26.422197314430555,4.9122505,LOW
20.159111997342926,27.342085,HIGH
19.19651428707042,22.641003,MEDIUM
16.55934333421446,21.235825,MEDIUM
20.086887110429508,19.466587,MEDIUM
17.234549096656036,19.289894,MEDIUM
20.321756112158923,18.133194,MEDIUM
17.110946076517614,18.86678,MEDIUM
18.807452052238737,18.16973,MEDIUM
17.97337564481972,18.660393,MEDIUM
23.425052113280124,18.16248,MEDIUM
19.81912835552775,20.720448,MEDIUM
20.08867857791598,20.498865,MEDIUM
22.15662775330965,20.598845,MEDIUM
19.8712248487693,21.10957,MEDIUM
24.79141787188764,20.744942,MEDIUM
23.150172068156312,22.656082,MEDIUM
21.8774207765605,22.698719,MEDIUM
21.382725204274372,22.849752,MEDIUM
23.440321029102087,22.230032,MEDIUM
21.895493851109045,22.435244,MEDIUM
20.57446937286934,22.041042,MEDIUM
22.296411172591732,21.255142,MEDIUM
19.72423315678359,21.329441,MEDIUM
20.610052542720375,20.669765,MEDIUM
20.502243138382752,20.388985,MEDIUM
22.406221933779086,19.798336,MEDIUM
20.135970102645526,20.946205,MEDIUM
19.599649455275514,20.550549,MEDIUM
15.174286154629435,20.201656,MEDIUM
30.828428930355273,16.656094,MEDIUM
29.114217566213004,30.369287,HIGH
31.370495073408094,29.606426,HIGH
33.29774937012167,30.443083,HIGH
29.0171376513698,31.31164,HIGH
31.928890692784478,30.263786,HIGH
27.882494822286006,30.921738,HIGH
29.64122954002938,29.197206,HIGH
29.6984248090494,28.877373,HIGH
30.783091311776516,27.840843,HIGH
30.6670989359513,28.426304,HIGH
33.82872234630436,29.449043,HIGH
32.00074285012099,31.34355,HIGH
30.149366767393754,31.762054,HIGH
29.43748389930694,31.289776,HIGH
31.784241999479107,30.373795,HIGH
34.748066644809626,30.503618,HIGH
32.37557731246917,32.10746,HIGH
32.88479343510869,31.951092,HIGH
33.73352300642205,32.380913,HIGH
31.781530417590524,32.767,HIGH
33.522579823380006,32.170063,HIGH
31.395657164453244,32.474464,HIGH
32.802711588793414,31.432981,HIGH
31.933969081300212,31.5997,HIGH
31.557235196313858,30.780495,HIGH
30.250303323359685,29.895111,HIGH
33.039003308032434,28.763603,HIGH
27.694452589010957,29.320223,HIGH
27.77933446264404,28.32793,HIGH
13.460426288953869,27.162807,HIGH
11.906208790088774,12.554403,MEDIUM
11.86002477047453,12.145372,MEDIUM
10.923054124234378,12.076828,MEDIUM
8.255679422417144,10.898796,MEDIUM
10.601378891617824,10.018614,MEDIUM
9.13487003215496,10.2996235,MEDIUM
8.507429739115615,10.521923,MEDIUM
8.66951305423803,10.1530075,MEDIUM
7.577269795433418,9.887659,LOW
6.583997459374775,9.305595,LOW
7.676730629205412,8.677036,LOW
9.858816136728716,8.508528,LOW
11.56480929223058,8.984369,LOW
13.405264061634902,9.660433,LOW
11.804500896785644,10.6735,MEDIUM
13.002960356337784,11.121216,MEDIUM
10.323612300665156,11.796917,MEDIUM
12.090161527090844,11.755743,MEDIUM
13.282155137634966,12.369738,MEDIUM
9.375500609941266,12.797714,MEDIUM
12.444289020365153,11.709263,MEDIUM
11.327740471984177,12.043112,MEDIUM
12.318127990399637,11.96146,MEDIUM
10.68198409512969,12.112049,MEDIUM
9.386595008431737,11.66535,MEDIUM
10.319357627485342,11.025738,MEDIUM
8.735024816420133,10.812326,MEDIUM
9.773315393719352,10.525724,MEDIUM
8.591169162801625,10.377436,MEDIUM
31.883089134976125,10.118757,MEDIUM
34.59631467209073,31.502098,HIGH
35.24666669007657,32.19358,HIGH
36.067536319536934,32.816628,HIGH
32.88035858561661,33.551723,HIGH
34.437276449166035,32.953136,HIGH
34.513562969464004,33.68115,HIGH
32.16939445632997,32.93745,HIGH
33.75053432529594,31.27165,HIGH
36.46048471099932,31.42305,HIGH
34.193530216548346,32.404808,HIGH
34.764963297740536,32.935966,HIGH
32.73825070452314,33.188763,HIGH
34.95631966232709,32.968555,HIGH
35.79750265672638,34.29238,HIGH
37.226741730526456,34.6618,HIGH
39.83900272751819,35.413822,HIGH
36.68256021932765,37.520336,HIGH
36.88084854359606,37.524097,HIGH
33.72508833614142,37.25777,HIGH
38.796975151780536,35.360203,HIGH
33.93514897321087,36.430782,HIGH
35.53132053013894,34.620834,HIGH
35.568431788837145,34.768555,HIGH
36.04194968041443,34.894268,HIGH
33.69376186875134,34.814938,HIGH
34.721666552232264,33.17636,HIGH
34.241313507600694,31.778725,HIGH
32.42829778204612,31.732069,HIGH
32.9654016096285,30.592989,HIGH
2.6118149310318195,30.11914,HIGH
1.1483526552404602,3.5554938,LOW
2.437484898661207,2.2252378,LOW
3.591914762533724,1.0468856,LOW
1.696130262629767,1.159404,LOW
4.635718609662897,1.3421036,LOW
0.6649593702728005,2.4195826,LOW
4.03489203711988,2.3791485,LOW
0.0,2.9277692,LOW
1.1611757393608357,2.4452972,LOW
3.112117875027055,2.2036169,LOW
2.09761112581047,2.343076,LOW
2.216538868175439,2.1860666,LOW
1.624887617279633,2.143548,LOW
4.720440515296977,1.8625859,LOW
3.9440668135176775,2.471599,LOW
2.6787757932134646,3.1289518,LOW
5.88156840141804,3.078055,LOW
6.51623884280119,3.6786523,LOW
3.6705609072506817,4.6698093,LOW
4.833470127260648,5.0126557,LOW
4.290827845544371,4.9968886,LOW
4.536092964726073,4.9378743,LOW
4.138453492306411,5.098777,LOW
3.776303289155175,5.0784206,LOW
3.040651992841177,4.6270857,LOW
5.4892993060876005,4.2226667,LOW
2.958640990602184,4.5003443,LOW
1.7581023827403612,4.3391356,LOW
2.507607336987915,3.723535,LOW
36.54940296122486,3.2966957,LOW
34.527907620981004,36.20586,HIGH
35.49130057011138,33.441544,HIGH
35.061397696495405,34.716007,HIGH
35.820558912995025,34.27187,HIGH
34.74687447516793,34.036434,HIGH
34.46833897582269,33.64284,HIGH
33.18393143708531,32.631737,HIGH
33.00809307127571,32.705822,HIGH
33.934444846695875,32.23345,HIGH
35.83397968222049,32.23426,HIGH
35.33034504308222,33.310028,HIGH
34.53563988625618,34.141743,HIGH
38.55239643404487,34.373524,HIGH
35.80204528050545,35.809536,HIGH
35.622824177536636,35.831253,HIGH
37.27862879044475,35.690136,HIGH
35.556200015669795,36.324165,HIGH
36.91500257486761,35.914165,HIGH
36.676816171847165,35.746952,HIGH
34.69143815184353,35.37588,HIGH
35.03387909839285,34.58585,HIGH
35.56263363952919,34.02568,HIGH
38.06701232401096,33.735035,HIGH
36.58910855109933,35.389927,HIGH
35.41684474775755,35.426693,HIGH
33.510294828672826,35.38635,HIGH
36.54243947323714,34.12895,HIGH
36.517209783540686,34.260113,HIGH
35.09775477211344,33.44525,HIGH
17.59559059925167,32.40195,HIGH
19.199610447409015,17.518429,MEDIUM
17.504286836978906,18.599041,MEDIUM
19.846783754877592,18.0154,MEDIUM
18.22010311883625,18.046356,MEDIUM
14.447959662005124,17.350008,MEDIUM
19.17366805915374,15.854399,MEDIUM
15.471779974480143,17.635132,MEDIUM
16.028408872190454,16.631708,MEDIUM
17.984761869924625,16.494614,MEDIUM
19.553038713655653,16.963373,MEDIUM
18.63933136111093,18.090715,MEDIUM
17.224606104235313,18.373613,MEDIUM
19.07190760833229,18.100807,MEDIUM
21.013875153061516,18.481422,MEDIUM
18.752648213979384,19.42641,MEDIUM
17.373349311429475,19.224491,MEDIUM
20.42274054544488,18.473595,MEDIUM
21.899369851374395,19.02458,MEDIUM
23.418947415593294,20.147804,MEDIUM
23.05363778983536,21.565987,MEDIUM
19.721821643385077,22.182327,MEDIUM
22.231824206912023,21.586378,MEDIUM
18.839772937301746,21.536455,MEDIUM
18.804474451460234,20.230371,MEDIUM
21.224631555813232,18.899822,MEDIUM
19.261323088938088,19.230824,MEDIUM
18.57050608952368,19.35535,MEDIUM
18.72770027901585,18.843554,MEDIUM
16.434138496724643,18.519598,MEDIUM
19.426923182729627,17.735046,MEDIUM
21.326065047439116,18.237305,MEDIUM
20.4211758903747,19.380173,MEDIUM
18.171413785282944,19.86425,MEDIUM
19.16337833226336,19.140167,MEDIUM
19.01600495756223,19.069607,MEDIUM
16.026842280357876,18.97998,MEDIUM
17.201126052069483,17.752823,MEDIUM
16.7352994087922,17.109558,MEDIUM
19.897488837247842,16.83801,MEDIUM
19.307877399574995,18.281988,MEDIUM
19.47473504665471,18.635914,MEDIUM
19.135175470954565,19.112013,MEDIUM
17.68693994363445,19.168907,MEDIUM
19.10581712134912,18.784986,MEDIUM
21.768655429785042,18.785225,MEDIUM
18.8933868208118,19.813015,MEDIUM
20.972586401610428,19.550518,MEDIUM
19.865829709569816,20.016819,MEDIUM
22.099693332777193,19.90222,MEDIUM
20.253064425043796,20.810228,MEDIUM
24.240319618825456,20.515484,MEDIUM
19.652667725021978,22.207966,MEDIUM
20.503187983412012,21.240215,MEDIUM
19.249140792195846,20.770443,MEDIUM
22.182205161004518,19.818535,MEDIUM
18.654592813284523,20.544096,MEDIUM
19.558520762670632,19.651155,MEDIUM
17.44033230193942,19.355246,MEDIUM
19.765851681271727,18.465921,MEDIUM
5.205550714312135,18.739199,MEDIUM
9.32971408208411,3.3700209,LOW
7.190071935937093,5.9581466,LOW
6.377865369456531,5.7680507,LOW
8.56349029723701,6.3766384,LOW
7.979446846961878,7.578214,LOW
6.951713105767789,8.379484,LOW
7.573665618668438,7.942176,LOW
7.905605525945239,8.052624,LOW
6.19019526907284,8.07992,LOW
9.403650526634499,7.8896146,LOW
7.170544941803744,8.527025,LOW
8.545200497665299,8.248121,LOW
8.488782449621638,8.419322,LOW
8.032954765235132,8.637362,LOW
7.08955271042244,8.624134,LOW
11.1695792640857,8.505217,LOW
11.844531805723397,9.497368,LOW
10.401589097981685,10.033939,MEDIUM
11.279692724783674,10.27808,MEDIUM
11.47284958956029,10.565092,MEDIUM
10.782237131890641,10.837822,MEDIUM
8.942514055944791,11.1501045,MEDIUM
10.564691194079026,10.809111,MEDIUM
9.463116834616148,10.682341,MEDIUM
8.493339665932108,10.533838,MEDIUM
8.661902690419975,10.17502,MEDIUM
5.9727953231432025,9.861443,LOW
5.85684492942708,8.808046,LOW
6.253340997921299,7.886975,LOW
35.75551405096871,7.453011,LOW
35.76944139599434,35.09928,HIGH
35.0060642587757,34.330326,HIGH
34.7975198407558,34.519634,HIGH
34.409621901482,34.21,HIGH
33.36641567309201,33.462822,HIGH
35.65008300822099,32.90294,HIGH
35.171965176372396,32.603645,HIGH
33.47250232527999,33.291325,HIGH
34.7637523559937,32.92273,HIGH
34.230486064299015,33.21788,HIGH
36.44533858457761,33.267586,HIGH
34.427149479752856,33.93349,HIGH
31.748670046672153,34.09843,HIGH
37.33904565162824,33.513927,HIGH
33.25591475416113,34.895344,HIGH
38.96851101878142,34.129982,HIGH
37.392480913659796,35.977573,HIGH
36.26141983246848,36.43269,HIGH
38.12287826144184,36.601433,HIGH
38.54319452019192,36.463352,HIGH
38.367912227987986,36.880375,HIGH
33.89054218584626,36.69556,HIGH
36.075515728876326,34.4333,HIGH
35.27507630058078,34.622288,HIGH
35.605818934982565,33.866837,HIGH
34.709772717034504,33.02167,HIGH
34.59201807027674,32.373108,HIGH
35.73484414405006,33.499676,HIGH
33.37168242775785,33.74547,HIGH
29.409420324376878,32.14917,HIGH
29.716134548805847,29.92566,HIGH
29.977319422861306,29.009264,HIGH
28.519010630352295,28.175564,HIGH
27.58508398551177,27.525974,HIGH
26.962212131604172,27.030691,HIGH
25.987033405011815,26.49657,HIGH
26.83898535600789,25.679138,HIGH
24.42840725215049,25.23273,HIGH
25.697599605099334,24.490284,MEDIUM
26.110983724210534,24.438007,MEDIUM
27.29309562040686,24.817482,MEDIUM
29.18042225513116,25.650936,HIGH
28.553130173784083,27.0565,HIGH
27.185566626084878,27.609165,HIGH
30.80025739494824,27.309124,HIGH
31.77109751575,28.768631,HIGH
32.496066567325244,29.863668,HIGH
30.014019581679943,30.9455,HIGH
30.33399302349513,30.570139,HIGH
31.721675129558477,30.493105,HIGH
29.89865439338987,30.351057,HIGH
32.42297721372705,29.457964,HIGH
31.004107472670228,30.134724,HIGH
30.079402186419795,30.069496,HIGH
28.896194508541573,29.850735,HIGH
28.872473215713597,28.752869,HIGH
29.12380850932171,28.15701,HIGH
28.5639677849598,27.590225,HIGH
28.876095845748186,26.97236,HIGH
16.538586260847502,26.966433,HIGH
16.923744680459954,15.134399,MEDIUM
16.055020282090535,15.169706,MEDIUM
15.093524904490891,15.706242,MEDIUM
14.284832056978132,15.270044,MEDIUM
15.43351713198535,14.502697,MEDIUM
13.361616753822828,14.982145,MEDIUM
13.010605509647085,14.771437,MEDIUM
13.961823853391651,14.189163,MEDIUM
13.966491157232959,14.036337,MEDIUM
14.316393471061671,14.031685,MEDIUM
17.863140709575713,14.136883,MEDIUM
15.265003066352694,15.724716,MEDIUM
15.457475921934954,15.823559,MEDIUM
15.981040210958392,16.034178,MEDIUM
19.048472524492198,15.969606,MEDIUM
17.386486234845677,17.065262,MEDIUM
17.60443838448849,17.30407,MEDIUM
18.477414112808997,17.460072,MEDIUM
17.775797279525833,17.818335,MEDIUM
16.82973015255781,17.95134,MEDIUM
17.989441788498194,17.454685,MEDIUM
16.478633722408116,17.552769,MEDIUM
16.07311454607884,17.07587,MEDIUM
16.74070625619934,16.421585,MEDIUM
17.858263289449013,16.543072,MEDIUM
17.17862511511626,16.928335,MEDIUM
17.214975475464655,16.90979,MEDIUM
13.13279288663929,17.033424,MEDIUM
15.781946391259916,15.574263,MEDIUM
19.12815937553891,15.5971775,MEDIUM
21.68178533766778,17.164822,MEDIUM
19.706198769537792,19.10726,MEDIUM
21.05851507498268,19.641085,MEDIUM
20.82746089264492,20.134998,MEDIUM
18.36648690652722,20.41013,MEDIUM
19.475720172667764,19.790524,MEDIUM
20.61004113715505,19.071245,MEDIUM
18.941472538852963,19.273335,MEDIUM
19.578884141322217,19.185963,MEDIUM
20.448694873259093,19.185291,MEDIUM
21.327877334637304,19.508629,MEDIUM
21.501908364312268,20.194103,MEDIUM
22.83269342651819,20.713482,MEDIUM
23.047572719979943,21.75829,MEDIUM
22.62672084933202,22.243645,MEDIUM
21.817747650249757,22.455456,MEDIUM
24.733475852963895,22.232815,MEDIUM
20.656609414185663,23.082352,MEDIUM
25.59302287063832,22.26274,MEDIUM
24.091554731538157,23.356766,MEDIUM
25.060742621858843,23.458931,MEDIUM
22.844063900214223,24.263618,MEDIUM
22.374975367286098,23.495407,MEDIUM
22.181928982221784,22.741322,MEDIUM
20.46822099790469,21.950207,MEDIUM
20.674827930627373,20.99761,MEDIUM
21.35436888522297,20.342602,MEDIUM
19.909754113867947,20.37225,MEDIUM
18.16759333363368,20.166676,MEDIUM
1.442703433066419,19.108171,MEDIUM
2.684601738377216,1.5368772,LOW
1.2475737605647375,1.3662215,LOW
2.119653120376256,0.9795543,LOW
0.4054170938061681,1.1509926,LOW
2.4441760110648163,1.1518338,LOW
0.24735364532482684,2.040306,LOW
4.196324682287102,1.796208,LOW
1.6191680762634562,2.1821747,LOW
0.0,2.1426342,LOW
0.9687205187067889,1.7310243,LOW
0.46937601977005183,1.6853408,LOW
3.5767551969604003,1.6744208,LOW
3.7101182556694887,2.093274,LOW
3.646530495261908,2.0789154,LOW
3.502446919363063,2.1454537,LOW
3.934399555181714,2.4415526,LOW
7.5900675416401775,3.1158285,LOW
3.167370771011041,4.758397,LOW
8.040750297050993,4.926001,LOW
3.108095442107758,5.72659,LOW
8.697598000647622,5.44068,LOW
5.046651397036429,6.4742455,LOW
4.132665993594865,6.4941745,LOW
4.629235238432047,6.1093626,LOW
3.3285842751197556,5.6991744,LOW
1.737761911691929,5.1749053,LOW
4.237597624820954,4.2245035,LOW
0.7592954080096899,4.1258593,LOW
0.8911598007178965,3.365776,LOW
23.1146598683847,2.6787734,LOW
22.301152457302052,23.973804,MEDIUM
27.88042235227967,21.954567,MEDIUM
22.76556734284276,24.481312,MEDIUM
24.573648355592645,23.549149,MEDIUM
22.544217574091327,24.012783,MEDIUM
23.926345230580342,23.314281,MEDIUM
22.29095489502479,23.202229,MEDIUM
23.909845935498446,22.560976,MEDIUM
20.419655124313586,22.872734,MEDIUM
25.72785990501311,21.985014,MEDIUM
25.387011489809073,23.256706,MEDIUM
24.985992022255196,23.953999,MEDIUM
25.177154940367387,24.665379,MEDIUM
27.77144979500141,24.581959,MEDIUM
24.47490260732785,25.896742,HIGH
24.790796920984086,25.156208,HIGH
22.980849702106752,24.844872,MEDIUM
27.532130221126106,23.900442,MEDIUM
26.428425536133062,25.219387,HIGH
26.328058296171946,25.439054,HIGH
29.58810960725431,25.525515,HIGH
27.536698564751298,26.925508,HIGH
25.52284374161422,26.893688,HIGH
26.243343430951448,26.079073,HIGH
24.92063675998851,25.364908,HIGH
26.718092719359426,24.822466,MEDIUM
21.110322436900205,24.962437,MEDIUM
25.669047648476898,22.563347,MEDIUM
24.088501916914467,23.798027,MEDIUM
34.342690623551775,23.45578,MEDIUM
34.23043083541582,31.348063,HIGH
36.09633679950594,32.68378,HIGH
37.171580702799645,34.33121,HIGH
33.5509728349856,34.84608,HIGH
33.66451349956059,34.676125,HIGH
30.950516214790213,33.942978,HIGH
32.20515703541349,30.495102,HIGH
32.425544738853,30.111593,HIGH
35.64783010476053,29.492235,HIGH
36.764535098518806,31.50484,HIGH
34.231675898750204,34.54674,HIGH
35.2339600098533,35.010395,HIGH
35.179457418888255,35.274563,HIGH
37.82677289323579,35.273907,HIGH
34.43918163142414,35.9986,HIGH
37.7866032752532,34.841778,HIGH
38.63993870123869,36.281345,HIGH
38.81741407028436,37.379772,HIGH
36.416410493901886,37.723682,HIGH
38.024425999821496,36.80119,HIGH
36.806040053086015,36.48937,HIGH
36.444239878503545,36.68179,HIGH
35.870310273415086,34.938423,HIGH
37.41334853857802,34.891453,HIGH
36.430835684164535,35.71344,HIGH
34.888350949959126,34.37955,HIGH
35.62495439690485,31.790249,HIGH
34.73108748029981,31.65711,HIGH
36.5573494581396,31.157915,HIGH
10.802320874600467,32.450554,HIGH
13.078621322074644,8.095714,LOW
14.041643401707299,10.769268,MEDIUM
13.932141438397972,12.545656,MEDIUM
10.116007720741846,13.191374,MEDIUM
12.70034053000128,12.127272,MEDIUM
12.559778545780222,12.299213,MEDIUM
12.620092906428315,12.695475,MEDIUM
10.531103014715953,12.777084,MEDIUM
11.324615888684907,12.0536175,MEDIUM
13.807426334513611,11.873438,MEDIUM
15.187321600027223,12.651678,MEDIUM
13.501190719281839,13.4783745,MEDIUM
14.779807944977073,13.739605,MEDIUM
13.09374409367417,14.295105,MEDIUM
15.246585615292092,14.159409,MEDIUM
14.646590947904215,14.875681,MEDIUM
17.107054702344364,14.879646,MEDIUM
15.693134761989814,15.854986,MEDIUM
15.56019485716487,15.938086,MEDIUM
14.150486327598651,16.04627,MEDIUM
12.15573515765594,15.551477,MEDIUM
14.246535715643407,14.452101,MEDIUM
15.532036912038556,14.315187,MEDIUM
15.751987432783956,14.675053,MEDIUM
13.112481557057652,15.185888,MEDIUM
12.458192549302291,14.616335,MEDIUM
15.150933662726452,14.0558815,MEDIUM
12.344879902013197,14.46283,MEDIUM
10.90962517157358,13.779055,MEDIUM
27.42734103532515,12.842911,MEDIUM
28.25577904303463,27.439173,HIGH
27.849597418688248,26.839165,HIGH
28.566816411466256,27.037342,HIGH
26.68029831609168,27.409727,HIGH
26.226810507767304,26.980118,HIGH
25.091306126289595,26.680923,HIGH
24.1150121133225,24.88338,MEDIUM
24.316110379517454,24.104382,MEDIUM
27.662726135630628,23.679098,MEDIUM
25.412531577847027,24.985687,MEDIUM
25.64464245995812,25.1879,HIGH
24.901470887584523,25.25452,HIGH
26.864467392635966,24.954487,MEDIUM
27.96263676383785,25.778767,HIGH
28.12574856151756,26.344448,HIGH
27.165206853252542,27.088255,HIGH
28.000814128699737,27.2828,HIGH
29.986734869246337,27.384335,HIGH
29.58428858840157,28.118874,HIGH
28.639779576433483,28.480236,HIGH
32.050150016300265,28.131052,HIGH
29.571418276679623,29.36481,HIGH
27.182622910077676,29.38559,HIGH
28.690971544369795,28.424,HIGH
27.073127587045764,27.453959,HIGH
25.737447225167955,26.680746,HIGH
28.245253685193237,25.673965,HIGH
25.472143053213124,25.646393,HIGH
25.665381283453726,25.264194,HIGH
26.57094544342891,25.141087,HIGH
24.49420203151108,24.245426,MEDIUM
24.06265361043141,23.231224,MEDIUM
23.90321425144343,22.657621,MEDIUM
23.844463900367188,22.316677,MEDIUM
21.60969632017656,22.69909,MEDIUM
21.088031266866643,22.084484,MEDIUM
21.36461369757531,21.274458,MEDIUM
20.75226361862181,21.026367,MEDIUM
24.045213541754343,20.781967,MEDIUM
25.349940896025366,21.99188,MEDIUM
23.23788878356703,23.497389,MEDIUM
25.43704155866226,23.612267,MEDIUM
25.31281011452156,24.29531,MEDIUM
24.123846464154926,24.52441,MEDIUM
24.794993601587628,24.30149,MEDIUM
27.79676023711316,24.342596,MEDIUM
24.49927461725938,25.569416,HIGH
25.07531985691454,25.168152,HIGH
27.16918903895677,25.018967,HIGH
26.566285717358767,25.501526,HIGH
26.973829508318023,25.683706,HIGH
25.47349212297101,25.833252,HIGH
24.340858735221275,25.501942,HIGH
24.593726216206257,24.848263,MEDIUM
25.106452767007596,24.0971,MEDIUM
25.34622292923044,23.928286,MEDIUM
23.152629079434455,24.173626,MEDIUM
23.342559026752795,23.713013,MEDIUM
22.26561945925325,23.379936,MEDIUM
25.90545882280856,22.69664,MEDIUM
25.419245548315082,24.549772,MEDIUM
25.06068700068358,25.178925,HIGH
23.452115344875843,25.560757,HIGH
23.738579362455738,24.941788,MEDIUM
23.29869634906879,24.355885,MEDIUM
25.819566164223325,23.475557,MEDIUM
23.525407007113266,23.866432,MEDIUM
23.90782921891275,23.521175,MEDIUM
23.024014981133686,23.748795,MEDIUM
24.006538999891493,23.29985,MEDIUM
26.733960901762316,23.411064,MEDIUM
26.538599476431393,24.421997,MEDIUM
27.580596079516,25.266464,HIGH
29.187969601005367,26.09031,HIGH
23.561744401322578,27.333433,HIGH
25.220635297334113,26.14069,HIGH
29.37287738922857,25.505047,HIGH
26.90961517326226,26.354912,HIGH
27.08180616503436,26.31754,HIGH
28.17780183282897,26.51463,HIGH
28.580747822506076,26.843958,HIGH
30.117400342309026,27.356817,HIGH
26.521915025755263,28.22977,HIGH
25.40809597378785,27.252174,HIGH
26.4420970362394,26.140339,HIGH
24.17929668759423,25.455881,HIGH
24.356647157476026,24.212984,MEDIUM
25.112582892001697,23.390064,MEDIUM
23.528783098746537,23.274166,MEDIUM
3.7525374189652556,23.39343,MEDIUM
4.970779437310291,3.0401504,LOW
3.0060932090912535,3.3671043,LOW
3.250212505810408,2.4653497,LOW
2.0135923239482647,2.1443481,LOW
2.012936334279222,1.802631,LOW
0.0,2.312357,LOW
3.0253127615975552,2.4667187,LOW
4.515286460078877,2.4814072,LOW
1.0014336483904316,2.7135277,LOW
0.7538536982072923,2.346926,LOW
4.351156429356215,1.9564079,LOW
3.0776798656484834,2.3714457,LOW
3.217038517331882,2.8707592,LOW
2.8500972856073217,3.1008704,LOW
7.665556815970093,2.6930542,LOW
7.3687154728372395,4.2362547,LOW
3.5686569995686863,5.471536,LOW
6.91886768475114,5.5952663,LOW
4.68122450981001,5.7751393,LOW
5.730047335124706,5.908306,LOW
5.581470263705117,6.1498117,LOW
6.204549593832806,6.194877,LOW
6.16832879760305,6.186162,LOW
4.927329681504791,6.200052,LOW
4.450863367811643,6.1145205,LOW
3.564738842925622,5.734898,LOW
6.540879510881376,5.2742996,LOW
3.5314331936379695,5.598206,LOW
2.8876515764960313,5.282057,LOW
19.049183269174797,4.6503468,LOW
20.948514110252898,19.641739,MEDIUM
18.37147327622753,19.560436,MEDIUM
21.223247460018765,19.266075,MEDIUM
19.567959399128743,19.531876,MEDIUM
19.704453400713234,19.702454,MEDIUM
21.966626807671506,19.778032,MEDIUM
22.2170699698382,20.270851,MEDIUM
22.932823030006652,21.132164,MEDIUM
20.670273511314715,21.989819,MEDIUM
21.685321703070173,21.700619,MEDIUM
22.674809037903337,21.627014,MEDIUM
23.29951096186776,21.764513,MEDIUM
20.980899042447874,22.394876,MEDIUM
22.83418374004379,22.081978,MEDIUM
23.917365367984186,22.414553,MEDIUM
24.320917329445386,22.867044,MEDIUM
23.9446406555443,23.56447,MEDIUM
24.779608154215715,23.7046,MEDIUM
22.76522107510155,24.134525,MEDIUM
24.743277453825055,23.494322,MEDIUM
22.048900426035104,23.73914,MEDIUM
23.51411767647568,22.973003,MEDIUM
24.118472593749665,22.939276,MEDIUM
22.129902561831145,22.883362,MEDIUM
22.533254744968893,22.68395,MEDIUM
22.587077454904694,22.226797,MEDIUM
24.41810217602334,22.005157,MEDIUM
22.223734693368044,22.887836,MEDIUM
22.51868568457476,22.633308,MEDIUM
9.91144129209597,22.439531,MEDIUM
10.519414839800216,7.0861745,LOW
10.469873730236053,8.864624,LOW
11.481763779629738,8.842532,LOW
10.06707368571081,9.414766,LOW
9.797976176070739,10.480099,MEDIUM
10.976595392455845,10.725092,MEDIUM
10.580651835560097,10.687208,MEDIUM
11.154808464004677,10.756763,MEDIUM
11.369399086650729,10.8748665,MEDIUM
9.49620700210308,10.902653,MEDIUM
10.411035404103554,10.710115,MEDIUM
11.934844783601186,10.678598,MEDIUM
12.752161937125875,11.095085,MEDIUM
11.841796298068411,11.669455,MEDIUM
14.580477744182156,11.715904,MEDIUM
13.45084223824742,12.86548,MEDIUM
13.775160883041867,13.079271,MEDIUM
12.290684218449877,13.636852,MEDIUM
13.095514956347612,13.265537,MEDIUM
11.833911465044384,13.458984,MEDIUM
10.103597392120285,12.899227,MEDIUM
11.80140865739143,11.948748,MEDIUM
12.449632128170641,11.837778,MEDIUM
9.995912079562371,12.015039,MEDIUM
11.342965275136397,11.375299,MEDIUM
7.912992777285831,11.251509,MEDIUM
9.527701704714762,10.530663,MEDIUM
9.51630406701863,10.222635,MEDIUM
9.135566788617442,10.102039,MEDIUM
7.751997946321293,10.047186,MEDIUM
8.11297527591908,9.483752,LOW
6.92311497445361,9.118698,LOW
10.035126514725505,8.610456,LOW
5.287816746680817,9.05121,LOW
6.951482539894135,8.402653,LOW
6.567507567774928,7.88326,LOW
6.735326262927166,7.666691,LOW
8.894084902102996,7.542064,LOW
5.325926773458008,7.9173956,LOW
7.399461078782025,7.4277067,LOW
6.527511154132011,7.2556767,LOW
8.801211557350118,7.4210167,LOW
7.156078804557002,7.830786,LOW
8.34416349036132,7.880642,LOW
8.420872177042646,7.9611278,LOW
8.966316638038935,8.041042,LOW
8.04350823333891,8.694458,LOW
7.693636623467811,8.670347,LOW
7.929145490805763,8.701305,LOW
9.145381803463659,8.607418,LOW
11.802274733460035,8.893833,LOW
8.64305573141833,9.745144,LOW
7.9793041807983265,9.516862,LOW
6.634620892669631,9.262255,LOW
5.138476775700421,8.7790165,LOW
9.737782646817216,7.6361656,LOW
6.778106713822087,8.70873,LOW
5.971324057156715,8.376123,LOW
7.202135913407242,7.605973,LOW
10.348703945688689,7.3655143,LOW
10.634340059128379,8.153524,LOW
9.675586073279227,8.772434,LOW
9.783500459834192,9.223595,LOW
10.676527166017175,9.298769,LOW
7.4328731411195195,9.825243,LOW
8.526045802001317,9.88118,LOW
12.6925809630145,9.666563,LOW
9.380420613693254,10.635534,MEDIUM
7.810946384977555,10.46698,MEDIUM
10.524104238191226,9.8910885,LOW
10.108968957447205,10.045412,MEDIUM
11.30217696873612,10.233616,MEDIUM
9.679879248825118,10.558485,MEDIUM
8.878736166490416,10.534302,MEDIUM
10.950436127557328,10.281048,MEDIUM
8.394629051269355,10.407654,MEDIUM
12.730144636010582,10.276169,MEDIUM
10.603905502130202,10.909504,MEDIUM
10.993837427599573,10.816206,MEDIUM
11.497605815007264,10.858124,MEDIUM
11.060251513709009,10.8938465,MEDIUM
11.553193987426514,11.233057,MEDIUM
11.739362370126525,11.248215,MEDIUM
9.277125276751137,11.516859,MEDIUM
8.528968323771858,10.947142,MEDIUM
8.487022491219747,10.447155,MEDIUM
11.797500135701032,10.029243,MEDIUM
7.898916069325764,10.44758,MEDIUM
8.40411670022333,10.118799,MEDIUM
24.063386717924647,9.495388,LOW
25.265985853817963,23.807657,MEDIUM
19.951266371656928,23.456179,MEDIUM
25.311630040226973,22.521929,MEDIUM
22.248182809753008,23.300007,MEDIUM
23.861021486724034,22.869902,MEDIUM
22.913726103004414,23.10653,MEDIUM
22.763576126487894,22.607815,MEDIUM
23.3048307367614,22.548782,MEDIUM
22.623469082157143,22.460285,MEDIUM
22.469002728103945,22.425524,MEDIUM
25.130404830101917,22.320568,MEDIUM
21.860658495789007,23.181274,MEDIUM
21.186921195108244,22.815395,MEDIUM
24.417299246723612,21.978363,MEDIUM
25.072735281196167,22.576542,MEDIUM
26.02401248205538,23.573294,MEDIUM
24.09066462675478,24.510475,MEDIUM
26.18948431689858,24.470066,MEDIUM
23.217425079404823,25.076614,HIGH
22.66759767819476,24.23818,MEDIUM
26.00468407077062,23.222694,MEDIUM
23.080121499850293,23.731644,MEDIUM
21.71398715395769,23.440926,MEDIUM
23.939515711349447,22.525272,MEDIUM
23.869249024066644,22.458136,MEDIUM
21.409948845527886,22.89489,MEDIUM
21.44293188383547,22.24495,MEDIUM
23.690944223289108,21.508492,MEDIUM
21.960169731746042,21.970888,MEDIUM
11.08459807033438,21.837034,MEDIUM
11.039769253604982,8.399492,LOW
9.821616024773965,9.546362,LOW
10.848573488858413,9.884117,LOW
9.379294882739252,10.06592,MEDIUM
6.721054881360286,9.974077,LOW
7.173126130163082,9.477137,LOW
9.818479908770307,8.858908,LOW
7.936997816276891,9.266121,LOW
8.649705488161796,9.173584,LOW
9.85768030406577,9.123873,LOW
11.235864441414593,9.225719,LOW
11.313590908660187,9.753283,LOW
10.717992626029988,10.318756,MEDIUM
10.843379980296017,10.557083,MEDIUM
9.522456288516636,10.664482,MEDIUM
12.284151825046143,10.702969,MEDIUM
11.844509238212005,11.154037,MEDIUM
12.031139637306778,11.46673,MEDIUM
14.383478947803773,11.655386,MEDIUM
9.852657034363599,12.510315,MEDIUM
12.67713251847688,11.897854,MEDIUM
13.060948420838802,12.161135,MEDIUM
11.455283632780898,12.540453,MEDIUM
12.174348873593761,12.332806,MEDIUM
10.935534184653738,12.342171,MEDIUM
12.187339920398438,11.960394,MEDIUM
11.098584317365681,11.936754,MEDIUM
8.61733425495199,11.724167,MEDIUM
10.648401492479703,10.802065,MEDIUM
10.154147874969919,10.650398,MEDIUM
9.682579112841132,11.126072,MEDIUM
11.112633670169252,11.064655,MEDIUM
10.47787313973232,11.385675,MEDIUM
8.465252434918701,11.226707,MEDIUM
8.11723044929927,10.720722,MEDIUM
8.709855606378675,10.104677,MEDIUM
7.685469928704898,9.758816,LOW
10.124589417202499,9.235638,LOW
9.79369538901905,9.593977,LOW
9.748532547725564,9.501242,LOW
10.640302946584077,9.629162,LOW
9.462748824823016,10.022118,MEDIUM
10.525532587922264,10.221947,MEDIUM
12.753885413879516,10.397715,MEDIUM
10.880196144085614,11.031246,MEDIUM
12.90161523089462,11.073633,MEDIUM
11.505895227737069,11.808899,MEDIUM
14.005695800942735,11.898514,MEDIUM
13.524774871328528,12.793596,MEDIUM
13.464798151110735,13.0858555,MEDIUM
9.550937388058864,13.3555355,MEDIUM
11.391901204979526,12.177374,MEDIUM
10.411834936839275,12.026163,MEDIUM
10.93111630247932,11.456272,MEDIUM
8.93631026243574,11.178995,MEDIUM
7.940810915233395,10.790094,MEDIUM
10.463367571207492,10.164751,MEDIUM
10.763300108537313,10.193258,MEDIUM
6.663535452346026,10.291828,MEDIUM
24.83779919653518,9.643349,LOW
24.402647000929505,25.652304,HIGH
23.969792267197967,23.397873,MEDIUM
25.12636549551796,23.619852,MEDIUM
27.047406405913133,23.934162,MEDIUM
28.030512911600848,25.069757,HIGH
28.319738708825184,26.181744,HIGH
25.146261725225756,26.706663,HIGH
28.61451965279963,26.036201,HIGH
23.989936986139387,26.8228,HIGH
25.491623101643356,25.47614,HIGH
26.98715927868973,24.894817,MEDIUM
27.30972547813505,24.97976,MEDIUM
28.965527905428686,25.847366,HIGH
28.74786638929035,26.829512,HIGH
28.181741818875253,27.662449,HIGH
29.648767259616136,28.227848,HIGH
28.80804608437932,28.955029,HIGH
29.50982795913069,28.471525,HIGH
27.7399246737625,28.661541,HIGH
29.359252849712195,27.668228,HIGH
27.077493580051165,27.729748,HIGH
29.403504512830224,27.32254,HIGH
28.96373993227657,27.777369,HIGH
27.227600358336936,27.486214,HIGH
31.24760664537183,26.6939,HIGH
27.84718229859079,27.85797,HIGH
26.26844269372474,26.73814,HIGH
24.55928746075889,26.308544,HIGH
28.011014308840835,24.870754,MEDIUM
7.817776732900098,25.617672,HIGH
7.612701715255687,6.5924897,LOW
4.991096441139984,6.8182454,LOW
3.3025356912627277,5.26813,LOW
8.461795471978675,4.217622,LOW
6.349311417703335,4.636118,LOW
4.936843886637875,5.596156,LOW
6.600391115616352,6.6426344,LOW
6.994241321428809,6.4665236,LOW
7.09727242527303,6.7614713,LOW
7.644196975955553,6.9095807,LOW
7.494062149438081,7.193389,LOW
9.419075131020447,7.2354655,LOW
7.479073175781423,7.7981853,LOW
8.070076771382766,8.166742,LOW
9.255080245641786,8.388971,LOW
14.256739300842657,8.879541,LOW
9.319784759305389,10.934174,MEDIUM
10.690257372336845,10.577654,MEDIUM
11.852122819156587,10.644573,MEDIUM
10.488603449397248,10.815197,MEDIUM
8.20884276272955,11.0811,MEDIUM
11.29053776261905,10.64596,MEDIUM
5.771233061922341,10.689152,MEDIUM
6.732609819657095,9.306388,LOW
11.699267858292314,8.24406,LOW
6.518459023332312,10.020554,MEDIUM
8.221983493019877,8.705364,LOW
5.470036120540156,8.823534,LOW
6.650983417278905,8.125582,LOW
32.47861424471972,7.749497,LOW
28.11433449620044,31.944386,HIGH
30.26775427560738,28.92111,HIGH
26.80891590042686,29.704945,HIGH
30.71244635913727,28.049576,HIGH
30.45244615546581,28.6968,HIGH
30.44236167293457,28.414787,HIGH
29.94663219709001,29.124432,HIGH
28.972145257070203,29.196163,HIGH
30.012158486941953,29.103321,HIGH
27.72247449479779,28.87858,HIGH
30.87733963415444,27.861385,HIGH
28.447090734777802,28.63554,HIGH
31.255202136287526,28.263958,HIGH
32.04032062125219,29.247347,HIGH
31.337965960504285,29.993326,HIGH
30.999567727682535,30.533096,HIGH
32.22469783984644,30.431223,HIGH
34.196475943821156,31.051506,HIGH
33.57887623952616,31.852997,HIGH
28.49596976410778,32.56632,HIGH
30.297126439718603,30.61153,HIGH
32.49867671112322,30.02318,HIGH
32.623016622904345,30.00209,HIGH
32.504166417795055,30.24736,HIGH
28.937736569335083,30.456493,HIGH
30.386553216188844,29.946388,HIGH
28.559724672159604,29.674026,HIGH
30.167713944438706,28.196552,HIGH
29.49359983181198,27.981543,HIGH
23.869536883593494,27.979023,HIGH
25.970589405060846,27.037289,HIGH
26.729498372125143,28.485844,HIGH
26.439991899750424,28.362354,HIGH
25.50559016778542,27.746832,HIGH
23.88461477902819,26.874866,HIGH
24.64783278166619,25.315506,HIGH
23.308314093594507,24.012466,MEDIUM
25.927424536704834,23.178967,MEDIUM
24.072122097071997,24.20029,MEDIUM
25.963104531017148,23.821997,MEDIUM
21.673949914961995,24.654964,MEDIUM
24.12299296840763,23.509205,MEDIUM
26.135809936122612,23.468618,MEDIUM
24.35473313164996,24.300377,MEDIUM
28.221621083191835,24.459543,MEDIUM
25.56445410921537,26.275074,HIGH
27.609861789452687,25.86427,HIGH
28.57291624571627,26.557074,HIGH
26.637063955512836,26.760689,HIGH
26.770600897610073,26.46328,HIGH
26.601378832045963,26.476841,HIGH
26.953067553492865,26.054081,HIGH
27.101768782164086,26.196674,HIGH
24.879570196919218,26.163933,HIGH
24.80688765647298,25.226923,HIGH
28.059253077422525,24.390032,MEDIUM
25.733061127071508,25.271435,HIGH
24.096048383910286,24.9141,MEDIUM
27.382894963557955,24.227276,MEDIUM
13.138754053073946,24.756565,MEDIUM
9.504753124260866,11.5791,MEDIUM
11.923911050962998,10.243265,MEDIUM
7.792198540252836,10.33481,MEDIUM
11.020248594627212,8.917405,LOW
10.371773914125772,9.49642,LOW
9.45627511666108,10.211527,MEDIUM
12.005391094484972,10.399635,MEDIUM
9.637023548451907,10.658493,MEDIUM
10.842750083020979,10.59832,MEDIUM
9.722880320514028,10.595434,MEDIUM
11.953680680069727,10.620079,MEDIUM
9.558153373917365,10.949802,MEDIUM
12.210961570316659,10.767223,MEDIUM
12.902455960986016,11.107195,MEDIUM
12.24110668698482,11.533932,MEDIUM
11.725985447743682,11.9568,MEDIUM
13.964820947464453,11.983147,MEDIUM
13.16949498749451,12.847765,MEDIUM
11.948096206832046,13.100309,MEDIUM
12.899665271903766,12.908472,MEDIUM
10.967400139091925,12.970446,MEDIUM
12.647080734674045,12.332621,MEDIUM
13.43273139108428,12.399881,MEDIUM
13.513376836694128,12.790052,MEDIUM
11.20598664208962,13.016205,MEDIUM
10.963445018058241,12.5224495,MEDIUM
10.64112719806332,12.109566,MEDIUM
9.07586783244431,11.575796,MEDIUM
7.742697737673438,10.775206,MEDIUM
15.186167772205295,10.015936,MEDIUM
14.383578671427664,14.439119,MEDIUM
13.805011284261262,13.87928,MEDIUM
13.971202259352212,14.061764,MEDIUM
12.281226221528646,13.807947,MEDIUM
12.855048101508903,13.71488,MEDIUM
11.809194488810489,13.541349,MEDIUM
13.546716162625245,13.099455,MEDIUM
12.021843102934634,13.254423,MEDIUM
14.041747219009654,13.002375,MEDIUM
13.844625081885564,13.446533,MEDIUM
15.893799855459696,13.607336,MEDIUM
15.544317906134976,14.558456,MEDIUM
13.23729102364042,15.06477,MEDIUM
15.30468602995136,14.956398,MEDIUM
15.528573740141793,15.321316,MEDIUM
14.213307350558651,15.535505,MEDIUM
15.030813365676254,15.334822,MEDIUM
15.088975403853269,15.314932,MEDIUM
11.053433798247944,15.4086,MEDIUM
18.607923202473827,14.105618,MEDIUM
16.04460589587015,16.611849,MEDIUM
14.951354419863948,16.224377,MEDIUM
14.878453688857913,16.133366,MEDIUM
12.897490189008005,15.802744,MEDIUM
14.533666351197075,15.096609,MEDIUM
13.143822334074281,14.743685,MEDIUM
13.907780109096437,14.057058,MEDIUM
13.53259995593789,14.176371,MEDIUM
14.603008241389453,13.986589,MEDIUM
10.896355104461179,14.39983,MEDIUM
10.251204368259552,12.842857,MEDIUM
12.063907836080865,11.427795,MEDIUM
9.75919626641314,11.418617,MEDIUM
11.330017520516666,10.888805,MEDIUM
10.815918129351605,11.142885,MEDIUM
9.014966201855584,10.975094,MEDIUM
11.244022110205433,10.649292,MEDIUM
11.60461529891113,10.7303295,MEDIUM
13.247622843123688,10.926014,MEDIUM
10.957996590976531,11.57988,MEDIUM
12.402104407828304,11.465664,MEDIUM
12.251621937948753,11.92366,MEDIUM
12.774174845863225,12.123463,MEDIUM
13.970969423788892,12.559921,MEDIUM
11.437324181966261,13.048159,MEDIUM
13.28686248135463,12.702864,MEDIUM
14.51697890867471,13.031679,MEDIUM
15.153298067898213,13.5151825,MEDIUM
14.59163513270008,14.1443405,MEDIUM
14.437896079944077,14.443691,MEDIUM
12.559281439497344,14.638872,MEDIUM
14.692639408391544,14.098919,MEDIUM
12.68279485449993,14.285471,MEDIUM
12.611133542406066,13.841066,MEDIUM
12.455506810767538,13.478579,MEDIUM
10.299726698542111,13.132431,MEDIUM
13.684809831738331,12.180195,MEDIUM
10.860415560759947,12.681562,MEDIUM
9.867897461368743,12.156555,MEDIUM
2.773599286096183,11.204075,MEDIUM
2.2592728168694522,4.4654884,LOW
0.45835050780839914,2.298839,LOW
0.13227424805203203,1.1780583,LOW
0.0,1.1448761,LOW
1.3237049184404182,1.4498243,LOW
4.357322505121891,1.6887472,LOW
0.28119691318191187,1.8991843,LOW
2.957028278667252,1.6600486,LOW
2.931486307388451,1.745235,LOW
1.7501118503975217,1.9776365,LOW
4.266841370601686,2.2771835,LOW
0.6311115296661081,2.87144,LOW
2.0590345784073945,2.3600798,LOW
5.213455163677862,2.4076931,LOW
3.9359334352372874,3.098085,LOW
3.193737863899875,3.384396,LOW
4.57688043130335,3.4634619,LOW
4.16338794070799,3.4286969,LOW
3.7152499371497143,3.892087,LOW
5.414334644028372,4.2286024,LOW
5.813956513651192,4.4960284,LOW
1.452539597405103,4.907194,LOW
3.255633972314679,4.4328623,LOW
1.3107366291330136,3.988051,LOW
1.2345232986321255,3.4729047,LOW
2.612177597882069,2.9325333,LOW
2.3997481342897284,2.713936,LOW
4.989443954068385,2.348547,LOW
1.118092366502844,2.8275511,LOW
25.467279454426105,2.3684359,LOW
25.79948703184025,25.67941,HIGH
26.499860683846443,24.239758,MEDIUM
25.88922311557218,25.181723,HIGH
22.27737457117975,24.980324,MEDIUM
24.107297002759342,24.186169,MEDIUM
26.707275739038824,23.732286,MEDIUM
22.646821598844447,24.220398,MEDIUM
24.84577191938841,23.618147,MEDIUM
22.29218303297234,23.896345,MEDIUM
24.535968694143506,23.341587,MEDIUM
24.669048834097875,23.52843,MEDIUM
22.42950167360825,23.553648,MEDIUM
24.095885436731145,23.15718,MEDIUM
24.80674889318395,23.338251,MEDIUM
26.419682881859597,23.871185,MEDIUM
24.174999159762102,24.805122,MEDIUM
23.30585743747823,24.553589,MEDIUM
27.841143088836215,24.093203,MEDIUM
27.02290094989577,25.301949,HIGH
25.05287535236766,25.744009,HIGH
23.765747170568304,25.511433,HIGH
26.0848386659533,24.68421,MEDIUM
23.771889591258574,24.643686,MEDIUM
27.483801618132546,23.87688,MEDIUM
26.26758711883238,24.885721,MEDIUM
23.243430531201575,25.169014,HIGH
25.700694660933173,24.495121,MEDIUM
25.444879302514522,24.516998,MEDIUM
24.00050948402545,24.544294,MEDIUM
16.419567778875436,24.082933,MEDIUM
17.24384399415399,16.854126,MEDIUM
18.849251376850468,16.799158,MEDIUM
14.386552161073846,17.630936,MEDIUM
16.668867827745135,16.218998,MEDIUM
14.60084248976149,16.05853,MEDIUM
16.030469225802072,15.6755295,MEDIUM
18.205048212087284,16.26084,MEDIUM
17.105366370906367,16.845625,MEDIUM
18.790502848260648,17.230616,MEDIUM
14.682134984529412,18.024971,MEDIUM
16.462643298270653,17.01194,MEDIUM
20.92276216359702,16.886063,MEDIUM
19.092916925520807,18.732258,MEDIUM
18.523504937592634,19.07104,MEDIUM
20.471591411422487,19.105509,MEDIUM
20.18710353614826,19.702927,MEDIUM
18.71779074909813,19.932476,MEDIUM
18.8633697813108,19.494114,MEDIUM
18.489629676646185,19.19727,MEDIUM
20.958934604689645,19.056797,MEDIUM
18.262279226724587,19.749758,MEDIUM
18.475579519846207,19.16767,MEDIUM
19.612096451942257,18.85649,MEDIUM
17.67808049290962,18.998062,MEDIUM
16.664986422226704,18.561893,MEDIUM
17.96428033271374,18.021255,MEDIUM
16.176990376985245,17.968243,MEDIUM
16.0987366461502,17.279318,MEDIUM
16.8244473020856,16.584433,MEDIUM
7.354724714463533,16.60767,MEDIUM
5.832657036259413,5.822203,LOW
3.3617766523971753,5.126316,LOW
4.659192594848282,4.030323,LOW
4.3074106698153365,3.7347403,LOW
6.649890714344156,3.6579947,LOW
3.927293717516024,5.367037,LOW
4.365372231303791,5.4234686,LOW
2.4203733985820044,4.9411473,LOW
5.005563436122332,4.4404154,LOW
5.093286983621065,4.6383543,LOW
6.770790370696059,4.8804035,LOW
6.423705199180878,5.357046,LOW
6.788684294842682,5.609824,LOW
9.00022931520705,6.0813746,LOW
8.771664547837007,6.877314,LOW
7.212449829093925,7.587745,LOW
6.513321154890072,7.97043,LOW
6.13382658472038,7.9775705,LOW
8.531171740908745,7.7595935,LOW
9.038813752259658,8.2431755,LOW
10.26727336440457,8.533501,LOW
6.339146076427053,8.839865,LOW
8.256466313644633,8.29011,LOW
3.8285623941476743,8.592104,LOW
5.633432870777334,7.2686615,LOW
7.219642074216736,6.662327,LOW
3.209376831181782,7.148566,LOW
4.0361461461881,6.1833024,LOW
4.647706188893904,5.433361,LOW
15.698539311218578,5.1519265,LOW
11.580549524915135,15.419142,MEDIUM
11.48391117636492,13.427118,MEDIUM
10.925623055859285,12.505022,MEDIUM
11.324148324340447,11.40753,MEDIUM
8.83932822908243,11.380711,MEDIUM
11.099749474673242,10.890863,MEDIUM
12.34327348897928,10.818434,MEDIUM
8.977424730875702,11.308508,MEDIUM
10.378485726120179,10.834425,MEDIUM
11.565423232021518,10.71587,MEDIUM
11.742881094372233,10.955233,MEDIUM
11.112531515005056,11.247257,MEDIUM
12.299312736974786,11.355307,MEDIUM
11.528518402216825,11.724438,MEDIUM
12.217214920608297,11.687185,MEDIUM
12.114711734703175,12.244848,MEDIUM
15.027068391540839,12.35051,MEDIUM
9.900778863289993,13.466734,MEDIUM
14.08516366953647,12.381044,MEDIUM
14.424256994019043,13.20776,MEDIUM
14.035625601008647,13.558029,MEDIUM
11.452901789075002,13.889229,MEDIUM
13.756678529784299,13.340569,MEDIUM
10.603968317194898,13.693331,MEDIUM
15.101072226534693,12.742825,MEDIUM
12.387507489651098,13.79958,MEDIUM
11.828766997509925,13.200142,MEDIUM
11.58626837547845,13.001598,MEDIUM
9.684044476145761,12.399849,MEDIUM
21.893412313490927,11.486717,MEDIUM
22.035920318536895,23.037941,MEDIUM
20.143818417010273,21.96147,MEDIUM
22.84959547322594,21.198677,MEDIUM
21.386765549011145,21.79742,MEDIUM
25.390324153266995,21.82162,MEDIUM
22.447299376753197,23.473251,MEDIUM
19.91137242409925,22.652945,MEDIUM
20.226452997740743,21.796066,MEDIUM
19.723366562066133,20.855038,MEDIUM
22.224736299467885,19.999485,MEDIUM
22.970718546833762,20.830845,MEDIUM
26.777074275818812,21.834219,MEDIUM
21.623614128247056,24.275043,MEDIUM
25.07940206099999,23.23542,MEDIUM
23.428213643008785,24.108067,MEDIUM
25.111553348710046,23.69489,MEDIUM
24.854040191973,24.298923,MEDIUM
22.433790722072295,24.444809,MEDIUM
23.577065077770825,23.767273,MEDIUM
24.79027506755475,23.412851,MEDIUM
26.765026106193737,23.449654,MEDIUM
25.395772649795205,24.856739,MEDIUM
23.292713642508765,24.930939,MEDIUM
25.928629905250258,24.370613,MEDIUM
25.81092023214567,24.770569,MEDIUM
24.84337637808684,24.534145,MEDIUM
21.93111034684658,24.12761,MEDIUM
22.127069845053203,22.935297,MEDIUM
22.048086774070292,22.210743,MEDIUM
22.108689311901834,21.563934,MEDIUM
25.008082763984326,21.086834,MEDIUM
24.243326257816975,22.363132,MEDIUM
20.19600312199812,22.84038,MEDIUM
20.073576150822426,21.884373,MEDIUM
19.183895129112145,20.815716,MEDIUM
18.7588528600454,19.704414,MEDIUM
22.80391769776147,18.885004,MEDIUM
21.848891547256194,20.256908,MEDIUM
21.52722616424996,21.070076,MEDIUM
20.735702837471123,21.439508,MEDIUM
20.699689129082124,21.20163,MEDIUM
20.811507913648647,21.027138,MEDIUM
21.021011382083323,20.544348,MEDIUM
21.937875257022153,20.560684,MEDIUM
24.21749624131412,21.137684,MEDIUM
20.697852270103084,22.447594,MEDIUM
24.652025401030432,21.901726,MEDIUM
25.624146926005672,23.1604,MEDIUM
22.182144155050786,24.056875,MEDIUM
26.056732283623756,23.470936,MEDIUM
21.944476924372527,24.2501,MEDIUM
24.819515234758157,23.276558,MEDIUM
22.250032333942343,23.62257,MEDIUM
23.089042410831322,22.6026,MEDIUM
22.544546510466287,22.72533,MEDIUM
23.224245875584504,22.345266,MEDIUM
22.086548900711783,22.389065,MEDIUM
21.075159523024727,21.97644,MEDIUM
18.86430124232145,21.30346,MEDIUM
22.587346752237043,20.182835,MEDIUM
22.01130823862648,21.203663,MEDIUM
24.590951878774746,21.50505,MEDIUM
21.793733832745005,23.138271,MEDIUM
21.870177748928153,22.669811,MEDIUM
22.232898158070086,22.525812,MEDIUM
20.85877093363095,22.119455,MEDIUM
19.434906715648964,21.415043,MEDIUM
21.267214859120177,20.480816,MEDIUM
25.24219715772442,20.39643,MEDIUM
22.38136408274034,22.778198,MEDIUM
21.706573014589637,22.661692,MEDIUM
22.811362598560894,22.370422,MEDIUM
25.9090416567052,22.5412,MEDIUM
25.336379131628142,23.770758,MEDIUM
23.592726602199882,24.347464,MEDIUM
25.329458858084344,24.073526,MEDIUM
26.4937559252013,24.525919,MEDIUM
25.860255108287653,25.210505,HIGH
27.161869697278597,25.334837,HIGH
24.760251116258914,25.930088,HIGH
25.09085515726253,25.385395,HIGH
25.10888393176183,25.059498,HIGH
23.521717091731958,24.631178,MEDIUM
25.829592910377606,24.024961,MEDIUM
23.91701313820059,24.376091,MEDIUM
24.977941932369813,23.822231,MEDIUM
20.24588752547265,24.153606,MEDIUM
23.86267578508449,22.238913,MEDIUM
24.163017048794284,22.306492,MEDIUM
6.69330671380073,22.555244,MEDIUM
5.3685063861766,5.0392866,LOW
4.546677872821409,4.717457,LOW
3.207115502325502,3.9475965,LOW
7.151814567201912,3.4714103,LOW
3.200036805533909,3.8726945,LOW
2.486137850401386,4.5325794,LOW
3.2902519561979435,4.6906404,LOW
7.825831679404455,4.201436,LOW
5.976167529613557,5.2490287,LOW
5.437257092866632,5.790001,LOW
6.297359100854706,5.8404503,LOW
4.085092743011529,5.7693534,LOW
8.194847946768572,5.8698287,LOW
8.628790173942534,6.7874117,LOW
4.651680259821157,7.3695006,LOW
8.319207502633652,6.858431,LOW
9.14523459612487,7.3783135,LOW
5.822194230995292,8.009346,LOW
7.382835337027782,7.9989877,LOW
7.794808234501483,8.09268,LOW
7.634943142626176,8.1495495,LOW
8.591057097597373,8.165906,LOW
7.717608218895144,8.499088,LOW
7.99828521477162,8.249618,LOW
6.514280738977542,8.3147745,LOW
6.177306086396841,8.301679,LOW
5.23630502732189,7.9532337,LOW
3.5226166001010544,7.5109725,LOW
1.8772376826600663,6.2835736,LOW
22.53690159889756,4.7947035,LOW
20.01007373047887,24.186935,MEDIUM
19.23954117629863,21.331146,MEDIUM
19.136922183663053,20.471899,MEDIUM
22.501507163703337,19.916475,MEDIUM
18.548916618461874,20.788591,MEDIUM
19.687081656547804,20.333097,MEDIUM
18.69133514314605,19.75116,MEDIUM
17.909119738915116,19.14,MEDIUM
21.472228825762095,18.741024,MEDIUM
19.923131493508016,19.712006,MEDIUM
20.334959227018544,19.841873,MEDIUM
18.617368751970623,20.174639,MEDIUM
19.855889607787113,19.74569,MEDIUM
22.649799654748332,19.810486,MEDIUM
21.12054597060454,21.053215,MEDIUM
21.101837543108587,21.235706,MEDIUM
24.02972223573648,21.478817,MEDIUM
22.37811633184758,22.55143,MEDIUM
23.66771772629705,22.601856,MEDIUM
21.16935421350704,23.16632,MEDIUM
21.179558546767076,22.528008,MEDIUM
19.899769730684326,22.050627,MEDIUM
22.063943771951074,21.013557,MEDIUM
19.875787035081096,21.201124,MEDIUM
18.035894019338894,20.535547,MEDIUM
21.292160930468768,19.503113,MEDIUM
21.5157656245451,19.921871,MEDIUM
19.316516874037802,20.454645,MEDIUM
17.726734008647142,20.30399,MEDIUM
34.820241667744234,19.312986,MEDIUM
34.03689867594634,32.144543,HIGH
32.23722314050005,32.33892,HIGH
30.639766330379704,31.742748,HIGH
29.376696187122697,30.412666,HIGH
30.373736013271202,29.4112,HIGH
32.64722518620759,28.785725,HIGH
28.80409466471899,28.63533,HIGH
30.015752376273245,28.64726,HIGH
31.31529562685435,29.099108,HIGH
30.58284968911785,29.487307,HIGH
32.64387971892158,29.382078,HIGH
32.3776859812897,30.321396,HIGH
32.99551089360129,31.075644,HIGH
33.65136303485093,31.617104,HIGH
33.325318141047696,32.48769,HIGH
38.49964244822949,32.893944,HIGH
31.6906719593444,35.12093,HIGH
34.59385898855128,34.267307,HIGH
32.792803867835296,34.63795,HIGH
37.11799173737081,33.1301,HIGH
32.07510388585344,34.14381,HIGH
34.266811292778726,32.244846,HIGH
33.300082137925074,31.711342,HIGH
34.47789866678994,32.18128,HIGH
34.88656197663653,32.87833,HIGH
36.14821392190345,33.296326,HIGH
32.9849873370768,33.667736,HIGH
33.93271012548972,33.27373,HIGH
31.224079347291713,32.571625,HIGH
14.4322884651527,30.751293,HIGH
12.858921073287082,12.901693,MEDIUM
13.7168055598631,12.426838,MEDIUM
10.688782676433153,13.577818,MEDIUM
8.368894016000795,12.531254,MEDIUM
10.57398566967605,9.6707535,LOW
7.593863430645769,9.683636,LOW
14.106168319206791,9.98909,LOW
9.35424078769379,12.271669,MEDIUM
10.327716987989964,11.0884285,MEDIUM
10.592524773142443,10.828951,MEDIUM
9.019926234431221,10.74011,MEDIUM
11.121494889262337,10.652712,MEDIUM
15.397705498479967,10.7792015,MEDIUM
12.777335960175684,12.746946,MEDIUM
10.493754444088307,12.7679,MEDIUM
12.336582584860157,12.313742,MEDIUM
15.623609051302717,12.273235,MEDIUM
16.40939134830378,13.860037,MEDIUM
13.849768197179941,14.804998,MEDIUM
11.701933214827548,14.79837,MEDIUM
12.366385824609022,13.962454,MEDIUM
14.47118919620852,13.510448,MEDIUM
14.064828638172067,13.819859,MEDIUM
9.88486451026054,13.864162,MEDIUM
12.89696087397647,12.774727,MEDIUM
9.678063214957781,12.763235,MEDIUM
13.061161524247801,11.634712,MEDIUM
11.716709894396944,12.091145,MEDIUM
11.407533632238222,12.134293,MEDIUM
31.346656759158446,11.898603,MEDIUM
29.675303671283217,30.422636,HIGH
28.158494332457142,29.248,HIGH
31.033370433436822,28.796577,HIGH
26.484894763731663,29.670658,HIGH
31.28802959152187,28.226227,HIGH
25.54650035818533,29.73976,HIGH
29.586173052849077,26.168972,HIGH
29.52651645882553,27.430716,HIGH
26.640314644692584,27.600975,HIGH
26.43352564612609,26.967514,HIGH
25.600135816789226,26.332344,HIGH
29.544525676826687,25.754932,HIGH
27.83653895916821,27.268724,HIGH
28.59944793002881,26.924084,HIGH
31.13719366601964,27.934502,HIGH
29.933083519355968,29.077045,HIGH
31.740769795950754,29.256462,HIGH
32.04994881174865,30.171673,HIGH
30.679892860436006,30.824017,HIGH
32.583771265926245,31.093128,HIGH
32.251055676039925,32.178593,HIGH
28.410248228673208,31.878447,HIGH
31.398528337610372,29.872633,HIGH
30.237446660926917,29.812199,HIGH
25.108600362680924,28.667315,HIGH
27.692124368057925,25.682606,HIGH
28.52491759192229,25.451797,HIGH
27.74777159516509,25.963772,HIGH
30.165087967484684,26.293087,HIGH
25.823133957012562,27.096478,HIGH
23.854591106693878,26.332165,HIGH
21.34881972608396,25.232903,HIGH
24.78868487173502,22.130028,MEDIUM
21.05752386392177,22.714962,MEDIUM
19.517842025218744,21.738243,MEDIUM
22.618157483131846,20.594406,MEDIUM
22.544093460078578,20.813799,MEDIUM
20.091273326746986,21.51964,MEDIUM
21.61795704287731,21.014666,MEDIUM
22.07662628984068,20.980745,MEDIUM
23.30722545317731,21.45641,MEDIUM
23.23337397623416,22.131992,MEDIUM
25.56471937856257,22.55775,MEDIUM
25.46723819923473,23.952263,MEDIUM
26.256550039483727,24.480164,MEDIUM
24.848882542371406,25.211308,HIGH
22.974483675357348,25.081875,HIGH
26.32177053576246,24.209518,MEDIUM
26.134898742993045,24.550663,MEDIUM
24.4250513168346,24.789965,MEDIUM
24.40685739554612,24.436155,MEDIUM
24.62757721284786,23.952433,MEDIUM
27.187819763100578,23.989769,MEDIUM
25.384262828517045,25.085062,HIGH
22.50975417772182,24.789276,MEDIUM
21.729643376028722,23.912617,MEDIUM
23.964964516149912,22.738832,MEDIUM
24.725287913775944,22.553493,MEDIUM
23.18965590038715,22.929234,MEDIUM
0.0,22.836674,MEDIUM
0.0,1.5785804,LOW
0.0,0.680351,LOW
0.0,0.56140316,LOW
0.0,0.5521492,LOW
0.0,0.55192244,LOW
0.0,0.8499447,LOW
0.0,0.9447435,LOW
0.0,0.9178554,LOW
0.0,0.9095489,LOW
0.0,0.8780887,LOW
0.0,0.8479235,LOW
0.0,0.8452642,LOW
0.0,0.863358,LOW
0.0,0.85263634,LOW
0.0,0.86339176,LOW
1.22944515766984,0.851184,LOW
0.0,0.99017966,LOW
0.0,1.0455619,LOW
1.1175382981911355,1.1150912,LOW
1.4577195807465593,1.1704131,LOW
0.2394043155687502,1.3093249,LOW
0.0,1.3945787,LOW
0.0,1.2767198,LOW
0.0,1.2103078,LOW
0.8734297628275698,1.2143031,LOW
0.0,1.2448597,LOW
0.0,1.1499735,LOW
0.0,1.0254524,LOW
0.0,1.0125153,LOW
15.581221140350634,1.0273699,LOW
13.17616623618255,15.840105,MEDIUM
14.013250025090132,12.912006,MEDIUM
11.579649106540781,12.703356,MEDIUM
13.263019965703803,12.132692,MEDIUM
11.664895391857804,12.112219,MEDIUM
14.019441136905215,12.3779125,MEDIUM
11.472933064858397,13.204319,MEDIUM
11.817519709411078,12.72756,MEDIUM
10.019542363191041,12.52277,MEDIUM
9.141356259598409,11.663267,MEDIUM
13.964799620428476,10.767319,MEDIUM
12.358232231122901,12.074783,MEDIUM
14.384779511804803,12.105368,MEDIUM
14.670778643691598,12.85969,MEDIUM
13.827060834349098,13.523983,MEDIUM
15.415424034033496,13.850773,MEDIUM
14.22530754596349,14.529797,MEDIUM
13.1171028285817,14.743221,MEDIUM
17.391964165628487,14.478056,MEDIUM
17.296207813675974,15.57917,MEDIUM
15.402646250805871,16.130693,MEDIUM
12.831642200087593,16.219261,MEDIUM
13.71303448013625,15.113663,MEDIUM
13.053256149384744,14.522831,MEDIUM
13.16711929260199,13.996822,MEDIUM
14.591607583927965,13.522152,MEDIUM
13.739512804867717,13.93708,MEDIUM
12.229329101374297,13.906681,MEDIUM
11.607457797493712,13.451948,MEDIUM
26.181688360539564,12.891733,MEDIUM
23.913627787982193,25.839787,HIGH
25.85399765918467,23.77826,MEDIUM
21.97146311690392,24.6451,MEDIUM
24.492807939283203,23.582232,MEDIUM
26.40344822474902,23.867573,MEDIUM
22.42528902512987,24.397327,MEDIUM
20.614335424124,23.604551,MEDIUM
26.726170663796346,21.449646,MEDIUM
28.34468613728146,23.837194,MEDIUM
24.883286749848974,25.978455,HIGH
24.700732020055966,25.645247,HIGH
28.478969216891326,25.276512,HIGH
25.14066749570675,26.399574,HIGH
25.528649105127858,25.801132,HIGH
25.127337869783464,25.372114,HIGH
27.96242963847068,24.830952,MEDIUM
26.71490829078531,25.982952,HIGH
26.325822842450172,26.00334,HIGH
26.734764788503345,26.037205,HIGH
31.08570274037086,25.994898,HIGH
25.35394490982853,27.948654,HIGH
27.012235794061695,26.574284,HIGH
25.884870891260597,26.414734,HIGH
26.215760799943247,25.886257,HIGH
25.27692680007686,25.715366,HIGH
23.233219226995317,24.827248,MEDIUM
23.999611576309462,23.723484,MEDIUM
24.90658591769185,23.337828,MEDIUM
23.057304335044,23.37446,MEDIUM
3.6022440081561626,23.117523,MEDIUM
2.9683018280172373,2.9817848,LOW
3.061557750213291,2.5578632,LOW
4.4423711541769,1.7705978,LOW
5.519837212520871,1.979787,LOW
0.8253601526226877,2.5584457,LOW
2.6969316810343287,3.2709553,LOW
3.0078622517149274,3.274663,LOW
2.0387698532059932,3.2977417,LOW
3.0153834052569444,3.196113,LOW
4.40315004643736,3.034429,LOW
4.131851280981184,2.9634109,LOW
3.901499189532343,3.3247082,LOW
3.832413002002731,3.554917,LOW
3.0541294232181357,3.638144,LOW
4.762053475364715,3.781095,LOW
6.895351868103878,4.161068,LOW
4.722635725638188,4.9388776,LOW
8.851539981165509,5.1410184,LOW
7.4341583833439255,6.112455,LOW
5.452801810736579,6.609678,LOW
5.890451137711008,6.847794,LOW
3.3829868377024486,6.8465047,LOW
4.076339132164444,6.0158544,LOW
5.2156828788229,5.3374276,LOW
3.900291168698189,5.336429,LOW
3.907178975907277,5.0985656,LOW
3.350267823374457,4.6909904,LOW
3.324854606635725,4.2295985,LOW
0.0,4.081998,LOW
22.68711091459091,3.1526904,LOW
24.216137234504952,24.049826,MEDIUM
21.974367079324683,22.856144,MEDIUM
22.963366348625243,22.404892,MEDIUM
21.599367850133305,22.349003,MEDIUM
23.11802398017044,22.09085,MEDIUM
21.713212330606254,22.418976,MEDIUM
21.9512444080392,21.816145,MEDIUM
24.098275191858324,21.729462,MEDIUM
21.470444979671825,22.686008,MEDIUM
24.169507033244532,22.382343,MEDIUM
21.64162538742565,22.916584,MEDIUM
25.6157797289287,22.391506,MEDIUM
22.999982330271457,23.68383,MEDIUM
26.39457355157481,23.26828,MEDIUM
22.837161627626784,24.612236,MEDIUM
27.3616600314669,23.908957,MEDIUM
25.127275077026717,25.41799,HIGH
25.95125080439639,25.025331,HIGH
26.52519082676681,25.558947,HIGH
24.278430492771943,25.59442,HIGH
25.690301392776085,25.121775,HIGH
24.801402401614034,24.937565,MEDIUM
23.08562682236245,24.372215,MEDIUM
24.909204750140965,23.66164,MEDIUM
26.23505010528831,23.524597,MEDIUM
23.439919978261702,24.3084,MEDIUM
24.904211366729776,23.89087,MEDIUM
23.908805715674493,23.737879,MEDIUM
21.030571040343634,23.445608,MEDIUM
15.142264972432619,22.455599,MEDIUM
14.762219530821556,13.684843,MEDIUM
15.096189949313276,13.21961,MEDIUM
12.946016193288937,14.397579,MEDIUM
13.147167341825305,13.499273,MEDIUM
16.01930067854312,13.578318,MEDIUM
13.291763190896853,14.559149,MEDIUM
13.180907774005147,14.304167,MEDIUM
13.810134045561085,14.076994,MEDIUM
12.925237341695528,14.038761,MEDIUM
17.20511347088123,13.872192,MEDIUM
17.27723175301505,15.225349,MEDIUM
15.05272068599903,15.962481,MEDIUM
16.736132083342696,15.938276,MEDIUM
16.972246159561365,16.354033,MEDIUM
16.699059355342307,16.596657,MEDIUM
18.143910196257256,16.533413,MEDIUM
17.158185217970573,17.061193,MEDIUM
17.216517347550617,17.31433,MEDIUM
16.088688102258395,17.282904,MEDIUM
15.616076728274322,16.585606,MEDIUM
18.77612646790577,16.30382,MEDIUM
17.319822427669934,17.143675,MEDIUM
17.28991971259706,17.214113,MEDIUM
17.977550236333705,17.217585,MEDIUM
17.750441415806915,17.474699,MEDIUM
18.000945951827408,17.642376,MEDIUM
15.587589909158835,17.53848,MEDIUM
15.406809578325202,16.76447,MEDIUM
12.835128147663047,16.094322,MEDIUM
9.376229601434822,14.858961,MEDIUM
11.735723765636754,13.547333,MEDIUM
6.163427650533945,13.26145,MEDIUM
8.266072099894144,6.2089033,LOW
8.930479063250992,6.5915413,LOW
8.726703227898467,8.756971,LOW
8.869797484599616,9.5848255,LOW
9.325617296172885,9.685703,LOW
8.969905104635012,9.521576,LOW
9.011945024816793,9.497688,LOW
10.495460979018933,9.86178,LOW
7.055745912332814,10.174862,MEDIUM
8.186176955877915,9.799974,LOW
10.374130885161792,9.635511,LOW
8.233510931067546,10.045841,MEDIUM
14.335587563294355,9.883814,LOW
11.319707217284268,12.741318,MEDIUM
10.70923964289833,12.041025,MEDIUM
13.050204140887077,11.872854,MEDIUM
10.135065615136956,12.370621,MEDIUM
10.829308105615537,12.272495,MEDIUM
9.581038792304597,12.044292,MEDIUM
10.87929573312119,11.338341,MEDIUM
10.87587922385871,11.360466,MEDIUM
14.60379356952716,11.506422,MEDIUM
10.737834175048999,12.683319,MEDIUM
9.70080403358701,12.144688,MEDIUM
8.9899295359488,11.6322975,MEDIUM
9.445630686955585,10.973759,MEDIUM
8.24238423535554,10.780001,MEDIUM
14.368382636160774,10.46133,MEDIUM
15.948345541155033,10.907837,MEDIUM
12.241481087700668,12.258421,MEDIUM
14.51409885840115,11.916018,MEDIUM
12.448034015107847,12.928207,MEDIUM
14.289302671875248,12.544537,MEDIUM
13.26343461291478,13.502253,MEDIUM
14.10086869483198,13.728031,MEDIUM
16.377805445988418,13.913332,MEDIUM
14.016866917501813,14.6790085,MEDIUM
14.534909914946722,14.714144,MEDIUM
14.53578671643649,14.820044,MEDIUM
14.829818592917047,14.884333,MEDIUM
14.430023057838541,15.054771,MEDIUM
15.135822384338907,14.894081,MEDIUM
16.834100640941614,15.100817,MEDIUM
11.86178291261184,15.756193,MEDIUM
18.33669825008318,14.549673,MEDIUM
16.431359365599164,16.55241,MEDIUM
15.74776814150723,16.302973,MEDIUM
17.07720238903597,16.31474,MEDIUM
17.029283711894358,16.490835,MEDIUM
15.164896606878372,16.656424,MEDIUM
16.7852626545967,16.227789,MEDIUM
13.674212995606213,16.309319,MEDIUM
12.63238212766712,15.529535,MEDIUM
14.800346594440162,14.339327,MEDIUM
16.540334725056205,14.272261,MEDIUM
11.83383259829888,15.074089,MEDIUM
11.826074310646769,14.119795,MEDIUM
8.716918745962952,13.406942,MEDIUM
11.065716241868213,12.904936,MEDIUM
5.793273381892435,12.559181,MEDIUM
7.6465639165926635,6.558764,LOW
6.2939373881798755,6.7400503,LOW
5.354865966430868,8.282017,LOW
9.928229416832517,7.6756697,LOW
7.6058298430950035,9.3095,LOW
9.084893599023937,8.609862,LOW
9.0488957709996,8.885296,LOW
8.61631013299489,8.975712,LOW
8.551603982775955,9.274915,LOW
9.125852709314866,9.489149,LOW
9.777224285575633,9.742563,LOW
7.596787002842209,10.084272,MEDIUM
11.096124199517142,9.888039,LOW
10.130525644625484,10.413321,MEDIUM
10.805692225203131,10.448833,MEDIUM
13.126842170951507,10.673397,MEDIUM
12.12333387081053,11.543409,MEDIUM
10.156756915280955,11.915781,MEDIUM
11.773761542393613,11.829407,MEDIUM
10.738967015055028,12.283436,MEDIUM
8.635153466908182,12.067907,MEDIUM
13.343025231572335,11.131958,MEDIUM
8.838274373600187,12.381317,MEDIUM
11.506577537408727,11.043535,MEDIUM
7.986835713050029,11.311697,MEDIUM
10.391714642953817,10.658005,MEDIUM
9.542596804425115,10.668314,MEDIUM
26.46729453932137,10.646208,MEDIUM
26.05706682737653,26.030052,HIGH
22.605685830269984,24.752954,MEDIUM
21.615549999634844,23.756119,MEDIUM
19.84375669302474,22.778933,MEDIUM
22.466496753593777,21.644367,MEDIUM
23.992346625675268,21.135584,MEDIUM
21.659031211173986,21.85802,MEDIUM
22.533828164340893,22.025791,MEDIUM
24.981661984613496,22.188002,MEDIUM
22.3409336407555,23.171265,MEDIUM
25.45985425399322,22.85561,MEDIUM
24.310223420873523,23.826109,MEDIUM
23.073860518506635,23.893633,MEDIUM
25.46167868830787,23.595428,MEDIUM
27.78964577010683,23.950726,MEDIUM
24.06766025774852,25.60778,HIGH
27.997321761302686,25.08895,HIGH
28.76185336477028,26.305473,HIGH
26.539763868528354,27.07468,HIGH
27.062615783029795,26.828224,HIGH
25.66203138123403,26.394249,HIGH
28.573749388095983,25.755207,HIGH
26.185106498724934,26.546976,HIGH
24.447505457681245,25.584827,HIGH
25.36927594123305,24.859337,MEDIUM
25.237148546892293,24.545738,MEDIUM
22.267981365500837,24.247974,MEDIUM
25.563895741846153,23.153072,MEDIUM
23.705234487649978,23.36901,MEDIUM
17.953185708832663,23.226763,MEDIUM
16.742512054332217,17.984444,MEDIUM
16.825468893398572,15.836914,MEDIUM
16.52740375553099,16.124168,MEDIUM
19.695516002592164,15.968029,MEDIUM
16.31602078084154,17.40994,MEDIUM
16.526008277156446,17.171797,MEDIUM
17.709904605174906,17.11257,MEDIUM
14.752033019790407,17.118786,MEDIUM
17.046182384316047,16.330591,MEDIUM
18.227663575738248,16.43732,MEDIUM
15.427300005152361,17.07421,MEDIUM
17.649411498833203,16.550909,MEDIUM
17.88367554491078,16.848206,MEDIUM
19.356602536725518,17.378372,MEDIUM
19.803013040897927,18.165722,MEDIUM
18.747503920658918,18.771784,MEDIUM
17.73988550635484,18.93703,MEDIUM
20.91147827488444,18.59473,MEDIUM
17.562386884012984,19.186817,MEDIUM
19.117668579778517,18.63763,MEDIUM
18.07007094647416,18.614216,MEDIUM
17.85176919462502,18.300587,MEDIUM
21.186158750128453,18.15202,MEDIUM
18.11956421010313,18.982304,MEDIUM
19.677214452741104,18.786385,MEDIUM
16.061041586542885,18.936466,MEDIUM
17.08017844273127,17.843397,MEDIUM
15.581854366798433,17.265615,MEDIUM
14.735627406858155,16.220806,MEDIUM
15.232285566559803,15.758162,MEDIUM
14.951028544650736,15.332088,MEDIUM
13.510188398096702,15.260206,MEDIUM
14.286256088781725,14.739271,MEDIUM
12.252215475354923,14.505829,MEDIUM
13.59737519151214,13.802336,MEDIUM
15.126406253474883,13.7323265,MEDIUM
13.928972191528825,14.107424,MEDIUM
12.387860891856755,14.120964,MEDIUM
13.793263741592472,13.790743,MEDIUM
14.684023991530484,13.840319,MEDIUM
15.027633487161015,14.163076,MEDIUM
16.118843052632876,14.4686165,MEDIUM
11.967239568099982,15.248587,MEDIUM
16.033534083024563,14.392311,MEDIUM
16.62808597286681,15.185583,MEDIUM
13.609092033917069,15.651953,MEDIUM
13.564140422993724,15.328396,MEDIUM
18.492540581814694,14.830978,MEDIUM
16.399612211059072,16.484186,MEDIUM
15.87938502961617,16.336552,MEDIUM
13.96860232013625,16.324974,MEDIUM
13.226790816252201,15.751942,MEDIUM
16.676361966257687,14.927441,MEDIUM
12.25083767532635,15.404367,MEDIUM
14.470067349187126,14.362928,MEDIUM
14.166932760848365,14.401432,MEDIUM
14.331388642205763,14.327541,MEDIUM
13.089047800743515,14.541227,MEDIUM
12.101623894398053,14.095419,MEDIUM
9.940513798756546,13.561081,MEDIUM
6.605544775848937,12.852556,MEDIUM
8.707254998727668,7.438761,LOW
6.556297622126964,7.8158584,LOW
6.349141824173561,7.883585,LOW
5.450068100669558,7.86736,LOW
5.242462776824677,7.9047265,LOW
6.680720517746414,7.0846295,LOW
5.832709573597857,6.9710603,LOW
5.866666612937957,6.8137116,LOW
6.882491941365695,6.5425587,LOW
6.9018898945901395,6.6578264,LOW
9.398900828613378,6.8612185,LOW
5.675040807228314,7.5180163,LOW
8.563869256483002,7.479301,LOW
7.289459177848659,7.930743,LOW
8.400163076221219,8.139671,LOW
7.50832673640131,8.520641,LOW
6.879499127610108,8.515695,LOW
6.149077863428644,8.381176,LOW
8.170675820903314,8.044902,LOW
11.010195337210563,8.268431,LOW
8.510180239238654,9.2589445,LOW
7.749790923619479,9.145842,LOW
6.299412187532356,8.914272,LOW
8.89198961979448,8.546335,LOW
4.501651194163733,8.908995,LOW
6.757193614058426,7.8144965,LOW
6.2514400212016294,7.7134643,LOW
4.477999356281277,7.345657,LOW
11.835885149775674,6.817077,LOW
11.984001954921816,8.450386,LOW
6.835352209095119,8.943254,LOW
7.986807264683392,8.4127655,LOW
12.378344990629678,8.320521,LOW
7.2607652114173575,10.0471,MEDIUM
10.771926374609416,9.606857,LOW
11.392117636190516,10.129795,MEDIUM
11.085009725698079,10.3048935,MEDIUM
9.27038621545605,10.542454,MEDIUM
12.572539538828961,10.53125,MEDIUM
9.783989212831166,11.017902,MEDIUM
11.657830830919654,10.78804,MEDIUM
8.31405418148326,11.134069,MEDIUM
13.469382534162614,10.646976,MEDIUM
12.474713263203542,11.655979,MEDIUM
12.815634158973733,11.782398,MEDIUM
14.567638978376575,12.23538,MEDIUM
12.041888303727406,12.872564,MEDIUM
12.631984731285304,12.989294,MEDIUM
13.303876011340067,13.024202,MEDIUM
14.685307264154702,13.2628975,MEDIUM
9.12954565615437,13.76792,MEDIUM
12.056640274765781,12.308081,MEDIUM
12.521884501104099,12.015615,MEDIUM
12.237109802250986,12.164572,MEDIUM
9.59108307655278,12.230999,MEDIUM
9.126617438778851,11.401356,MEDIUM
8.73126407465596,10.679647,MEDIUM
8.85464389887801,10.262508,MEDIUM
19.304344160881914,9.946394,LOW
16.483494801792723,19.798716,MEDIUM
20.732297195260905,17.375828,MEDIUM
17.672717522913704,18.86207,MEDIUM
17.3063672684846,18.20481,MEDIUM
17.81127620255593,18.03915,MEDIUM
18.32632633248671,17.742363,MEDIUM
18.515385942367747,17.916428,MEDIUM
14.069380445500899,18.13588,MEDIUM
17.44344908064498,16.263493,MEDIUM
16.855059600915425,16.520697,MEDIUM
18.411225358656296,16.448662,MEDIUM
16.30548922388381,17.347012,MEDIUM
15.884771778201944,16.956766,MEDIUM
19.920288732641193,16.71967,MEDIUM
21.993801666311033,17.927666,MEDIUM
20.519006982260183,19.607937,MEDIUM
18.362857194557634,20.040611,MEDIUM
18.53385176643078,19.665447,MEDIUM
20.57214417719487,18.981182,MEDIUM
21.980198129561764,19.213295,MEDIUM
18.501234516032298,20.006104,MEDIUM
20.84771463717234,19.59508,MEDIUM
20.41953801649879,19.756487,MEDIUM
18.9743295329393,19.757122,MEDIUM
19.995739063670218,19.330986,MEDIUM
19.25690464586643,19.001799,MEDIUM
19.854598479374893,18.969973,MEDIUM
17.00605310102893,19.13137,MEDIUM
17.47466352274947,18.123764,MEDIUM
7.174528671401603,17.50656,MEDIUM
4.078373457003497,5.840204,LOW
2.4359246069213096,4.8075953,LOW
2.2610399637986465,2.7580242,LOW
2.498575720833836,1.4923277,LOW
1.6390767443765668,1.4410539,LOW
4.996105650157036,2.1090903,LOW
2.0778085382911886,3.4780827,LOW
6.050417943950652,2.9235115,LOW
4.056087609807106,3.6552749,LOW
3.07714404343354,3.9090772,LOW
3.2609032697852545,3.9766545,LOW
2.4095947747266226,3.9791915,LOW
5.859856035177172,3.77505,LOW
1.955303142373916,4.3376465,LOW
5.682100095643619,3.9752584,LOW
7.229708802685664,4.214011,LOW
8.470640274657718,4.999256,LOW
6.27980058408631,6.1700764,LOW
5.138337821216549,6.5247474,LOW
6.047432764025235,6.381602,LOW
4.0935527347378375,6.548488,LOW
5.717774446199018,6.3812084,LOW
6.257817266907283,6.281326,LOW
3.458857820562134,6.3040004,LOW
6.688830107900754,5.7177505,LOW
3.7330058941106827,5.814479,LOW
4.278131321118519,5.5577884,LOW
2.2817660148760233,5.3305035,LOW
2.4856906426952676,4.6849966,LOW
4.3297233909121395,4.046489,LOW
5.239882418907722,4.169114,LOW
4.790184975864875,4.400919,LOW
4.833843075088907,4.5272737,LOW
5.8313602926322545,4.5615344,LOW
5.4003098595667325,5.077177,LOW
6.796383041179036,5.5754085,LOW
5.892054590170378,6.018371,LOW
4.953268883925423,6.197732,LOW
4.6621767922620805,6.131688,LOW
6.484747056718506,5.957402,LOW
6.865453814612728,6.2212234,LOW
6.973789388737881,6.5400996,LOW
5.289883527971837,6.7527027,LOW
5.670312797173107,6.588675,LOW
8.082583934194373,6.4816375,LOW
8.880881800507375,7.111592,LOW
7.985653110003671,7.7495947,LOW
8.000395493777102,7.9469256,LOW
8.123347059812415,8.010763,LOW
8.589713814654116,8.319176,LOW
9.107446644121083,8.847652,LOW
8.605993726352438,9.161247,LOW
7.665392860546747,9.1595,LOW
8.413043296911212,8.890009,LOW
6.5878754257853345,8.957895,LOW
6.300457932435483,8.637686,LOW
3.637293387187709,8.309996,LOW
4.199531673222875,6.8471103,LOW
6.7945795391551815,6.068307,LOW
31.879694831401338,6.3611794,LOW
30.820230596069845,32.999264,HIGH
29.839813573863314,29.776995,HIGH
31.16355255384393,29.75515,HIGH
29.45127665527316,30.04453,HIGH
30.239268433783455,29.408453,HIGH
27.882143731261053,29.510012,HIGH
28.437669169741945,27.689604,HIGH
28.08173720451663,27.494814,HIGH
28.850232602502913,26.979664,HIGH
29.993341450068627,27.12121,HIGH
31.702505256659595,27.953533,HIGH
30.450512608027864,29.750404,HIGH
31.145475987064973,30.031673,HIGH
31.949352646888592,30.654036,HIGH
32.20746307021981,31.078999,HIGH
33.59865685840049,31.425474,HIGH
33.682676955588015,31.985237,HIGH
33.67868353038085,32.619915,HIGH
31.511556954173425,33.205086,HIGH
35.43712685636802,32.5428,HIGH
32.60853589321861,33.615726,HIGH
33.927794168303265,32.394188,HIGH
30.20372868503322,32.35604,HIGH
29.236934916395725,30.139866,HIGH
33.203196929419605,29.0252,HIGH
30.504596404151584,29.832386,HIGH
31.054719800367828,29.064262,HIGH
32.40825895702242,29.768545,HIGH
28.204633743169254,30.234959,HIGH
5.086310791898947,29.119705,HIGH
0.0,4.4025345,LOW
4.6383735826884225,2.4027662,LOW
0.0,1.7351292,LOW
0.7809096622963434,1.2800336,LOW
1.885871867772817,1.1056554,LOW
0.10670895997759722,1.3797157,LOW
0.9605549630640713,1.7135553,LOW
0.5622842013516287,1.6448301,LOW
1.0260903272880366,1.4955302,LOW
2.5127893331657782,1.4996264,LOW
0.0,1.6411093,LOW
0.85198196608013,1.5598651,LOW
0.0,1.5479418,LOW
2.6560856041756473,1.501013,LOW
2.5561079866457357,1.6401258,LOW
3.2040358844375394,1.7863001,LOW
3.8230876957376,1.9339292,LOW
5.0492840755726025,2.1751804,LOW
3.971467949652304,2.943108,LOW
3.439394050525861,3.4985945,LOW
1.9506585438867052,3.8152776,LOW
0.7875533029548087,3.4922268,LOW
1.6846998507943578,3.0597358,LOW
4.003468228567396,2.789381,LOW
0.9482756930741765,2.8960838,LOW
4.5084398885100985,2.3809295,LOW
0.0,2.5854232,LOW
0.0,2.1031,LOW
1.4320782003634989,1.9198873,LOW
10.474459571442566,1.9239179,LOW
7.124111098706267,9.035032,LOW
10.091794235957888,7.9454412,LOW
7.992601929423769,7.753049,LOW
6.88214784054459,7.502362,LOW
9.94237017943107,7.68669,LOW
6.938998810241319,8.768267,LOW
5.349480389261532,8.851782,LOW
7.072839114785035,7.840058,LOW
4.116164093554687,7.794001,LOW
7.2390004277311295,6.7148848,LOW
8.89796950313558,7.0220046,LOW
7.5900503619892445,7.555314,LOW
10.41557183321645,7.4800067,LOW
8.457908482042814,8.230581,LOW
9.322222138575741,8.434553,LOW
8.866577914937583,9.070149,LOW
10.8807707512219,9.346918,LOW
10.700485686163884,10.107782,MEDIUM
8.521583545530422,10.266382,MEDIUM
10.923877026487887,10.118925,MEDIUM
10.329118039792847,10.285009,MEDIUM
7.597705274495379,10.423176,MEDIUM
8.312523578181727,10.032192,MEDIUM
9.409898791786631,9.598331,LOW
8.710706706719405,9.636349,LOW
9.6016480622913,9.504236,LOW
6.2637875254237105,9.709248,LOW
7.884203874168189,8.856247,LOW
6.650292471927698,8.490791,LOW
0.8517894027615789,8.332123,LOW
0.06973497799195627,4.853167,LOW
0.23121794362931603,2.6010675,LOW
3.263996581735075,1.8077071,LOW
4.957583814848816,2.310732,LOW
0.0,3.1130404,LOW
0.0,2.1348822,LOW
2.8542037613072235,1.6445438,LOW
0.0,1.9853008,LOW
2.210370785280597,1.9165778,LOW
0.0,1.963094,LOW
1.6271435530176976,1.5694649,LOW
2.555710089568901,1.5643564,LOW
2.435412192417731,1.7194624,LOW
1.1108227445498446,1.7521987,LOW
5.021021814044962,1.7329614,LOW
1.753611693401652,2.432955,LOW
1.0917725937422293,2.4932928,LOW
4.311597156204853,2.414453,LOW
6.675262623749996,2.7778373,LOW
5.875899831607093,3.8890672,LOW
0.8684163621750454,4.7145844,LOW
4.4171248580693,3.795162,LOW
3.1546745595700356,3.853416,LOW
6.16619513118037,4.1153593,LOW
0.11851466416750434,4.890538,LOW
3.497562125055591,3.9364502,LOW
0.7890165386084735,3.4249668,LOW
3.6357233599800036,2.977141,LOW
0.38822552914162145,3.2036693,LOW
23.342803835967892,2.5993047,LOW
22.21161062256875,23.373007,MEDIUM
24.416650409058526,21.555042,MEDIUM
19.660991301022328,22.503849,MEDIUM
21.889406754957644,21.482805,MEDIUM
19.584569090624576,21.4958,MEDIUM
18.95090127007739,20.5216,MEDIUM
22.75845972559646,19.453463,MEDIUM
19.424204148148185,20.305902,MEDIUM
20.41672160105872,20.300156,MEDIUM
22.80915876680602,20.1941,MEDIUM
21.67051036290988,20.993187,MEDIUM
18.640174792435445,21.41613,MEDIUM
22.679304768123288,20.423706,MEDIUM
22.890293946912614,20.98881,MEDIUM
24.26662186035387,21.618345,MEDIUM
25.390867160842376,22.82093,MEDIUM
22.811177474651622,23.761436,MEDIUM
25.413981832354946,23.648687,MEDIUM
24.57651764896511,24.115187,MEDIUM
24.231677093273014,24.150616,MEDIUM
23.31323223715206,24.030613,MEDIUM
24.36459204469893,23.618132,MEDIUM
23.511669354743688,23.63635,MEDIUM
23.728458521955925,23.20314,MEDIUM
21.423810292781965,23.037811,MEDIUM
24.45306606163714,22.2929,MEDIUM
21.123425409410668,22.641285,MEDIUM
23.548646318372644,22.02877,MEDIUM
22.6390179874115,22.201748,MEDIUM
12.999282141740578,22.09216,MEDIUM
14.740089616121205,12.574629,MEDIUM
12.739177555406242,12.774563,MEDIUM
15.766269224580903,13.346535,MEDIUM
13.613019516244096,14.348127,MEDIUM
11.425338575250889,14.024443,MEDIUM
13.980553119904002,13.535366,MEDIUM
13.517197723413165,13.713236,MEDIUM
11.56806489900606,13.741692,MEDIUM
14.287784090598013,13.117422,MEDIUM
13.813441223637987,13.54706,MEDIUM
14.46728004053286,13.727091,MEDIUM
13.84219107279402,14.034323,MEDIUM
16.831420634968282,14.160513,MEDIUM
15.137807853479988,15.348917,MEDIUM
15.807268746219595,15.472574,MEDIUM
17.58492426400859,15.901983,MEDIUM
16.93505526559194,16.402765,MEDIUM
15.724237791658263,16.68471,MEDIUM
18.03549693249041,16.50786,MEDIUM
16.06221529625144,17.022755,MEDIUM
17.879609942757266,16.805387,MEDIUM
16.44125458426263,17.0931,MEDIUM
15.963269791485935,16.901316,MEDIUM
20.59536360456832,16.540852,MEDIUM
15.278107583230437,18.053635,MEDIUM
15.939222067491972,17.230598,MEDIUM
14.135581114548028,16.565207,MEDIUM
12.212126080146074,15.70845,MEDIUM
13.368142802226348,14.595165,MEDIUM
4.781317302266871,13.826689,MEDIUM
1.6499100068964783,4.391958,LOW
4.703452991307126,2.257773,LOW
5.38247348302286,2.059967,LOW
2.3834742946277707,3.0230076,LOW
3.8989536456774534,3.7643108,LOW
4.951444281035533,4.160491,LOW
2.207258931952264,4.1151986,LOW
3.4271519196536246,4.00093,LOW
3.41094481956155,3.9321935,LOW
5.551947644920926,3.634283,LOW
2.1387617191253465,4.1357384,LOW
6.948328719649277,3.9281533,LOW
5.484047229808736,4.592959,LOW
3.378181764122349,5.0877657,LOW
5.240004131632672,5.0652018,LOW
6.322447870841295,5.1117554,LOW
5.562504518275173,5.589415,LOW
7.120558254463647,5.872099,LOW
4.9083281004037005,6.294987,LOW
5.948099866586242,6.0131197,LOW
7.459398978222971,6.1762486,LOW
7.573401193362493,6.6305428,LOW
5.681242533449327,6.9667373,LOW
3.095353590277572,6.9588704,LOW
3.3616061153295043,5.891091,LOW
4.233420084068838,5.110176,LOW
4.970573577103357,4.795637,LOW
4.906585710845505,4.9086456,LOW
2.30846229573954,4.928273,LOW
41.387942242749745,4.144556,LOW
39.118865143924026,38.352024,HIGH
39.71715540901826,37.403374,HIGH
39.60869949578409,38.10791,HIGH
41.51248493556939,38.033756,HIGH
37.08634321219339,38.316044,HIGH
37.881237321889124,37.984894,HIGH
39.10296933673316,36.017933,HIGH
43.12395293394416,37.385265,HIGH
39.18887742838544,38.352077,HIGH
38.96817712005338,38.707638,HIGH
39.0584267134346,38.295696,HIGH
42.78341265010795,39.175575,HIGH
41.220792985446266,40.259457,HIGH
43.32941174452274,40.832447,HIGH
42.49965356419248,40.23274,HIGH
39.028719590527956,41.805004,HIGH
41.97522095667973,41.35042,HIGH
41.08341053450599,40.70294,HIGH
42.78250686685162,39.602417,HIGH
42.03153328845543,40.75176,HIGH
42.57236931697621,40.466824,HIGH
40.59377266458158,40.616344,HIGH
42.638393928082515,41.006016,HIGH
42.30515566418687,40.392567,HIGH
39.095870036180294,39.066837,HIGH
39.27809208885311,37.974888,HIGH
38.65083027587892,37.224422,HIGH
36.62480456333737,35.99028,HIGH
40.2597009390096,35.134876,HIGH
0.0,35.01491,HIGH
0.0,1.5715287,LOW
0.0,0.29334974,LOW
0.0,0.28181386,LOW
0.0,0.30026114,LOW
0.0,0.42357576,LOW
0.0,0.61318696,LOW
0.0,0.86870503,LOW
0.0,0.8361778,LOW
0.0,0.86540115,LOW
0.0,0.86759996,LOW
0.0,0.83481646,LOW
0.0,0.84122217,LOW
0.0,0.8410293,LOW
0.0,0.8371475,LOW
0.0,0.8218813,LOW
0.0,0.87560344,LOW
0.0,0.8742461,LOW
1.4445965221578891,0.9539517,LOW
1.6650240987464295,1.080473,LOW
0.0,1.218584,LOW
0.0,1.2447402,LOW
0.0,1.2265986,LOW
0.0,1.2026689,LOW
0.0,1.1931813,LOW
0.0,1.1103576,LOW
0.0,0.9593191,LOW
0.0,0.89762294,LOW
0.0,0.88487375,LOW
0.0,0.8768289,LOW
21.55893143068681,0.8297169,LOW
18.34336869139521,22.54017,MEDIUM
23.356249740705373,17.658337,MEDIUM
18.851086755263182,20.510406,MEDIUM
19.562835954146138,19.99492,MEDIUM
17.612540620224657,19.872551,MEDIUM
20.591587073245478,19.025417,MEDIUM
20.294276928895393,19.277681,MEDIUM
19.12589937123881,19.513748,MEDIUM
20.216487738736575,19.452845,MEDIUM
19.546940958744578,19.729471,MEDIUM
18.848483329626507,19.80213,MEDIUM
18.898641772699936,19.401764,MEDIUM
22.071358521542273,19.166653,MEDIUM
18.89957480324874,20.302273,MEDIUM
22.18207927806747,19.996422,MEDIUM
22.34684936158248,21.016153,MEDIUM
21.99186625923309,21.500957,MEDIUM
20.41814512703522,22.053518,MEDIUM
23.03347081041217,21.583014,MEDIUM
21.41690355182541,22.086498,MEDIUM
22.92829797460137,21.7291,MEDIUM
23.122731506366044,22.02436,MEDIUM
20.918535274980876,22.247414,MEDIUM
22.030834338362716,21.7775,MEDIUM
23.344089162277367,21.789694,MEDIUM
20.709147715525944,22.175817,MEDIUM
17.334553719231693,21.7297,MEDIUM
19.51291692136048,19.382349,MEDIUM
18.363225907466905,19.029648,MEDIUM
27.775978480389007,18.445034,MEDIUM
25.837137357407784,25.895329,HIGH
26.909046547084156,25.760912,HIGH
25.726474516447873,26.167187,HIGH
23.73749693333045,25.880589,HIGH
25.010877478207902,25.28882,HIGH
26.7508187328588,25.010048,HIGH
25.55353239722926,24.711853,MEDIUM
24.392943986802557,24.867907,MEDIUM
26.607819049581373,24.484144,MEDIUM
28.49252135298711,25.058464,HIGH
26.900100185714827,26.256178,HIGH
24.6204591916646,26.36465,HIGH
27.511943979053946,25.82252,HIGH
26.44272323221449,26.493158,HIGH
30.004864039580674,26.060282,HIGH
28.60301197964794,27.620098,HIGH
30.32735113430943,27.919096,HIGH
29.341650935725745,29.08232,HIGH
29.015635390697163,29.007847,HIGH
27.908766339887045,28.894855,HIGH
29.99333911308044,27.957584,HIGH
31.078637468764178,27.638268,HIGH
27.127344393168244,28.57964,HIGH
26.036112763143862,27.693377,HIGH
29.662364367337993,26.78687,HIGH
26.69885881171075,27.27461,HIGH
25.484836369934634,26.485233,HIGH
26.986345715440955,25.5002,HIGH
24.43177875417559,25.353638,HIGH
20.25547077516445,24.727722,MEDIUM
22.753170273005086,21.100584,MEDIUM
21.083863263039877,20.491642,MEDIUM
20.92742787980129,19.960697,MEDIUM
21.826027060695278,19.81918,MEDIUM
20.316173680588,20.576622,MEDIUM
21.70035157524545,20.62477,MEDIUM
22.370368966740127,20.913464,MEDIUM
23.51860894377411,21.401758,MEDIUM
23.445944546909747,22.17062,MEDIUM
22.502001405363906,22.592869,MEDIUM
19.663827665580456,22.655441,MEDIUM
18.696234263809046,21.487823,MEDIUM
23.173061993483874,19.798374,MEDIUM
22.856386414083097,20.911713,MEDIUM
24.661092955736574,21.642237,MEDIUM
25.049781010977114,23.189383,MEDIUM
22.719830906120315,23.96339,MEDIUM
22.791921318601652,23.675945,MEDIUM
20.229793613297634,23.205097,MEDIUM
22.286845797765366,21.793177,MEDIUM
22.965760752163835,21.271946,MEDIUM
23.861373323203914,21.571617,MEDIUM
24.8148690305525,22.62307,MEDIUM
23.31613887906649,23.531239,MEDIUM
23.97786652341746,23.51942,MEDIUM
23.2942182526588,23.484177,MEDIUM
21.62963622859786,23.00316,MEDIUM
21.549436040233722,22.035854,MEDIUM
21.417384119733654,21.186846,MEDIUM
16.389000663067424,20.825249,MEDIUM
15.796486202233398,17.149601,MEDIUM
13.51336458281453,15.428568,MEDIUM
13.118533369122277,14.783731,MEDIUM
13.97251289045688,14.011621,MEDIUM
12.595698372825947,13.765875,MEDIUM
11.532136052110824,13.482273,MEDIUM
13.143201832227668,12.998684,MEDIUM
12.464058639554047,13.061316,MEDIUM
14.489651246350272,12.910383,MEDIUM
13.562870260581779,13.451269,MEDIUM
14.766853016161825,13.550669,MEDIUM
17.077257798939122,13.967592,MEDIUM
17.014566125990616,15.233849,MEDIUM
16.856150253744158,16.093824,MEDIUM
18.089189006248645,16.499224,MEDIUM
16.5014713544104,17.05405,MEDIUM
17.837058012513886,17.15582,MEDIUM
17.48033020937404,17.39314,MEDIUM
17.06569919346291,17.45783,MEDIUM
18.429011637632772,17.321236,MEDIUM
18.5254409078756,17.777344,MEDIUM
17.78555635426146,17.988682,MEDIUM
15.612697232081846,17.940174,MEDIUM
15.545915115092205,17.05106,MEDIUM
16.78569609554413,16.283478,MEDIUM
15.831659566741209,16.357496,MEDIUM
15.85670220813244,16.152851,MEDIUM
13.172914694842241,16.070578,MEDIUM
16.208042261927837,15.197262,MEDIUM
33.14871658022768,15.569113,MEDIUM
35.67455768288909,32.666126,HIGH
33.45887605508716,32.87122,HIGH
33.45059911268088,32.592117,HIGH
33.51816072645373,32.33992,HIGH
34.00789009953028,32.474068,HIGH
32.14141349268415,33.199024,HIGH
33.8444122791219,30.826027,HIGH
35.32973700541328,31.12789,HIGH
34.26863921534767,32.84576,HIGH
34.27581001852788,33.195694,HIGH
34.03990794813224,33.410656,HIGH
34.73696626013651,33.010006,HIGH
33.984507855901555,33.529823,HIGH
37.00386418434591,33.40201,HIGH
37.08662503095969,34.734215,HIGH
36.55323978438496,35.997387,HIGH
38.923917819605464,36.498756,HIGH
37.280333640835885,37.61358,HIGH
37.500493100897394,37.334637,HIGH
36.255987938965106,36.8128,HIGH
35.764164566525146,35.934185,HIGH
37.147386994454095,35.277042,HIGH
35.823044904640355,35.728714,HIGH
35.099647282306385,34.269333,HIGH
38.01071583070634,34.50888,HIGH
34.420758392002625,34.012768,HIGH
32.90479982570416,33.10229,HIGH
35.469258543865294,32.354748,HIGH
32.960966496087714,32.775837,HIGH
31.726441448312627,31.831701,HIGH
31.485114820951427,31.617321,HIGH
30.730273567855566,30.725225,HIGH
30.899480432071357,30.614595,HIGH
31.020993267889544,30.857046,HIGH
29.01388151600335,29.877865,HIGH
31.26304682707683,29.085884,HIGH
28.283657490500865,29.068836,HIGH
27.80378718792185,27.885838,HIGH
28.750926502626566,27.196182,HIGH
27.74295874925035,26.935541,HIGH
31.134900256537783,26.955448,HIGH
33.484710549050554,28.712597,HIGH
33.28638482103905,30.91748,HIGH
32.731995805079535,32.624382,HIGH
30.436958287597882,33.02231,HIGH
31.30169351424962,31.953022,HIGH
31.54257103315443,31.476124,HIGH
33.30558359828167,30.87949,HIGH
29.99217605793823,30.988253,HIGH
33.05372050067233,30.715376,HIGH
33.232774525494754,31.920542,HIGH
31.48588107128677,31.992731,HIGH
28.466179234879107,31.126799,HIGH
30.050447722699552,29.617981,HIGH
32.925433062135255,29.272438,HIGH
30.17480486674679,30.35773,HIGH
31.880596876684272,29.219324,HIGH
28.465136962882266,29.791382,HIGH
24.722277211391226,28.513647,HIGH
6.976679079006667,26.74885,HIGH
7.572639209926017,6.2152658,LOW
6.818949614943321,7.491373,LOW
5.913773693931935,5.74284,LOW
3.5957018573573194,5.3161087,LOW
3.855215222388301,5.1665106,LOW
5.765040695914044,4.6795397,LOW
3.840886917263587,5.7122946,LOW
4.742131446886697,5.386466,LOW
6.560012494995078,5.1912117,LOW
7.459132105118389,5.3326235,LOW
3.832112604315622,5.9903092,LOW
6.372529198722978,5.8627963,LOW
8.327773770208221,6.0682697,LOW
5.445329418066546,6.732245,LOW
7.699514690066568,6.9423056,LOW
6.160794613622189,7.2771945,LOW
7.07323853656526,7.1458907,LOW
5.739273115626418,7.29186,LOW
9.444884834600215,7.3464828,LOW
8.320899051416745,8.104601,LOW
6.502361865078006,8.054638,LOW
7.615238013974544,7.9910407,LOW
4.389673731239519,8.035858,LOW
6.725747222124893,7.258759,LOW
8.018019409459539,7.3237815,LOW
4.49195996570764,7.6443725,LOW
6.215244712190984,6.9768105,LOW
5.186276256895237,6.714928,LOW
6.180183292714091,6.384746,LOW
20.834030661962245,6.517741,LOW
22.74736364464101,20.745096,MEDIUM
21.446336722645643,21.108353,MEDIUM
22.143607096149278,20.812157,MEDIUM
24.245955611196777,20.79697,MEDIUM
21.962420757060524,22.117239,MEDIUM
21.414835487140202,22.258848,MEDIUM
23.966304964765705,21.868034,MEDIUM
21.263840033015022,22.350683,MEDIUM
20.638038520634108,22.044174,MEDIUM
22.90182555299514,21.235369,MEDIUM
22.774796596686166,21.455719,MEDIUM
21.16308882721792,22.105907,MEDIUM
21.080584570456853,21.755259,MEDIUM
22.641998989292787,21.362814,MEDIUM
23.51369531191713,21.903492,MEDIUM
22.121354163704687,22.407589,MEDIUM
23.227038025609673,22.28792,MEDIUM
25.669654126662472,22.663422,MEDIUM
24.36422120223844,23.73672,MEDIUM
24.872892445879387,23.96914,MEDIUM
22.751613342823667,24.23264,MEDIUM
26.65589447084338,23.710487,MEDIUM
22.888931246247196,24.53301,MEDIUM
23.73724196910418,23.653639,MEDIUM
21.606305903628666,23.452757,MEDIUM
24.595836666429985,22.55849,MEDIUM
23.033238966746694,22.962494,MEDIUM
21.863935802877414,22.687138,MEDIUM
23.08925379602922,22.296156,MEDIUM
0.0,22.188175,MEDIUM
0.0,1.3508623,LOW
0.0,0.4411224,LOW
0.0,0.36209,LOW
0.0,0.37157738,LOW
0.0,0.37779653,LOW
0.0,0.71394074,LOW
0.0,0.8917624,LOW
0.0,0.8889773,LOW
0.0,0.90911746,LOW
0.0,0.8666748,LOW
0.0,0.8366016,LOW
0.0,0.88573134,LOW
0.0,0.90575945,LOW
0.0,0.8889096,LOW
0.0,0.88282573,LOW
0.6169572566849899,0.8960936,LOW
0.0,1.0122701,LOW
0.0,1.0029919,LOW
0.5061129870124095,1.0054431,LOW
2.31555815440038,1.0864346,LOW
0.0,1.2054697,LOW
0.0,1.2499652,LOW
0.0,1.0987324,LOW
0.0,1.0873779,LOW
0.0,1.1611344,LOW
0.0,1.1643994,LOW
0.0,1.054004,LOW
0.0,0.9994556,LOW
0.0,1.0012891,LOW
19.806421024119636,0.9564508,LOW
19.222766147577087,21.030857,MEDIUM
19.611432892625203,18.788952,MEDIUM
19.68315597148131,18.777182,MEDIUM
17.531164884092156,19.159746,MEDIUM
14.716006769453848,18.63667,MEDIUM
16.45824176276207,17.129377,MEDIUM
18.41203042717281,16.46118,MEDIUM
19.828800224052912,17.044758,MEDIUM
20.47891317731567,18.303244,MEDIUM
18.38673298162668,19.188438,MEDIUM
17.46878439957978,19.133957,MEDIUM
19.493865982514905,18.685001,MEDIUM
20.1257062210681,18.876871,MEDIUM
20.771253158544283,19.290329,MEDIUM
23.024781828041107,19.809666,MEDIUM
23.429640320580646,21.162659,MEDIUM
20.309663386091803,22.329826,MEDIUM
21.702883924082172,21.84133,MEDIUM
26.067723224308295,21.733599,MEDIUM
21.199942591705486,23.356934,MEDIUM
20.63929174529238,22.713455,MEDIUM
19.136578119446575,21.854948,MEDIUM
22.9295677711487,20.46055,MEDIUM
20.081273499845473,21.084785,MEDIUM
19.73349603371325,20.439623,MEDIUM
17.688182224614323,20.082218,MEDIUM
19.20008403555086,18.95623,MEDIUM
16.127895400524764,18.742971,MEDIUM
18.707966853217854,17.644907,MEDIUM
20.887464488953924,17.917278,MEDIUM
22.948071975480808,18.736982,MEDIUM
23.729971918243344,20.450916,MEDIUM
22.64408022550455,21.785397,MEDIUM
23.055803771903484,22.235008,MEDIUM
23.765049353433145,22.480595,MEDIUM
24.602721116091324,22.792126,MEDIUM
23.321205729620562,23.20045,MEDIUM
20.707861684148263,23.079105,MEDIUM
23.703713362459577,22.16842,MEDIUM
23.623689450472227,22.179289,MEDIUM
22.54250925185654,22.4646,MEDIUM
23.353668045854324,22.510395,MEDIUM
24.122367688945612,22.64125,MEDIUM
24.747229280961765,23.225723,MEDIUM
23.528332384919196,23.667473,MEDIUM
26.60477125817121,23.578281,MEDIUM
24.652412275352525,24.590893,MEDIUM
27.38450809005459,24.404984,MEDIUM
23.50435569426036,25.46279,HIGH
27.27942206524609,24.666342,MEDIUM
26.305572814467816,25.537437,HIGH
22.908251227522776,25.266668,HIGH
25.033993534417693,24.187424,MEDIUM
23.41857037193624,23.587133,MEDIUM
24.833527769902453,23.187557,MEDIUM
25.925089649819938,23.431568,MEDIUM
21.5822971256989,24.000847,MEDIUM
21.445157101104236,23.275017,MEDIUM
24.00853758376448,22.053452,MEDIUM
25.664796100303796,22.137115,MEDIUM
27.29893877975182,24.5289,MEDIUM
26.407519574420103,26.472134,HIGH
23.514311331898963,27.002363,HIGH
26.854533149589017,25.81364,HIGH
24.6389842059841,26.243172,HIGH
23.74104136690515,25.260067,HIGH
22.609871333254112,23.672338,MEDIUM
25.38036986506511,22.675566,MEDIUM
27.7810959031152,23.575409,MEDIUM
25.37456650749774,25.266973,HIGH
25.593190330307625,25.34417,HIGH
26.094986341199206,25.685444,HIGH
29.397462003194633,25.899654,HIGH
26.686877046150173,27.25459,HIGH
27.045860446005833,26.636723,HIGH
26.349286679624758,26.54492,HIGH
28.395577985163143,26.351433,HIGH
28.4416015838626,27.043358,HIGH
28.550850652781065,27.387054,HIGH
28.89466821610469,27.544708,HIGH
25.98137906166901,27.924416,HIGH
27.42669746668541,26.690847,HIGH
25.31552476628231,26.123089,HIGH
26.103827006913896,24.808592,MEDIUM
23.618206686175988,24.80864,MEDIUM
23.591663285060676,23.956821,MEDIUM
23.192568120477482,23.523766,MEDIUM
25.34599692923418,23.206871,MEDIUM
22.46703876879559,23.645561,MEDIUM
16.364142862550377,23.080648,MEDIUM
18.041744052767854,14.602686,MEDIUM
13.45153284833382,15.454285,MEDIUM
15.982486520823041,14.742729,MEDIUM
16.004138076558778,15.104059,MEDIUM
15.34752197379392,15.381586,MEDIUM
17.758181748494177,15.515341,MEDIUM
14.42708954746065,16.360079,MEDIUM
12.310539459675002,15.850637,MEDIUM
14.441852761267318,14.679596,MEDIUM
15.768671094187665,14.468044,MEDIUM
17.85919278575936,14.966999,MEDIUM
19.092450771718052,16.0495,MEDIUM
18.9518821842714,17.082685,MEDIUM
17.528280705832103,17.999466,MEDIUM
16.165880634060336,18.135061,MEDIUM
18.245676554317708,17.305157,MEDIUM
22.33544229258711,17.478924,MEDIUM
17.673878843444303,19.617748,MEDIUM
17.926315608467768,18.996243,MEDIUM
17.84066026609873,18.464314,MEDIUM
19.719947319094913,18.14604,MEDIUM
20.934438253113328,18.487907,MEDIUM
18.659307721957056,19.171576,MEDIUM
15.355380985296488,19.009083,MEDIUM
16.222133516890967,17.406246,MEDIUM
18.077504910219293,16.28682,MEDIUM
16.453560312904774,16.517893,MEDIUM
15.924084934176719,16.410624,MEDIUM
14.317509070124188,16.26923,MEDIUM
21.513290213807444,15.670181,MEDIUM
19.98770223540644,20.06057,MEDIUM
20.979820269365955,20.035934,MEDIUM
20.84390032452812,20.430782,MEDIUM
18.989416268724426,20.641146,MEDIUM
18.913700874155666,20.1291,MEDIUM
20.44377787382065,19.242918,MEDIUM
19.207617840729064,19.163965,MEDIUM
21.445919109020583,19.188583,MEDIUM
20.412003607561985,20.03592,MEDIUM
19.970317005586825,20.30306,MEDIUM
19.952153395007574,20.264584,MEDIUM
21.257217484049775,19.964241,MEDIUM
20.340364466768335,20.421524,MEDIUM
20.15292962982246,20.212519,MEDIUM
21.69657397371776,20.195261,MEDIUM
19.66226825575812,20.757793,MEDIUM
21.888500936072784,20.48346,MEDIUM
20.503224075974927,20.774982,MEDIUM
25.97972089978851,20.63391,MEDIUM
23.130784926955712,23.3877,MEDIUM
21.453187617047718,23.315365,MEDIUM
23.804145584823814,22.775692,MEDIUM
19.588463194197388,22.80088,MEDIUM
21.434979688060714,21.645721,MEDIUM
19.848570683261443,20.812298,MEDIUM
20.128475971934808,19.710144,MEDIUM
19.217321569062584,19.79005,MEDIUM
19.8483192803725,19.350513,MEDIUM
17.187023137677663,19.23581,MEDIUM
16.641648651336737,18.444138,MEDIUM
15.751552214604912,17.473543,MEDIUM
14.908841402463967,16.684265,MEDIUM
11.7109975894607,15.949121,MEDIUM
16.211941968633784,14.147612,MEDIUM
15.077890383081543,15.261938,MEDIUM
15.743913756868528,15.126921,MEDIUM
12.0713620155868,15.612406,MEDIUM
15.260371658542155,14.662701,MEDIUM
15.83395065434431,15.164007,MEDIUM
15.80965457443209,15.42205,MEDIUM
14.347598408749871,15.687359,MEDIUM
14.56434735170461,15.535986,MEDIUM
16.82329691317208,15.500837,MEDIUM
17.115648228403025,16.215382,MEDIUM
16.63365718164572,16.622816,MEDIUM
12.247730551626574,16.789757,MEDIUM
20.005393017970306,15.389967,MEDIUM
16.822429880207725,18.276558,MEDIUM
17.64949668143669,17.619516,MEDIUM
16.570686468674126,17.620667,MEDIUM
15.720590692347884,17.368979,MEDIUM
17.74138326100349,16.935217,MEDIUM
18.50202252546322,17.11194,MEDIUM
15.7977603374562,17.537157,MEDIUM
17.05441923379459,17.078957,MEDIUM
12.866099306864077,17.021475,MEDIUM
14.02706448717269,15.6526375,MEDIUM
14.885024065300184,15.075649,MEDIUM
17.028868851314034,14.871178,MEDIUM
18.23340459091779,15.812563,MEDIUM
17.633248262981866,16.362602,MEDIUM
16.866441853916932,16.669556,MEDIUM
16.01381865121413,16.65023,MEDIUM
15.521324368652255,16.505663,MEDIUM
16.868488259754667,16.295256,MEDIUM
14.678001874425329,16.42803,MEDIUM
14.862175202319623,15.885771,MEDIUM
14.647035116240469,15.660305,MEDIUM
16.522958677898306,15.453274,MEDIUM
17.538785041710753,15.889284,MEDIUM
17.251855543074296,16.359049,MEDIUM
17.79203765211586,16.77177,MEDIUM
16.807633513096373,17.11101,MEDIUM
17.166077047195632,17.226757,MEDIUM
17.596641395376366,17.289082,MEDIUM
17.877158691620505,17.543297,MEDIUM
19.06076544440497,17.495338,MEDIUM
20.589263704750227,17.998335,MEDIUM
17.75704525817683,19.04071,MEDIUM
20.078653540031922,18.721148,MEDIUM
16.96616482942515,19.198845,MEDIUM
18.06687823246286,18.377491,MEDIUM
20.745917897159252,18.052511,MEDIUM
18.044419237600657,18.6663,MEDIUM
18.866195529375084,18.567297,MEDIUM
17.561938885130097,18.550667,MEDIUM
16.015248490570603,18.100538,MEDIUM
12.064473915656434,17.136417,MEDIUM
17.99977340085838,14.523228,MEDIUM
3.64257896034293,16.340227,MEDIUM
2.5386686574072406,2.9040155,LOW
4.002289831266504,1.9353312,LOW
4.989859720983517,1.8656067,LOW
4.157708928611051,2.9132764,LOW
2.629899789319183,3.6472738,LOW
2.3564368070515025,3.9695337,LOW
3.000983647633264,3.5807643,LOW
2.2800132898272816,3.5660746,LOW
2.558945165339122,3.4187052,LOW
6.342646142244272,3.0729296,LOW
2.4072921334361794,3.8889363,LOW
2.276535348041626,3.6429806,LOW
6.376948954221334,3.3176503,LOW
6.625855138678659,4.1511087,LOW
8.444986067719208,5.1395507,LOW
6.5593432921402615,6.2634234,LOW
7.182347719683033,6.34318,LOW
6.071574414786006,6.7095313,LOW
5.106259207367756,6.9836645,LOW
4.865304889165904,7.006992,LOW
4.435389025059684,6.527598,LOW
4.086067433532008,5.9687963,LOW
4.319831724003615,5.375844,LOW
4.018936606781787,5.1782007,LOW
7.778437586663632,4.826657,LOW
5.69484655361024,5.5696735,LOW
3.4079557710335546,5.792424,LOW
3.4438277636394607,5.432374,LOW
3.2777417956811483,4.888983,LOW
32.73748461419254,4.507041,LOW
33.455372935569486,33.44054,HIGH
32.658734923254194,31.5903,HIGH
35.63480955466382,31.898588,HIGH
32.835601540523534,32.80505,HIGH
34.03163239811881,32.397404,HIGH
31.883380664427378,32.769135,HIGH
32.83792437385473,31.06146,HIGH
32.98645576578576,31.4272,HIGH
33.25982294398278,30.609768,HIGH
32.23140647570139,30.33096,HIGH
33.70839193805146,31.178158,HIGH
34.7909624637935,32.18298,HIGH
33.81109363903374,33.410423,HIGH
34.896797155527054,33.702656,HIGH
35.199001219242454,34.227856,HIGH
37.76058763648611,34.090996,HIGH
37.084783054024484,34.81952,HIGH
37.20854712331284,35.481762,HIGH
35.260599689884856,35.914913,HIGH
37.26692863824323,36.427837,HIGH
35.755678531191975,36.874195,HIGH
36.79267425783561,36.77486,HIGH
35.516868735951846,35.701176,HIGH
36.227191983011714,34.19401,HIGH
33.38178696551343,33.491863,HIGH
33.846235760170764,32.52204,HIGH
35.86185865757835,31.763607,HIGH
35.26632818614206,32.499565,HIGH
29.41934108638284,32.223736,HIGH
23.002699659909783,29.484957,HIGH
23.826752892880535,22.4413,MEDIUM
21.679996001563225,21.610357,MEDIUM
21.416948077710675,20.86089,MEDIUM
23.69332257359695,20.850523,MEDIUM
21.944739629166182,21.570316,MEDIUM
20.73136262891293,21.518572,MEDIUM
21.198379538430505,21.294256,MEDIUM
19.924242315891593,20.911095,MEDIUM
22.260169914703845,20.375385,MEDIUM
22.041709687390437,20.629251,MEDIUM
22.563344396508707,21.225403,MEDIUM
23.629514872620305,21.824667,MEDIUM
25.293892061701094,22.505531,MEDIUM
25.861533944741403,23.69081,MEDIUM
25.305072519631185,24.405308,MEDIUM
24.62956997067558,24.750523,MEDIUM
24.64331149555083,24.5776,MEDIUM
23.907915658087404,24.329082,MEDIUM
25.745532294213238,23.929684,MEDIUM
25.14855336244155,24.18654,MEDIUM
25.0346750587628,24.370712,MEDIUM
24.799645943617403,24.435839,MEDIUM
24.25116027337871,24.213558,MEDIUM
26.279396508666252,24.062283,MEDIUM
24.66894467024499,24.560942,MEDIUM
23.79400066396984,24.299469,MEDIUM
22.86244722299915,23.791752,MEDIUM
23.21294525879381,23.168358,MEDIUM
22.14490480941727,22.628576,MEDIUM
33.35666369244123,22.023178,MEDIUM
31.856020006436378,30.65928,HIGH
30.521094012095546,31.452724,HIGH
30.8147695832714,31.215223,HIGH
30.252098205424936,30.991898,HIGH
32.0938888283905,30.655836,HIGH
29.05134038287943,30.788616,HIGH
29.41336205609863,28.977169,HIGH
31.47371586184201,28.78538,HIGH
31.0224626040015,29.57632,HIGH
30.817416677359283,29.878578,HIGH
31.40898431792546,29.851261,HIGH
32.55549762807782,30.218382,HIGH
31.23333634623453,31.075249,HIGH
33.66769349200257,30.901062,HIGH
29.154879133060092,31.67281,HIGH
33.247104907973934,30.470917,HIGH
32.81340377507642,31.545967,HIGH
33.705288976810145,31.914265,HIGH
34.96039596743736,32.52271,HIGH
35.119542669755944,33.242302,HIGH
32.387057870287805,33.897808,HIGH
36.3499306701588,32.810932,HIGH
34.91121396626042,33.007984,HIGH
32.88349135358126,33.238262,HIGH
32.23699645655284,32.86754,HIGH
35.25345163023573,31.963404,HIGH
29.975212522843027,32.89752,HIGH
30.61733899748019,31.150023,HIGH
32.463729733511826,29.327854,HIGH
32.106135057176104,29.350174,HIGH
31.79744592749659,30.341784,HIGH
33.146929846503625,30.710201,HIGH
28.766931133848075,31.70149,HIGH
28.498232546285642,30.261639,HIGH
31.66956908450387,29.032804,HIGH
29.809382557601438,29.254467,HIGH
32.62971611484365,28.248537,HIGH
33.248019023634996,29.649412,HIGH
31.194996520963468,31.570253,HIGH
29.505385065595455,31.50053,HIGH
29.446786911545786,30.311451,HIGH
29.303427474935393,29.441063,HIGH
34.14235445924763,29.028728,HIGH
33.240237247815436,30.483976,HIGH
34.257804593504886,31.810497,HIGH
34.65543133876927,33.088,HIGH
35.11161563863042,33.700504,HIGH
36.418412602346656,34.27508,HIGH
31.644133168108326,34.858273,HIGH
32.469858997260225,33.416904,HIGH
35.2327559653659,32.436733,HIGH
34.626034863807966,32.660748,HIGH
30.971189007032454,32.503384,HIGH
33.14829631444193,31.114765,HIGH
34.083175511661736,30.950527,HIGH
32.813507282871356,32.070564,HIGH
28.260402923807796,31.50701,HIGH
34.404852840419586,28.353792,HIGH
32.0312459124039,30.651623,HIGH
15.09875410520668,30.607944,HIGH
14.954986629159913,15.0776005,MEDIUM
16.188517150267074,14.679478,MEDIUM
14.951281922363531,15.029692,MEDIUM
13.283421154420475,15.237165,MEDIUM
16.26811826961154,14.008421,MEDIUM
13.503708159630518,15.293463,MEDIUM
15.453446133753797,15.131094,MEDIUM
15.876973681971549,15.504068,MEDIUM
15.226749097450465,15.770681,MEDIUM
15.086373975440308,15.977661,MEDIUM
15.22308367656013,15.989258,MEDIUM
16.717728301667883,16.068478,MEDIUM
14.013179734303268,16.453169,MEDIUM
16.471794705221036,15.9087715,MEDIUM
18.761200116519667,16.568329,MEDIUM
16.51927814784439,17.275146,MEDIUM
16.566190434356727,17.343079,MEDIUM
17.2391738840056,17.376541,MEDIUM
15.408666608721322,17.481588,MEDIUM
18.582193861997144,16.756914,MEDIUM
17.76053613027745,17.719997,MEDIUM
17.64665056710909,17.814465,MEDIUM
15.557920520657078,18.017147,MEDIUM
18.03841389445225,17.171083,MEDIUM
15.423320567011892,17.630938,MEDIUM
15.20120807916987,16.797035,MEDIUM
16.263203289894925,16.318327,MEDIUM
14.071603009925624,16.207138,MEDIUM
15.42683296032778,15.883678,MEDIUM
23.070013830285824,15.837627,MEDIUM
23.50189423742499,19.078367,MEDIUM
22.905848667827662,20.961548,MEDIUM
23.353497141131243,21.542774,MEDIUM
24.595248125722904,22.173363,MEDIUM
23.683201195745294,23.048248,MEDIUM
22.87752139046595,23.231457,MEDIUM
23.268974937702787,22.955019,MEDIUM
21.162090193315876,22.864532,MEDIUM
21.672737650202446,22.102207,MEDIUM
22.914805187931886,21.266521,MEDIUM
24.076064791361986,21.577904,MEDIUM
24.16477258228327,22.662449,MEDIUM
24.25893371882714,23.222328,MEDIUM
25.840672830373947,23.637308,MEDIUM
24.999288133875353,24.380337,MEDIUM
26.388411878946982,24.601318,MEDIUM
25.757920049984982,25.1742,HIGH
25.900242813354048,25.128834,HIGH
25.321108653017227,25.22269,HIGH
24.329158545161405,24.903927,MEDIUM
26.521001862530795,24.435883,MEDIUM
24.333697286790468,24.919714,MEDIUM
27.632452290447908,24.50821,MEDIUM
21.491679472973814,25.330524,HIGH
24.65772427757233,23.128841,MEDIUM
24.649173059805783,23.364033,MEDIUM
24.610389800484143,23.235367,MEDIUM
23.504255726431776,23.581907,MEDIUM
22.146662711961007,23.13443,MEDIUM
15.434310292171194,22.608044,MEDIUM
14.612944535000508,16.550747,MEDIUM
14.653419642596853,13.772642,MEDIUM
11.540629186211266,14.315399,MEDIUM
13.524270222317025,13.455149,MEDIUM
14.81852249100046,13.371424,MEDIUM
15.051864546676367,13.944958,MEDIUM
13.301558556507398,14.590826,MEDIUM
13.082704967375905,14.252394,MEDIUM
12.041259320189877,14.123161,MEDIUM
10.84652730529459,13.706184,MEDIUM
14.506192290725673,12.906509,MEDIUM
12.751523414633661,13.579805,MEDIUM
14.004087528328165,13.354231,MEDIUM
12.715997866113762,13.736755,MEDIUM
13.308776215586184,13.432381,MEDIUM
14.84490568122871,13.690121,MEDIUM
13.877827531891235,14.316597,MEDIUM
15.530530229170909,14.35256,MEDIUM
15.71880297595547,14.906853,MEDIUM
17.782583033036673,15.343687,MEDIUM
16.111514570234156,16.462929,MEDIUM
15.812376136208632,16.446049,MEDIUM
11.699862312694822,16.418655,MEDIUM
16.299034868286217,14.93383,MEDIUM
15.01803183364142,15.540819,MEDIUM
14.540029023414926,15.320614,MEDIUM
15.13826460161286,15.140484,MEDIUM
12.21301365215615,15.252354,MEDIUM
12.304962304357558,14.5378895,MEDIUM
13.044572647750131,13.714771,MEDIUM
13.11796591500001,12.801052,MEDIUM
13.649718439042848,12.343042,MEDIUM
13.135889328441559,12.605965,MEDIUM
10.383941200793238,12.538172,MEDIUM
14.62389897912304,11.840143,MEDIUM
9.84726727655997,12.9412,MEDIUM
10.102219575962884,12.243687,MEDIUM
11.844859650388646,11.4079895,MEDIUM
8.722597851264975,11.500326,MEDIUM
11.474740149679244,10.799208,MEDIUM
10.14422373805863,10.833694,MEDIUM
13.85175044846544,10.814592,MEDIUM
10.416893451450633,11.676748,MEDIUM
13.29684013077156,11.360094,MEDIUM
10.212410750037952,12.113312,MEDIUM
12.724000340772626,11.606743,MEDIUM
12.827041806295519,12.276743,MEDIUM
14.731740656190215,12.490965,MEDIUM
15.450601018675986,13.30875,MEDIUM
12.035779998897958,13.959108,MEDIUM
13.412977167494892,13.715107,MEDIUM
13.674729315801617,13.720037,MEDIUM
12.771414428242526,13.752436,MEDIUM
8.871287891601582,13.479246,MEDIUM
11.162852328794472,11.990173,MEDIUM
13.608803656926515,11.1420765,MEDIUM
12.924769078883436,12.034458,MEDIUM
12.105632288431075,12.350939,MEDIUM
10.098589742789303,12.48101,MEDIUM
0.0,11.685705,MEDIUM
0.0,-0.14462113,LOW
0.0,-0.24259663,LOW
0.0,0.010547042,LOW
0.0,0.31032145,LOW
0.0,0.6651223,LOW
0.0,0.76401985,LOW
0.0,0.8002281,LOW
0.0,0.7910868,LOW
0.0,0.8085927,LOW
0.0,0.7512742,LOW
0.0,0.8130443,LOW
0.0,0.79231966,LOW
0.0,0.74826646,LOW
0.0,0.82543194,LOW
0.0,0.7898663,LOW
0.0,0.738834,LOW
0.0,0.76179814,LOW
0.0,0.81556594,LOW
0.0,0.7780676,LOW
0.0,0.80911744,LOW
0.0,0.84419656,LOW
0.0,0.8360512,LOW
0.0,0.8547324,LOW
0.0,0.85086286,LOW
0.0,0.84456193,LOW
0.0,0.85553133,LOW
0.0,0.82528865,LOW
0.0,0.84653497,LOW
0.0,0.8001194,LOW
2.341198358030889,0.8338082,LOW
3.1677785870417683,1.3257376,LOW
4.662062015005496,1.2937149,LOW
0.631781414882882,1.5262603,LOW
4.672323623417938,1.6004616,LOW
2.5952302317405334,1.920177,LOW
2.990988938510382,2.7071471,LOW
0.36229146100698983,3.4741485,LOW
1.4602004300860187,2.816441,LOW
0.7349180554985661,2.3789036,LOW
0.6481262600879738,2.2016616,LOW
2.4893394339805504,1.9058439,LOW
6.4154224577785985,1.8823613,LOW
4.417812438994838,2.839046,LOW
3.6041024717773347,3.366507,LOW
6.5087395709265525,3.701813,LOW
5.5436773300157824,4.4037733,LOW
6.551689820555229,5.3111496,LOW
5.580174992035282,6.1618657,LOW
6.870716508311391,6.2388973,LOW
4.694492589252162,6.505196,LOW
4.467280567891617,6.480229,LOW
6.196241323454162,6.2295113,LOW
4.8847642605287565,6.286238,LOW
5.772891128128688,6.145589,LOW
3.1451655716195503,6.095374,LOW
4.573811406395601,5.439659,LOW
3.3427675580532252,5.1807404,LOW
1.9238124086414512,4.9399137,LOW
3.2079244191107144,4.205364,LOW
23.039756861608822,3.8799922,LOW
23.980687432624443,23.41434,MEDIUM
23.71319364344278,22.540104,MEDIUM
22.53843222506448,22.559269,MEDIUM
24.875027525855508,22.241173,MEDIUM
20.495748177273253,23.131039,MEDIUM
24.986764146307426,22.306316,MEDIUM
21.75527867561106,23.16617,MEDIUM
22.101462999538462,22.432396,MEDIUM
22.12109580166966,22.18135,MEDIUM
24.59819953625075,21.658527,MEDIUM
20.79558314482849,22.743256,MEDIUM
22.634495612424203,22.02346,MEDIUM
24.468980260531715,22.045715,MEDIUM
22.76635255557808,22.737137,MEDIUM
27.066275717033918,22.772766,MEDIUM
27.150778568750972,24.52772,MEDIUM
25.369322171492477,25.49591,HIGH
25.60207420432968,25.56292,HIGH
25.53271100652921,25.473217,HIGH
28.474312842759872,25.229748,HIGH
26.475861799309673,26.121502,HIGH
22.86394187094216,25.816475,HIGH
24.050160722115656,24.266666,MEDIUM
22.373596181367958,23.812233,MEDIUM
24.724886295916484,22.80523,MEDIUM
25.703255152153158,22.906693,MEDIUM
24.282811796197514,23.617985,MEDIUM
20.29922549839106,23.9266,MEDIUM
22.794973262550123,21.783638,MEDIUM
0.0,21.773129,MEDIUM
0.0,0.8986161,LOW
0.0,0.23360598,LOW
0.0,0.36403406,LOW
0.0,0.47139144,LOW
0.0,0.5711721,LOW
0.0,0.8075434,LOW
0.0,0.88996875,LOW
0.0,0.844391,LOW
0.0,0.8430896,LOW
0.0,0.80174243,LOW
0.0,0.7785214,LOW
0.0,0.78082025,LOW
0.0,0.790534,LOW
0.0,0.8251035,LOW
0.0,0.82923055,LOW
0.0,0.8782265,LOW
0.0,0.8832339,LOW
0.0,0.8948922,LOW
0.0,0.851673,LOW
0.0,0.8758763,LOW
0.0,0.8531594,LOW
0.0,0.95393264,LOW
0.0,0.930918,LOW
0.0,0.91115797,LOW
0.0,0.9934826,LOW
0.0,0.99397063,LOW
0.0,0.963532,LOW
0.0,0.92368484,LOW
0.0,0.94087946,LOW
0.0,0.9082649,LOW
0.0,0.80247676,LOW
0.0,0.80285347,LOW
0.0,0.84793615,LOW
0.0,0.7806829,LOW
0.0,0.7903707,LOW
0.0,0.80258703,LOW
0.0,0.80078995,LOW
0.0,0.8285707,LOW
0.0,0.77281153,LOW
0.0,0.74129415,LOW
0.0,0.7492435,LOW
0.0,0.73295486,LOW
0.0,0.7339901,LOW
0.0,0.7817402,LOW
0.0,0.8270228,LOW
0.0,0.8481289,LOW
0.22820868317550236,0.85089886,LOW
0.0,0.9467938,LOW
0.0,0.9558989,LOW
0.0,0.9746803,LOW
0.0,0.95257545,LOW
0.0,0.9214393,LOW
0.0,0.95396185,LOW
0.0,0.87113357,LOW
0.0,0.8550768,LOW
0.0,0.8406271,LOW
0.0,0.85835934,LOW
0.0,0.7778263,LOW
0.0,0.80363953,LOW
1.886182138009893,0.78798807,LOW
3.2374948946943753,1.1682206,LOW
5.726594417272381,1.1647408,LOW
2.446872617943326,1.5856078,LOW
0.0,1.6293225,LOW
0.3605205512914722,1.48416,LOW
3.9482659597718834,1.6574413,LOW
3.8778283048659787,2.6010427,LOW
3.104729933906688,2.9105425,LOW
1.1498875264647879,2.5211263,LOW
2.4333205795697364,2.015937,LOW
2.6733666815822197,2.2681541,LOW
5.629792971039714,2.7645962,LOW
2.9706582584332555,3.6132061,LOW
5.895181494545522,3.3974664,LOW
6.544492582075204,3.8020105,LOW
5.318748451252162,4.6823306,LOW
5.323567619494044,5.3756723,LOW
7.435887119503278,5.658877,LOW
6.176734690541323,6.220671,LOW
5.378332854957459,6.49665,LOW
5.053857809165125,6.537015,LOW
4.992987964556727,6.273013,LOW
8.193283913377005,6.0336137,LOW
4.179214468037653,6.655233,LOW
4.895134088849961,6.2551513,LOW
3.33700282326782,5.799952,LOW
5.634604819980902,5.2477555,LOW
2.7837699208939117,5.3737416,LOW
2.946221097453771,4.9463625,LOW
30.301531834215943,4.299691,LOW
33.50897811784114,31.029728,HIGH
31.51762846387301,30.851006,HIGH
29.34703646980179,30.595451,HIGH
29.601225395235133,29.934433,HIGH
30.661306832887796,29.703983,HIGH
27.854780363378133,30.236118,HIGH
31.87883468716861,27.734726,HIGH
29.041429168014822,28.698505,HIGH
27.80342660578419,28.597166,HIGH
31.47448223666632,28.038715,HIGH
29.286797613166467,28.679329,HIGH
31.650438567856856,28.13201,HIGH
32.8189657333793,29.49035,HIGH
31.903485842601647,30.882195,HIGH
32.23411573763201,31.641136,HIGH
33.35773312576093,32.033726,HIGH
33.26219735374892,32.886173,HIGH
33.475501054624836,33.17433,HIGH
33.22405645013127,32.99186,HIGH
31.74582758600946,32.90774,HIGH
29.690096767824773,32.579258,HIGH
31.88399473937389,30.842491,HIGH
30.854562265319103,30.43649,HIGH
31.74347036216671,29.888844,HIGH
31.481501142849115,29.758286,HIGH
32.11514248631772,29.213463,HIGH
33.686775466780816,29.387629,HIGH
30.84483129171042,30.700703,HIGH
30.24209829342592,30.247784,HIGH
0.0,30.086935,HIGH
0.0,1.9964323,LOW
0.0,0.7325376,LOW
0.961491080100128,0.6228355,LOW
0.0,0.7164757,LOW
0.0,0.88939583,LOW
3.792500949127687,1.0801296,LOW
0.42445831980672644,1.5131007,LOW
0.0,1.5605342,LOW
0.0,1.4963083,LOW
0.0,1.3704321,LOW
1.2145582174004357,1.2966951,LOW
1.2261553675487438,1.4287294,LOW
2.604987755552223,1.3321196,LOW
2.511012766196245,1.3986466,LOW
0.6330412153566147,1.4523346,LOW
2.797497298912834,1.4569918,LOW
3.48460794297071,1.7728003,LOW
4.431851893676395,2.311273,LOW
1.7049185845198362,2.9375126,LOW
2.5123564090788744,2.7054725,LOW
3.6424118299558383,2.553614,LOW
2.8321648027589834,3.0807414,LOW
5.4056914988053535,3.2633061,LOW
3.6467456678276235,3.746538,LOW
1.7620419163744128,3.6102064,LOW
0.7536433879722786,3.3413904,LOW
0.16211301421309265,2.9208186,LOW
0.0,2.3906798,LOW
0.0,1.7641891,LOW
0.0,1.4481462,LOW
0.4903373686969825,1.2650499,LOW
0.0,1.2030141,LOW
0.0,1.114583,LOW
0.0,0.9968231,LOW
0.0,0.9867517,LOW
0.0,1.0231858,LOW
0.0,1.0048219,LOW
0.0,0.91496706,LOW
0.0,0.92277193,LOW
0.0,0.9571183,LOW
0.36541031993862205,0.92204344,LOW
0.0,0.951246,LOW
0.0,1.033434,LOW
0.0,1.0514008,LOW
1.729886641157142,1.0838878,LOW
1.481867768393533,1.1524034,LOW
2.256683103371854,1.3063742,LOW
0.0,1.4138731,LOW
2.7234939968470613,1.3478215,LOW
1.335030882801469,1.5837997,LOW
1.2237012222153147,1.6872814,LOW
0.0,1.7399131,LOW
0.0,1.5345463,LOW
0.0,1.4213487,LOW
1.6856118265109803,1.3522564,LOW
0.0,1.4245999,LOW
0.0,1.2799432,LOW
0.0,1.0809325,LOW
0.0,0.9992478,LOW
12.061667900445133,0.9416293,LOW
12.611004309150442,12.412466,MEDIUM
11.289896834175316,11.364649,MEDIUM
13.854452279990987,10.595621,MEDIUM
13.305698255309103,10.934692,MEDIUM
10.657157867027838,11.203789,MEDIUM
8.67865954367376,11.601082,MEDIUM
9.790379867002853,10.864456,MEDIUM
13.450870181157686,10.622368,MEDIUM
10.309374942895026,11.506794,MEDIUM
11.737856466739238,11.247612,MEDIUM
12.42912059103013,11.430845,MEDIUM
12.033243136163676,11.581385,MEDIUM
13.263030279586742,12.07658,MEDIUM
12.637611213599858,12.609137,MEDIUM
15.236462683853436,12.786613,MEDIUM
11.860933699245304,13.693483,MEDIUM
14.741180044159302,13.359438,MEDIUM
12.6935123616719,14.115044,MEDIUM
14.869495442409594,13.721731,MEDIUM
14.850710627798907,14.221067,MEDIUM
14.837536582349813,14.343912,MEDIUM
13.223864673460746,14.711462,MEDIUM
13.953082931151867,14.33684,MEDIUM
15.724069138450165,14.434402,MEDIUM
10.519462494207845,14.89411,MEDIUM
10.23189667274147,13.508402,MEDIUM
12.356015296881333,12.041365,MEDIUM
9.109442872869957,11.979019,MEDIUM
8.805105209099622,11.033642,MEDIUM
2.2236309881892247,10.51679,MEDIUM
0.0,3.3207927,LOW
0.0,1.3250911,LOW
0.0,0.6952654,LOW
0.0,0.74378455,LOW
0.0,1.0524144,LOW
0.0,1.0904567,LOW
0.0,0.94652104,LOW
0.0,0.9133905,LOW
0.0,0.9657624,LOW
0.0,0.9813701,LOW
0.0,1.0215245,LOW
0.0,1.0458719,LOW
0.0,1.0700836,LOW
0.0,1.0942032,LOW
0.0,1.0528437,LOW
0.0,1.0570279,LOW
3.923646657593107,1.0816331,LOW
1.6513295937833998,1.3873578,LOW
4.56157122108884,1.4498106,LOW
3.6533866856384005,1.9085262,LOW
0.0,2.224298,LOW
1.2706687072057044,2.1659858,LOW
0.0,2.2721229,LOW
0.0,1.9338391,LOW
0.0,1.6865424,LOW
0.0,1.4305968,LOW
0.0,1.196758,LOW
0.0,1.0942441,LOW
0.0,1.020724,LOW
5.315056726350903,0.9752275,LOW
4.254769950503903,1.639544,LOW
2.1721650513518913,1.7386528,LOW
4.3060746830558845,1.7785763,LOW
2.5567818429714784,2.247085,LOW
5.03739415752293,2.4076028,LOW
4.284568499469905,3.6265078,LOW
4.900016136293414,4.1868415,LOW
0.7003478823125464,4.29072,LOW
3.4080811797009902,3.6567647,LOW
3.0757197939216097,3.62537,LOW
2.2422120850732057,3.5926542,LOW
2.008023203601093,3.3480048,LOW
5.439487630242839,2.8354754,LOW
4.9802705853295075,3.2771032,LOW
4.199784424303527,3.839882,LOW
5.844648080764602,4.1886363,LOW
5.338682333798458,4.42976,LOW
2.801379999841135,4.995557,LOW
7.642319650019921,4.9646635,LOW
6.463264523736851,5.6646333,LOW
3.9948468450055836,6.063858,LOW
6.092472524608,5.892771,LOW
3.385022352086697,5.918283,LOW
4.934858682746939,5.4288034,LOW
4.6513107374715945,5.394886,LOW
4.105889623787531,5.3099756,LOW
3.9123605703234325,5.009219,LOW
2.8527898593066903,4.751872,LOW
2.688931589485791,4.2120214,LOW
10.696298599145742,3.8306918,LOW
9.415565737130292,10.431091,MEDIUM
9.927771980882945,9.962631,LOW
8.434954128959971,9.785484,LOW
6.853830089891311,9.481615,LOW
7.8179193228886845,9.207905,LOW
4.559683074065168,9.123129,LOW
9.443830118853354,7.8789153,LOW
8.514033569384397,8.86824,LOW
9.302378982700397,8.736296,LOW
10.371916984218718,8.838703,LOW
10.70515866462798,9.285582,LOW
12.688641056270257,9.818678,LOW
10.12436023426111,10.850962,MEDIUM
8.48710578080899,10.881754,MEDIUM
11.67394053158856,10.587593,MEDIUM
9.30623044716274,10.955317,MEDIUM
9.023946585539939,10.814701,MEDIUM
10.714429055535955,10.638161,MEDIUM
12.239481335036249,10.753843,MEDIUM
8.655716423796044,11.257874,MEDIUM
8.135098276456972,10.835926,MEDIUM
10.884482995803861,10.376904,MEDIUM
11.197861810918626,10.464775,MEDIUM
8.288245829333675,10.680637,MEDIUM
9.797286266514059,10.512234,MEDIUM
9.204958770820065,10.311609,MEDIUM
7.499070565650532,10.173447,MEDIUM
9.784849003348391,9.900785,LOW
7.207975442369065,9.999384,LOW
6.571392381758635,9.358828,LOW
8.711291454199635,8.291269,LOW
7.800534759714423,8.203276,LOW
9.430053829089161,7.9643493,LOW
8.223123325682742,8.096544,LOW
9.173829800129308,8.127438,LOW
6.288051553330222,8.480928,LOW
6.810230178725497,8.461992,LOW
6.675226099749901,8.306538,LOW
5.491489416289244,8.152292,LOW
10.661799366829378,7.5150266,LOW
10.35371231732921,8.814093,LOW
10.635416958007418,8.913359,LOW
6.597181057680368,9.342337,LOW
11.787567147300777,8.861473,LOW
11.645080048513726,10.175896,MEDIUM
9.230566347267315,10.531942,MEDIUM
11.640157784569677,10.586035,MEDIUM
11.941290126011912,10.71139,MEDIUM
8.735394436998725,11.083469,MEDIUM
11.568113114214047,10.665382,MEDIUM
9.048774270767318,10.886812,MEDIUM
8.768410117863711,10.618032,MEDIUM
10.570984667847451,10.255047,MEDIUM
11.422636146230918,10.362497,MEDIUM
7.647739878712143,10.558575,MEDIUM
9.011942105667167,10.106123,MEDIUM
10.342726168609456,9.840429,LOW
8.47969607318485,10.050762,MEDIUM
7.525137823068763,9.901943,LOW
2.208070540138415,9.339576,LOW
0.0,5.5960574,LOW
0.2666660988397931,2.1932654,LOW
0.0,1.207736,LOW
0.12052373350163847,1.2937856,LOW
0.0,1.571639,LOW
1.1412836312285535,1.4132148,LOW
0.0,1.3169366,LOW
0.0,1.2546902,LOW
3.759802347488245,1.1760105,LOW
2.208649153152714,1.5161146,LOW
1.3243789659638345,1.5629431,LOW
0.0,1.6010597,LOW
0.0,1.4215763,LOW
3.2464292390797436,1.4191228,LOW
2.1848296693175,1.9697026,LOW
3.6799436516576147,1.9292071,LOW
2.9453453154213793,2.1382303,LOW
2.8635956233437536,2.0660863,LOW
4.095108139183318,2.361732,LOW
4.564583431240942,3.070008,LOW
1.531220189238228,3.6160052,LOW
3.7182944738362202,3.356864,LOW
1.7937044337964352,3.3631432,LOW
0.07421138097542723,3.101079,LOW
2.4063393821160037,2.6009169,LOW
2.326879315633265,2.438705,LOW
2.855848363859943,2.2483208,LOW
3.3671044601743354,2.3366566,LOW
0.0,2.2583961,LOW
0.0,1.8522413,LOW
0.0,1.7093614,LOW
0.0,1.6015096,LOW
0.07345560412156082,1.4475335,LOW
0.0,1.3405713,LOW
0.0,1.1476234,LOW
0.0,1.0564679,LOW
0.0,1.0126303,LOW
0.0,1.0143801,LOW
0.0,1.0658277,LOW
0.0,1.0085778,LOW
0.0,1.0013638,LOW
0.013337421436128594,0.99490976,LOW
0.0,1.0241612,LOW
0.0,1.0457942,LOW
0.0,1.0043396,LOW
1.4215330368354078,0.9759569,LOW
0.5605644852233151,1.128654,LOW
0.6642760226779281,1.2527833,LOW
0.0,1.2695984,LOW
4.99229279566714,1.2832154,LOW
1.7274445048193865,1.8361764,LOW
0.0,1.9483776,LOW
0.20275970026001922,1.7126685,LOW
0.0,1.5941997,LOW
0.0,1.5928291,LOW
0.0,1.5749574,LOW
0.33121690502309953,1.3212284,LOW
0.0,1.2289135,LOW
0.0,1.1949805,LOW
4.362234976234925,1.110338,LOW
3.5151349952203583,1.5580198,LOW
0.020675383544121573,1.712797,LOW
3.2835123557949464,1.719637,LOW
0.9222661454308527,1.764795,LOW
1.3658421937632026,1.8225824,LOW
0.0,2.1703632,LOW
1.660826511897076,1.8344517,LOW
0.9997795285125113,1.6808811,LOW
0.0,1.6849126,LOW
2.427908225829179,1.5408069,LOW
2.9648972898040205,1.5610454,LOW
1.321683368263117,1.7092541,LOW
4.419788637500444,1.7331947,LOW
3.1098655935834127,2.195292,LOW
2.273428140714315,2.3575764,LOW
4.8976459954175136,2.69678,LOW
2.924763902076153,3.325823,LOW
4.632702124562767,3.4214656,LOW
3.953665322196132,3.8709095,LOW
5.31809030403607,3.948576,LOW
4.657047308933875,4.3321147,LOW
3.9624074333261827,4.67253,LOW
2.8298013668042374,4.7046795,LOW
3.1979990734150645,4.2657213,LOW
1.2803365167318521,4.1224966,LOW
5.378162528702328,3.6016364,LOW
0.7738891522763431,3.9212637,LOW
0.257436256975498,3.268339,LOW
2.766553460201412,2.3866162,LOW
11.874662766072781,2.3880563,LOW
13.894223975760521,11.403475,MEDIUM
11.034067335130413,12.427031,MEDIUM
11.675998144496372,11.631706,MEDIUM
10.18979836998773,10.668564,MEDIUM
11.667676052464422,10.801567,MEDIUM
13.001813450656455,11.505369,MEDIUM
12.804662993159981,12.353903,MEDIUM
9.069512657754009,12.649466,MEDIUM
11.388628745676776,11.497278,MEDIUM
14.363115253534732,11.524536,MEDIUM
12.116512602455348,12.820501,MEDIUM
11.337455970426806,12.789127,MEDIUM
13.680821618051015,12.588472,MEDIUM
12.057029809624261,13.028929,MEDIUM
10.873252707851755,13.067106,MEDIUM
14.659008487034635,12.546406,MEDIUM
16.28396001653386,13.379211,MEDIUM
11.947044969203274,14.406754,MEDIUM
15.36092438949128,14.073303,MEDIUM
15.66934471847943,14.976028,MEDIUM
13.922685646568043,15.337669,MEDIUM
14.831046728232089,15.215216,MEDIUM
13.817475171896723,15.198059,MEDIUM
15.323703590593798,14.909073,MEDIUM
14.573279008065539,15.200306,MEDIUM
12.206170523253398,15.085367,MEDIUM
11.47148878801625,14.218643,MEDIUM
10.799913207048489,13.344673,MEDIUM
13.249649659303214,12.307877,MEDIUM
27.388951659596188,12.696394,MEDIUM
24.7148690140505,27.03967,HIGH
25.704522305249377,24.766174,MEDIUM
27.025493743067347,25.126392,HIGH
26.61712876748042,25.599895,HIGH
27.140641327311606,26.073341,HIGH
25.2191166928179,26.788435,HIGH
26.06553750601622,24.58548,MEDIUM
27.475638816527614,24.90646,MEDIUM
26.39863592192588,25.345215,HIGH
25.367862515605154,25.53229,HIGH
26.894903727933595,25.746044,HIGH
29.719790451892802,26.294418,HIGH
28.426954118786313,27.873226,HIGH
27.462543192964972,27.84857,HIGH
26.610203427681178,27.721466,HIGH
29.677014672208745,27.121845,HIGH
28.44181953165924,28.111168,HIGH
27.834228493495033,27.886295,HIGH
31.31516835357489,27.698414,HIGH
30.137498106255983,29.574963,HIGH
30.208045244526932,29.3148,HIGH
29.056326122489565,29.911226,HIGH
28.90616699992298,28.659649,HIGH
29.02595968933999,28.163343,HIGH
27.32043388452579,27.47832,HIGH
27.17083161134299,26.297302,HIGH
25.705170040439462,25.902641,HIGH
27.75749821026143,25.041252,HIGH
27.827546638964314,25.797493,HIGH
42.08577840224767,25.825197,HIGH
39.609393374517516,35.09927,HIGH
40.174431535297416,35.38252,HIGH
35.20672669900518,36.062412,HIGH
39.1652532130754,35.3912,HIGH
38.49845234815625,36.345707,HIGH
39.26402618286002,36.718014,HIGH
40.358155730650374,35.64387,HIGH
40.627836781988314,38.424435,HIGH
40.28917970323464,39.20509,HIGH
37.239920109738996,39.333492,HIGH
41.152962297858494,38.52843,HIGH
38.60486067954844,39.132683,HIGH
40.90902779370227,37.867672,HIGH
39.58810608446416,39.14275,HIGH
41.2459340312513,39.59995,HIGH
41.8469437426205,39.506218,HIGH
41.19737002630397,40.46784,HIGH
40.27432587667407,40.636143,HIGH
43.81975589337031,40.67562,HIGH
40.33709600808825,41.286724,HIGH
42.595569979543015,41.371174,HIGH
40.718923982755065,40.95506,HIGH
41.025418541263534,40.34062,HIGH
40.17811900289653,39.38959,HIGH
39.35999763123252,38.62973,HIGH
39.78699978094935,37.49559,HIGH
40.4234625426389,37.85718,HIGH
36.13470166059362,36.959988,HIGH
38.066219655624636,36.225567,HIGH
5.873789204555733,35.541256,HIGH
7.977611570176364,4.9977064,LOW
6.164735872945656,6.55253,LOW
4.034456893645427,5.843778,LOW
5.379091225452365,5.1601906,LOW
3.1860459001171595,4.574621,LOW
4.472953762002678,3.9898648,LOW
4.765449357921696,5.198738,LOW
6.458772524738297,5.1764717,LOW
2.2951171627375135,5.4920096,LOW
5.3963289296815455,4.9756927,LOW
6.982434616828385,4.949631,LOW
6.770565202616249,5.653836,LOW
5.746739273270022,6.295317,LOW
4.439560191746661,6.3858123,LOW
7.4029807503247795,5.955179,LOW
6.760107881246071,6.3873816,LOW
5.28011090528282,6.9055758,LOW
6.1506014508584155,6.796447,LOW
7.245014227411838,6.6169715,LOW
5.106115989714957,6.8301682,LOW
6.2591025332264145,6.7331753,LOW
5.758934546020955,6.7725673,LOW
5.659753052578546,6.5617123,LOW
6.030080439458709,6.444002,LOW
6.2950648875793815,6.527378,LOW
5.798822742181143,6.5234947,LOW
6.913121957041277,6.448207,LOW
2.565697250236053,6.688365,LOW
5.191465934971967,5.737285,LOW
13.254948716621247,5.5220222,LOW
17.145056316478144,14.397902,MEDIUM
13.567738160286964,15.433298,MEDIUM
14.324977523948478,15.17152,MEDIUM
12.297314966902615,14.866188,MEDIUM
11.836968068890553,14.207148,MEDIUM
11.397525938401659,13.807009,MEDIUM
11.897241309401707,12.910471,MEDIUM
12.55412009342209,12.611101,MEDIUM
11.953017371489777,12.798111,MEDIUM
11.800071101757553,12.612019,MEDIUM
11.623103560615334,12.549982,MEDIUM
12.836415915955257,12.471611,MEDIUM
12.924533960972292,12.879992,MEDIUM
14.703957737057465,13.138174,MEDIUM
14.868264351801733,13.783176,MEDIUM
14.94020236490634,14.184818,MEDIUM
13.932648802420177,14.834351,MEDIUM
17.121205301979963,14.821077,MEDIUM
17.078263498125388,16.101238,MEDIUM
15.327749058069662,16.583364,MEDIUM
15.940385034543544,16.37128,MEDIUM
15.392468495770387,16.279715,MEDIUM
15.444149845951205,16.191057,MEDIUM
14.515347271369935,16.06548,MEDIUM
12.489697507743907,15.64653,MEDIUM
17.85272923580359,14.687809,MEDIUM
13.175458598963735,16.484064,MEDIUM
14.77124058617189,15.274252,MEDIUM
14.569849286051532,15.294817,MEDIUM
17.79826874821945,15.160559,MEDIUM
18.36905322165969,16.12084,MEDIUM
20.158208726173278,16.68951,MEDIUM
16.731399531657534,18.173325,MEDIUM
19.963303098093533,17.946194,MEDIUM
18.538550375272084,18.896912,MEDIUM
17.932845500289595,18.647602,MEDIUM
19.589922888295963,18.47939,MEDIUM
18.74191687507247,18.614098,MEDIUM
17.289732497904126,18.811586,MEDIUM
18.88184953055969,18.332499,MEDIUM
17.767386998801342,18.319939,MEDIUM
19.07617103203582,18.144894,MEDIUM
21.50627918861703,18.420807,MEDIUM
19.969317990023512,19.550205,MEDIUM
20.382998525376053,19.847466,MEDIUM
21.91846748554373,20.089554,MEDIUM
21.553329155166242,20.844858,MEDIUM
19.35889370126968,21.299128,MEDIUM
23.590358273579028,20.628582,MEDIUM
18.029666118160357,21.73803,MEDIUM
20.29639043532626,20.504078,MEDIUM
22.166122765410886,19.971865,MEDIUM
20.695553164431793,20.295212,MEDIUM
21.95097835950034,20.613594,MEDIUM
20.546750504617382,21.03766,MEDIUM
19.120183383339423,20.666786,MEDIUM
18.94296469775217,20.011898,MEDIUM
18.02649397483397,19.147087,MEDIUM
19.705147958496052,18.380627,MEDIUM
14.772441724520851,18.507225,MEDIUM
17.44634386676875,16.75453,MEDIUM
19.089400472866412,16.678776,MEDIUM
14.220533067608859,17.413292,MEDIUM
16.033248511505274,16.31145,MEDIUM
14.97397152573714,15.945276,MEDIUM
15.332086582744132,15.769484,MEDIUM
17.71626895960476,15.65797,MEDIUM
15.39247199308009,16.389263,MEDIUM
19.230016065413487,16.164806,MEDIUM
14.7083669952845,17.207567,MEDIUM
15.591089537953735,16.48091,MEDIUM
15.04567873185629,16.207424,MEDIUM
19.356739583343185,15.9302845,MEDIUM
19.54237685919151,17.278595,MEDIUM
18.63818126609291,18.221815,MEDIUM
19.003274250082782,18.687874,MEDIUM
17.769238290871755,18.84895,MEDIUM
21.257116352570964,18.49937,MEDIUM
19.348711961673857,19.392244,MEDIUM
19.198611927382803,19.317484,MEDIUM
18.24622998862132,19.294365,MEDIUM
18.8917161067142,18.798111,MEDIUM
17.253035502571045,18.759964,MEDIUM
16.057496669157736,17.994736,MEDIUM
17.542493934998134,16.995428,MEDIUM
15.446317984625086,16.900156,MEDIUM
14.922074139516074,16.334486,MEDIUM
15.773741672571918,15.913452,MEDIUM
15.898681925270106,15.852005,MEDIUM
24.024612574560862,15.957701,MEDIUM
23.017053091179545,21.761726,MEDIUM
22.244452114097818,22.097477,MEDIUM
24.638645716453496,22.64367,MEDIUM
22.026784265173287,23.223797,MEDIUM
23.787945950095136,22.939789,MEDIUM
21.13197260481794,23.13182,MEDIUM
24.048699643941568,22.031187,MEDIUM
24.234482233948157,22.592993,MEDIUM
23.29499826471952,22.84749,MEDIUM
25.29811085302121,23.202658,MEDIUM
25.661637088384293,24.144043,MEDIUM
24.302209183135094,24.731531,MEDIUM
25.071328888341583,24.637714,MEDIUM
26.60976897295268,24.794014,MEDIUM
27.25013241013958,25.556278,HIGH
23.35425718277487,26.138388,HIGH
28.952961206642144,24.975712,MEDIUM
30.10720125969694,26.710411,HIGH
27.374787200795055,27.505493,HIGH
26.653402838513045,27.480824,HIGH
29.43560057494082,26.986877,HIGH
24.978104075574553,27.74448,HIGH
25.546964669931384,26.39963,HIGH
25.880852805984347,25.311516,HIGH
26.93617200469648,24.632683,MEDIUM
24.963360695085385,25.259068,HIGH
24.38825634340546,24.812778,MEDIUM
27.648411356945182,24.216223,MEDIUM
23.25618376264084,25.267326,HIGH
3.466483373352551,24.24606,MEDIUM
4.190130218064061,3.2227657,LOW
2.9015109135855273,3.2254088,LOW
0.6950021633749266,2.2844872,LOW
3.4852695483186054,1.5049964,LOW
0.3234975215055922,1.5543321,LOW
4.048054159697058,1.856393,LOW
1.5960162948742695,3.1168237,LOW
3.0604928214332077,2.5091803,LOW
2.8290456535999535,2.5503306,LOW
1.0811302288159883,2.6371102,LOW
2.049273915354032,2.3281782,LOW
2.355974964387233,2.3941767,LOW
2.412126216115208,2.3732057,LOW
6.7622210860254555,2.421132,LOW
5.407873373834708,3.6061459,LOW
6.062788062204165,4.1816244,LOW
5.042266075201699,5.0533295,LOW
4.5251565480825935,5.2700367,LOW
7.705406847668192,5.4952393,LOW
5.912576294041248,6.4297023,LOW
6.1856336084829575,6.702061,LOW
5.568756875380609,6.7266707,LOW
3.989668467625929,6.525067,LOW
4.129136420155453,6.060889,LOW
3.724541982132518,5.6952252,LOW
2.2621087243703304,5.219103,LOW
4.947477178935472,4.443098,LOW
5.049372393479885,4.477803,LOW
2.4187002807888653,4.5814757,LOW
2.29168055169174,4.250754,LOW
4.042465266486729,3.5259275,LOW
3.4355214307669915,3.701236,LOW
0.49041144601884046,3.8449993,LOW
0.0,3.1522517,LOW
2.788750121407712,2.1310139,LOW
2.04978701943435,2.2854471,LOW
0.0,2.2703333,LOW
2.4632369424209597,1.7177901,LOW
2.7297201257501884,1.6064491,LOW
0.6649305804825651,1.7878458,LOW
0.0,1.8409331,LOW
2.6056808567407685,1.5827438,LOW
2.640764740546806,1.6326997,LOW
6.398402522384712,1.9595376,LOW
3.2737721105852895,3.1208303,LOW
4.31190928539143,2.9577563,LOW
4.031970465787738,3.3983912,LOW
5.632909646944863,3.882043,LOW
3.458420712380942,4.7753134,LOW
4.664864778508072,4.819243,LOW
3.178209035492973,4.6743054,LOW
1.0930789224533273,4.3717456,LOW
2.431095626429765,3.7343116,LOW
4.3848782343468296,3.367407,LOW
3.348193226905938,3.5226614,LOW
1.5231769152265056,3.4161189,LOW
1.2375326800155966,2.7653313,LOW
1.9125599076885829,2.2604208,LOW
1.4751997763915679,2.3429103,LOW
21.017585057163373,2.335976,LOW
24.679233723102435,21.586159,MEDIUM
23.99949930782423,22.116043,MEDIUM
23.659551643230202,22.41299,MEDIUM
23.092868930859872,22.4488,MEDIUM
22.529576351561133,22.79919,MEDIUM
22.128329429450332,22.783472,MEDIUM
24.650488128454903,22.169132,MEDIUM
19.84690524136819,22.76977,MEDIUM
25.09351596347694,21.876408,MEDIUM
24.03929610136501,23.19662,MEDIUM
25.13669548672194,23.159218,MEDIUM
28.358923908060113,24.393959,MEDIUM
24.71090984569574,25.994295,HIGH
27.91030606788845,25.715088,HIGH
26.169540673432557,26.621675,HIGH
25.903911747098867,26.205673,HIGH
25.056149613004116,25.833214,HIGH
28.449949130157528,25.077677,HIGH
25.949866938761264,26.487864,HIGH
26.99278107732104,26.05429,HIGH
26.223707554807326,26.162252,HIGH
26.641683349796445,25.904343,HIGH
26.689607508389283,25.628658,HIGH
25.76507810499742,25.28091,HIGH
23.791544067852147,25.019999,HIGH
24.508712261093624,24.378773,MEDIUM
22.52531706681194,23.656708,MEDIUM
21.993413745215996,22.90362,MEDIUM
23.874268613831312,22.092663,MEDIUM
4.356147384833134,22.21002,MEDIUM
4.391569597633243,3.5819082,LOW
2.7429373504680328,3.4895349,LOW
2.923796174610091,2.1890545,LOW
2.9578199449110407,2.0496862,LOW
4.980616652181862,1.6648961,LOW
3.8315558382780477,2.9612339,LOW
0.5641805294265723,3.9120278,LOW
3.1079352412627674,3.132234,LOW
2.4380382415150894,3.072776,LOW
2.423423737741592,3.0492263,LOW
7.224648456719474,2.9879367,LOW
4.1904938687179865,4.0277314,LOW
4.184389420678841,4.183792,LOW
4.391094510824578,4.482748,LOW
6.306632034122151,4.434925,LOW
8.123428545239987,5.2074375,LOW
5.303854630073424,6.1739335,LOW
5.134377685616149,6.334309,LOW
5.615449202768666,6.1031976,LOW
6.6037949108301195,6.1243296,LOW
4.3047983743309235,6.5348415,LOW
6.649541164252025,6.201301,LOW
3.939436503319861,6.249741,LOW
5.305411414983551,5.7610955,LOW
3.6782064235198533,5.745101,LOW
5.730374257877974,5.3952208,LOW
0.6444983213224305,5.439982,LOW
2.1153002926014963,4.3947277,LOW
1.343514648666666,3.6248884,LOW
14.874988885381185,3.0002542,LOW
16.14908473068545,15.28413,MEDIUM
13.104225846178629,15.045849,MEDIUM
14.187296651073236,13.728022,MEDIUM
11.501016054594642,13.162102,MEDIUM
13.514105879481349,12.650854,MEDIUM
13.379376397726858,13.2854805,MEDIUM
13.873390660979794,13.485874,MEDIUM
15.185892393099348,13.698172,MEDIUM
12.701343183362928,14.125372,MEDIUM
13.106066622137709,13.972668,MEDIUM
16.43533187256155,13.769104,MEDIUM
16.11325761867251,14.743013,MEDIUM
16.20183521548548,15.328468,MEDIUM
21.123331089751872,15.820246,MEDIUM
15.67226295027643,18.100689,MEDIUM
15.760118509146714,17.629196,MEDIUM
15.3035023419708,17.038614,MEDIUM
16.994389647527832,16.220976,MEDIUM
17.11783919142065,16.38697,MEDIUM
18.32507666250298,16.432337,MEDIUM
16.129325285847454,17.149826,MEDIUM
15.830652290764574,16.869612,MEDIUM
14.348075848586905,16.522434,MEDIUM
13.70569398494721,15.814686,MEDIUM
14.314975390933231,15.058739,MEDIUM
16.99741523470616,14.626778,MEDIUM
15.392853771222022,15.495678,MEDIUM
12.490631571782938,15.52253,MEDIUM
14.68857232703543,14.758564,MEDIUM
10.219622350320366,14.704279,MEDIUM
9.672916968655631,13.854254,MEDIUM
11.692268532941526,12.497145,MEDIUM
10.005326677324959,11.893429,MEDIUM
10.60347903813401,11.524599,MEDIUM
13.49223370784259,11.325653,MEDIUM
8.296404338533751,12.301346,MEDIUM
10.751324735135789,10.990326,MEDIUM
12.42042896114495,10.884174,MEDIUM
13.203527136236929,11.506493,MEDIUM
10.638449170047727,12.08987,MEDIUM
12.625002364399773,11.982388,MEDIUM
13.205951537736839,12.302326,MEDIUM
14.150372035307528,12.793367,MEDIUM
11.443618122810129,13.532528,MEDIUM
14.14910092251334,13.224155,MEDIUM
14.401409558245856,13.789967,MEDIUM
17.282798701139644,14.116383,MEDIUM
14.329494003957679,15.5625305,MEDIUM
12.647469947376546,15.450556,MEDIUM
12.75939575845062,15.060503,MEDIUM
13.588901549084675,14.238806,MEDIUM
13.858793065312266,14.186003,MEDIUM
9.079001397589298,14.029177,MEDIUM
11.823571843937916,12.64444,MEDIUM
12.921850547280643,12.359224,MEDIUM
11.347907094573499,12.649376,MEDIUM
11.305272490565466,12.278238,MEDIUM
9.290032050561656,12.211029,MEDIUM
11.758015024466168,11.305418,MEDIUM
26.36697174937684,11.541492,MEDIUM
26.33077544414668,25.423546,HIGH
25.53089390733949,24.665518,MEDIUM
25.00470294492744,24.979622,MEDIUM
27.172425775704085,24.624683,MEDIUM
25.026412755031245,25.387444,HIGH
24.61182056809603,25.142967,HIGH
25.51763240678075,24.630959,MEDIUM
24.680519961449715,24.497562,MEDIUM
23.747628799959145,24.256416,MEDIUM
25.334953921541995,23.644161,MEDIUM
27.235933253454828,23.741066,MEDIUM
24.603799968768406,25.00558,HIGH
26.57751998835641,24.847977,MEDIUM
28.195783387551238,25.489294,HIGH
28.70909034508491,26.3281,HIGH
26.091204437101574,27.138977,HIGH
27.14052062542326,26.783009,HIGH
28.5225873518378,26.83923,HIGH
32.23769858521041,27.058405,HIGH
27.122284718236276,29.093773,HIGH
31.132116735374115,28.289616,HIGH
28.352713618563186,29.528034,HIGH
27.9887185122323,28.818085,HIGH
29.51481300956209,27.983736,HIGH
30.562719748888806,27.424446,HIGH
28.21076090331891,28.176315,HIGH
24.973032955907684,27.848125,HIGH
27.109527012617033,25.567926,HIGH
26.651163112702793,25.931019,HIGH
11.08824354073742,25.421505,HIGH
7.688766541882634,9.092514,LOW
6.398673252863373,8.01786,LOW
7.302442996516527,6.9265103,LOW
6.4778009879857485,6.2822614,LOW
8.600974936264333,5.728783,LOW
5.884520508279026,6.989244,LOW
5.749947030475063,7.91009,LOW
7.998541404382461,7.110913,LOW
8.352931388959544,7.3565526,LOW
4.624175028140476,7.710359,LOW
7.874793869062932,7.1613584,LOW
7.310409010183321,7.3583083,LOW
10.13186373472613,7.418403,LOW
9.213808848011803,8.340969,LOW
8.714934492403069,8.662064,LOW
7.763848723345591,8.801907,LOW
10.002717340472248,8.689453,LOW
13.00502766936966,9.475527,LOW
10.548155491084207,10.671532,MEDIUM
10.488941363941214,10.682699,MEDIUM
11.10302095757419,10.651966,MEDIUM
9.669925192897924,10.716896,MEDIUM
9.585320464658519,10.79652,MEDIUM
11.313096990554362,10.651737,MEDIUM
7.164268246168641,10.763231,MEDIUM
7.126532662733811,10.11714,MEDIUM
4.278923575541212,8.984718,LOW
8.886335571346068,7.185137,LOW
5.929852425354385,7.9093328,LOW
22.014770993304055,7.7781568,LOW
22.300055469570413,22.533188,MEDIUM
22.011108697182557,21.229471,MEDIUM
21.33407010930847,21.19139,MEDIUM
20.6092010227343,21.088484,MEDIUM
21.617734429015393,21.18624,MEDIUM
21.25146559895783,21.153128,MEDIUM
19.651090365613108,20.956905,MEDIUM
18.304755111869227,20.31649,MEDIUM
20.18653717315273,19.150373,MEDIUM
20.582930577160283,18.953217,MEDIUM
21.39364720449288,19.364805,MEDIUM
17.852492147370853,20.068903,MEDIUM
21.716781453376885,19.516012,MEDIUM
21.235953582853078,20.128494,MEDIUM
23.771458898984815,20.386969,MEDIUM
22.590250943067225,22.001316,MEDIUM
21.688674014771944,22.370243,MEDIUM
22.441598216464715,22.33353,MEDIUM
23.666115191428048,21.988766,MEDIUM
24.320428107718296,22.444138,MEDIUM
21.32488264920189,23.062862,MEDIUM
22.076608690910195,22.583504,MEDIUM
22.16789890622376,22.066582,MEDIUM
23.451035032941288,21.695274,MEDIUM
21.831701694077324,22.064457,MEDIUM
20.781840015053394,21.876774,MEDIUM
20.719716133415066,21.413673,MEDIUM
18.93203691471549,20.835691,MEDIUM
20.08436219439201,19.724825,MEDIUM
23.65927902155824,19.099064,MEDIUM
25.284670569516315,20.929539,MEDIUM
22.855943348785612,23.32804,MEDIUM
23.891994850028965,23.193462,MEDIUM
21.918963817275348,23.382782,MEDIUM
22.212566001934476,22.705875,MEDIUM
20.118239896277554,21.95319,MEDIUM
24.38896213247923,20.86133,MEDIUM
24.246679431867147,21.959301,MEDIUM
23.3573147306926,22.73537,MEDIUM
25.192128478232213,23.150131,MEDIUM
20.889511773324845,23.788052,MEDIUM
24.083811281303127,22.805138,MEDIUM
24.486798218609152,22.687187,MEDIUM
24.526386806543524,23.075058,MEDIUM
24.933071057872574,23.720825,MEDIUM
26.16133593026596,23.993374,MEDIUM
24.65071068433965,24.831163,MEDIUM
22.886030787942595,24.5657,MEDIUM
24.85083597098448,23.619253,MEDIUM
26.52746101413848,23.494791,MEDIUM
26.68947712122298,24.476192,MEDIUM
25.34581450199384,25.247746,HIGH
21.141804966561455,25.282553,HIGH
25.515177589323027,22.474262,MEDIUM
23.71539650598736,23.536987,MEDIUM
22.60114929208034,23.001888,MEDIUM
20.041643388632757,22.508343,MEDIUM
21.74582356552428,21.102823,MEDIUM
22.870779313512415,20.745407,MEDIUM
15.915483071137352,21.208973,MEDIUM
15.13968952323186,16.50518,MEDIUM
15.7756421858189,14.226084,MEDIUM
16.864743383501285,15.439178,MEDIUM
18.136091362639146,15.871489,MEDIUM
13.505467495824739,16.563095,MEDIUM
15.244918522286216,15.56657,MEDIUM
14.047751494776065,15.586657,MEDIUM
15.818565009391467,15.10289,MEDIUM
14.978687248649903,15.30792,MEDIUM
16.992467919605385,15.250952,MEDIUM
17.40859645356049,15.853678,MEDIUM
15.929912254047807,16.343428,MEDIUM
18.429421253536837,16.489853,MEDIUM
19.08945119874966,17.15998,MEDIUM
19.449387925355886,18.101645,MEDIUM
19.832030017499488,18.739197,MEDIUM
19.103243419622604,19.132097,MEDIUM
16.67146286772345,19.04507,MEDIUM
21.667539982505854,18.249208,MEDIUM
20.73060869452899,19.311516,MEDIUM
20.779064404334488,19.6624,MEDIUM
18.931992975991598,20.082373,MEDIUM
19.793619887164347,19.65306,MEDIUM
18.063025304729962,19.384163,MEDIUM
16.653928485480655,18.666775,MEDIUM
18.320180166937927,17.65863,MEDIUM
17.008748152351387,17.415293,MEDIUM
18.597019456342842,17.19255,MEDIUM
14.304600132951347,17.569014,MEDIUM
6.708357160788768,16.267967,MEDIUM
5.729988639214945,5.0973434,LOW
2.701058929825414,4.962578,LOW
5.4706454042584145,3.4328089,LOW
4.996123496320227,3.2193253,LOW
2.7098064715043932,3.3528147,LOW
6.896861161044798,4.7436113,LOW
0.9639067910958952,5.3406553,LOW
2.9370965119093984,4.482418,LOW
2.6212530527139917,3.9472444,LOW
3.727903331836722,3.687162,LOW
4.307499124397355,3.681238,LOW
4.483132505694644,3.8077962,LOW
6.317645514224363,3.737695,LOW
5.931507486943081,4.420748,LOW
3.780463795301075,5.1281633,LOW
6.928514492438957,5.2561626,LOW
5.6891839970155775,5.7483706,LOW
7.358692968906073,6.116991,LOW
7.836171855710134,6.597752,LOW
7.646882360689759,6.894484,LOW
6.3878336197657966,7.114754,LOW
6.592270832756348,7.2141356,LOW
5.930184238008026,7.366902,LOW
9.136162029831457,7.1998167,LOW
3.8565862971859115,7.83096,LOW
2.5755650795266494,6.7273493,LOW
4.926498170352019,5.1572227,LOW
4.220203061682957,5.0280824,LOW
4.163356836459321,4.8066278,LOW
15.460514961308661,4.872425,LOW
16.771111260688095,15.933714,MEDIUM
13.829787287959702,15.970608,MEDIUM
12.379293845462087,15.376701,MEDIUM
12.686241214758578,14.566719,MEDIUM
12.118786750771118,14.064569,MEDIUM
13.985314679322487,13.560766,MEDIUM
14.32206885193612,13.631117,MEDIUM
12.976197418525643,13.911417,MEDIUM
11.515967061451246,13.838949,MEDIUM
12.852464671291486,13.308105,MEDIUM
16.094398326248243,13.355526,MEDIUM
16.840970389336594,14.520092,MEDIUM
13.329143228211208,15.460314,MEDIUM
15.158738255971555,15.180836,MEDIUM
15.797990993727081,15.480597,MEDIUM
19.34579817119891,15.939878,MEDIUM
15.527578423069583,17.064074,MEDIUM
14.53135560425924,16.803347,MEDIUM
15.743311010292539,16.288591,MEDIUM
16.20911925334379,16.198132,MEDIUM
15.50741753683517,16.248077,MEDIUM
13.58207042458995,16.013239,MEDIUM
13.689465360376811,15.308407,MEDIUM
13.097186776277331,15.020016,MEDIUM
15.29930283638576,14.552601,MEDIUM
13.818540332885277,14.804592,MEDIUM
12.756708479979247,14.625341,MEDIUM
11.921177435667564,14.203037,MEDIUM
12.691487686264052,13.634037,MEDIUM
2.92541827995284,13.432743,MEDIUM
3.2972933666319664,3.0312338,LOW
2.527459837949925,2.1077275,LOW
1.8589014390842227,2.1935349,LOW
2.728383421216866,2.0709853,LOW
2.873032763506627,2.644689,LOW
0.0,3.015205,LOW
1.1852285204497868,2.1432443,LOW
2.4898042686213735,1.9193287,LOW
2.189762774889479,1.9919009,LOW
1.0772135949194617,2.0354059,LOW
2.043505526920054,1.7107877,LOW
2.755434417120007,1.6244999,LOW
4.870859112088123,1.9303062,LOW
3.664267830931185,2.7777314,LOW
5.003170451237303,2.9187412,LOW
4.727766276220112,3.37448,LOW
4.658495773806402,3.8625998,LOW
7.1068466671090995,4.5743866,LOW
4.269924611109261,5.433603,LOW
4.963468285795534,5.5331926,LOW
6.198314437540557,5.5540185,LOW
4.291575452746847,5.852399,LOW
5.075085147069034,5.734422,LOW
3.3400515913332436,5.625477,LOW
2.6429717288990524,5.111497,LOW
5.582475724798991,4.4258466,LOW
2.6907514067121525,4.762249,LOW
5.696169057795712,4.2947836,LOW
2.8877744677680823,4.5642767,LOW
21.052879616187298,4.1802235,LOW
18.797272011085923,20.627739,MEDIUM
18.6534841297551,19.345415,MEDIUM
20.00727142141022,18.94859,MEDIUM
18.23396678742816,19.106256,MEDIUM
17.557792229011525,18.984037,MEDIUM
17.574697349297153,18.390882,MEDIUM
18.919272814727762,17.772224,MEDIUM
19.04396052439794,18.215927,MEDIUM
18.396146265323647,18.535582,MEDIUM
17.10765750894821,18.611568,MEDIUM
17.94302338340909,18.075697,MEDIUM
19.005686879770202,18.109657,MEDIUM
19.998922786348764,18.376492,MEDIUM
22.222238701054458,18.931828,MEDIUM
20.24005221890608,20.221336,MEDIUM
19.877038289841764,20.484936,MEDIUM
19.359613596208494,20.45345,MEDIUM
18.459690554442375,20.023277,MEDIUM
19.325899443677677,19.285618,MEDIUM
21.468708960438143,18.831402,MEDIUM
21.057919186219983,19.639921,MEDIUM
18.960807315781295,20.255028,MEDIUM
22.177926170389902,19.870245,MEDIUM
19.172258300763527,20.505634,MEDIUM
14.194674723724235,20.121025,MEDIUM
19.86237908271673,15.550966,MEDIUM
18.47354434153812,17.686352,MEDIUM
20.004896642219066,17.795439,MEDIUM
18.64617959339889,18.70851,MEDIUM
16.943120331479918,18.795254,MEDIUM
16.36904951559471,19.041252,MEDIUM
18.31966559926784,18.245705,MEDIUM
16.494370624714783,18.155798,MEDIUM
16.598918560361177,17.684675,MEDIUM
17.04548529172878,17.486244,MEDIUM
18.878325342706358,17.427082,MEDIUM
18.02179197147079,18.06166,MEDIUM
15.439990700066351,18.109482,MEDIUM
16.93786859639556,17.397938,MEDIUM
18.929216594896914,17.246624,MEDIUM
16.598660902238745,17.998962,MEDIUM
17.341767477061296,17.694204,MEDIUM
17.197162151211216,17.803604,MEDIUM
19.52246429393552,17.734632,MEDIUM
20.047835137764537,18.727644,MEDIUM
19.174984006779425,19.340733,MEDIUM
22.800650827603615,19.3712,MEDIUM
20.92543682213541,20.710064,MEDIUM
19.561011887614832,20.955282,MEDIUM
19.549667097946102,20.781528,MEDIUM
17.90785071839221,20.16518,MEDIUM
18.316195181205604,19.079317,MEDIUM
18.277091254939336,18.716896,MEDIUM
18.71030395181699,18.32893,MEDIUM
20.463147166906293,18.53818,MEDIUM
17.63447094662732,19.184391,MEDIUM
17.06664359543061,18.8657,MEDIUM
18.626629672831662,18.295784,MEDIUM
16.191140342223015,18.177431,MEDIUM
36.77437943685668,17.525957,MEDIUM
34.011277250407076,35.51607,HIGH
35.41036673612428,33.67263,HIGH
33.82045120562598,34.133785,HIGH
31.68121177698158,33.538757,HIGH
31.717980661492323,32.564777,HIGH
34.40251868694428,31.763592,HIGH
33.15529421689831,30.191257,HIGH
35.429052508918616,30.819023,HIGH
35.21574439787431,31.79785,HIGH
35.72040217984211,33.18339,HIGH
34.78026630230635,34.434666,HIGH
35.73463641752487,34.44006,HIGH
38.09573556200537,34.91515,HIGH
35.36160854071752,36.20877,HIGH
36.237916077732876,36.310932,HIGH
35.798111108210726,36.390995,HIGH
34.42302332058942,36.098175,HIGH
34.05240912022609,35.41196,HIGH
37.93563891117029,33.90632,HIGH
38.32336682834903,33.931538,HIGH
33.799219505904084,35.44649,HIGH
34.493858344897134,34.918304,HIGH
33.63272591774718,34.538513,HIGH
34.8739579940795,33.657795,HIGH
30.521843278062843,33.425137,HIGH
33.724565528536544,29.984623,HIGH
33.28777715935347,30.175726,HIGH
33.38946314286119,30.242695,HIGH
32.37877621626261,30.627262,HIGH
27.655933054270413,30.691595,HIGH
29.254130723103508,29.48516,HIGH
26.50530590236412,30.345272,HIGH
25.667714263134847,28.559359,HIGH
27.80223681006813,26.650227,HIGH
26.84805178361234,26.29374,HIGH
24.733905935016015,25.906294,HIGH
24.914053345889307,24.758732,MEDIUM
24.014653788017473,24.085184,MEDIUM
24.052835119885483,23.944073,MEDIUM
27.987582897812267,23.679968,MEDIUM
26.578587415222067,25.39841,HIGH
22.8618409687953,25.715393,HIGH
27.928990767791,24.842068,MEDIUM
26.80981586478935,26.248848,HIGH
26.278276302815513,26.197319,HIGH
28.960949651678092,26.193909,HIGH
29.16844820896246,27.012962,HIGH
29.964773676181412,27.749252,HIGH
30.093506611892245,28.414112,HIGH
29.48116894881229,28.758865,HIGH
26.797652198570116,29.020844,HIGH
28.986235085424084,27.736496,HIGH
28.49612701937263,27.63068,HIGH
25.499415347097617,27.147997,HIGH
28.160259807174384,25.77752,HIGH
24.1507412196569,26.03923,HIGH
26.40577536700895,24.917728,MEDIUM
26.179215711958527,25.119854,HIGH
26.874101309759915,24.770569,MEDIUM
33.66942426079311,25.430775,HIGH
29.63558736808927,29.578333,HIGH
32.7599822094583,29.606628,HIGH
29.681767948204584,31.227177,HIGH
29.795065827686912,30.744347,HIGH
29.555229834041878,30.475077,HIGH
30.16379283575015,30.00095,HIGH
28.417117075147345,28.648148,HIGH
33.3018183905561,27.737059,HIGH
27.786037136286065,29.38623,HIGH
31.5735706308039,28.5411,HIGH
32.03317035294518,29.729454,HIGH
31.932430585554933,30.431112,HIGH
31.914006913293946,31.29011,HIGH
34.03740353067013,31.441525,HIGH
32.70288082799244,31.976242,HIGH
36.448671399567246,32.570183,HIGH
33.58408016029214,34.84585,HIGH
33.99788437468978,35.048573,HIGH
34.129788074192135,34.784084,HIGH
36.22663638364012,34.615295,HIGH
34.0991931800021,34.413708,HIGH
33.79333221669213,33.36816,HIGH
32.11307175511213,32.444595,HIGH
32.09732547590834,31.945526,HIGH
31.59460691869066,31.32898,HIGH
33.41376653647519,30.395336,HIGH
32.740625934228596,30.242573,HIGH
32.24522727149403,30.731092,HIGH
30.64570078148651,30.284298,HIGH
14.03808349248035,29.326824,HIGH
15.945075655773943,12.154921,MEDIUM
13.58685132957383,14.122583,MEDIUM
13.584843673472713,14.385664,MEDIUM
13.76736097176298,13.700304,MEDIUM
11.134347677856187,13.438509,MEDIUM
11.155726842379343,12.891216,MEDIUM
13.251600898643938,12.416403,MEDIUM
13.972630590609613,12.646772,MEDIUM
13.958164517460398,13.183279,MEDIUM
13.375286605278788,13.643402,MEDIUM
13.200784505645082,13.648003,MEDIUM
14.282909671406266,13.708593,MEDIUM
16.211170037646063,13.94088,MEDIUM
14.725260234872717,14.942427,MEDIUM
17.902488331089614,15.102215,MEDIUM
14.497937733019866,16.1951,MEDIUM
14.126545962134893,15.853214,MEDIUM
16.880730485575807,15.559523,MEDIUM
17.141021125882215,16.002333,MEDIUM
15.060821486467884,16.449417,MEDIUM
16.43200366327306,16.150448,MEDIUM
13.87431733741003,16.277987,MEDIUM
13.744656747056862,15.750786,MEDIUM
12.169866669456,15.044586,MEDIUM
14.040200195377015,13.826029,MEDIUM
14.810662711991835,13.844393,MEDIUM
15.825687238951073,14.042597,MEDIUM
10.8261950789428,14.85512,MEDIUM
13.632048935161373,13.61442,MEDIUM
28.000164741265642,13.75828,MEDIUM
30.64797937774238,27.095892,HIGH
31.091172481698717,28.576042,HIGH
28.384451935160502,29.282188,HIGH
30.340813051351944,28.427437,HIGH
28.30761362306874,29.030293,HIGH
26.917670201443805,28.94254,HIGH
27.44600977954355,26.841444,HIGH
27.531234695375346,26.201462,HIGH
29.014469759884953,26.281326,HIGH
27.86317872721703,27.222187,HIGH
29.5230176306872,27.024391,HIGH
29.87176590377959,28.009022,HIGH
32.94092565675426,28.583298,HIGH
29.559306061879006,30.444008,HIGH
27.52809554092411,30.050367,HIGH
31.687902635292843,29.324274,HIGH
32.72489420869898,30.426056,HIGH
33.169162204180125,31.188831,HIGH
33.22757834574951,31.842104,HIGH
33.308980959823074,32.248375,HIGH
33.26970831481472,32.510704,HIGH
29.235505978502264,32.504604,HIGH
28.910416124545407,30.6049,HIGH
28.672026442442274,29.083408,HIGH
32.460410614399485,27.293873,HIGH
26.70917024514933,27.873999,HIGH
28.927185202423786,26.285084,HIGH
29.823686488560575,26.378819,HIGH
28.78263471728889,27.23785,HIGH
0.18856777146679882,27.634514,HIGH
0.21989105971788625,2.3018885,LOW
1.4073711494426462,0.9923352,LOW
0.5875091669454466,0.8310102,LOW
0.0,0.8119346,LOW
0.0,0.9016049,LOW
1.1297065156846564,1.1192138,LOW
0.0,1.3667839,LOW
1.1293482426560253,1.3259151,LOW
0.0,1.3330733,LOW
0.0,1.2472316,LOW
0.6826084508168648,1.2128676,LOW
0.0,1.2606666,LOW
2.0542207537274155,1.1851021,LOW
0.0,1.3625497,LOW
0.17170378531592512,1.3103797,LOW
2.2067232746299457,1.2993498,LOW
3.1390623527783923,1.4182712,LOW
4.284698083116124,1.5586557,LOW
3.381461057457811,2.0385542,LOW
0.0,2.1485264,LOW
1.6331483361728498,1.9166486,LOW
0.15731102447294631,2.1671815,LOW
0.68109856390228,2.0749145,LOW
0.0,1.8818891,LOW
0.0,1.5235897,LOW
0.0,1.2964108,LOW
0.0,1.2434809,LOW
0.0,1.1967201,LOW
0.0,1.1786041,LOW
4.780063628766433,1.1275194,LOW
6.019229787871437,1.4936267,LOW
1.9126642940553378,2.228579,LOW
6.667342554947194,2.2926726,LOW
3.8820836446762765,3.4612348,LOW
4.046288514632289,4.0401564,LOW
4.333436772497014,4.706333,LOW
7.253877774811766,4.931096,LOW
3.337432541216227,5.488872,LOW
3.354709895113527,5.41522,LOW
5.241318481443646,4.9360895,LOW
5.071954534613386,4.923214,LOW
7.422617067440886,5.2668953,LOW
7.4600723433842,5.975499,LOW
4.975078934421363,6.308534,LOW
8.630814876679247,6.1365166,LOW
6.331612526052322,6.8962784,LOW
8.15277210406719,7.218656,LOW
7.312463012540385,7.5635886,LOW
5.310375359557533,7.712954,LOW
8.776443541295553,7.4336524,LOW
5.195526441347344,7.771979,LOW
6.855487583730508,7.4147716,LOW
7.211910176956925,7.2428284,LOW
5.360859626450931,7.3437543,LOW
4.872246588648214,7.0727882,LOW
7.696269609854581,6.579647,LOW
3.5639871560841208,6.854102,LOW
4.451233374702107,6.258779,LOW
5.502923841724388,5.7470765,LOW
12.67119394035419,5.7348514,LOW
12.905669825542649,12.118334,MEDIUM
14.690137036376813,12.852104,MEDIUM
13.203090441781457,13.103632,MEDIUM
11.652708300502697,12.842438,MEDIUM
10.216034738078129,12.945616,MEDIUM
12.789582889200755,12.325275,MEDIUM
9.646783873006928,12.538734,MEDIUM
11.610471172420556,11.585642,MEDIUM
12.035787229360846,11.7231045,MEDIUM
12.835904814658734,11.914305,MEDIUM
11.430355840543195,12.262714,MEDIUM
13.074145117664024,12.1903,MEDIUM
12.162523828466941,12.707558,MEDIUM
17.100135511555788,12.708828,MEDIUM
14.672816929684387,15.062979,MEDIUM
15.232755033685192,15.052002,MEDIUM
14.483641578060766,15.656355,MEDIUM
15.224180820346463,15.319788,MEDIUM
16.85869581265048,15.698786,MEDIUM
14.582073689381323,16.231846,MEDIUM
14.435356588530672,15.812698,MEDIUM
14.022925072873605,15.6014805,MEDIUM
13.193810059195508,15.146893,MEDIUM
14.23530853691029,14.712378,MEDIUM
12.609456093736188,14.466473,MEDIUM
12.189128024498897,13.9475765,MEDIUM
11.389824846448674,13.572544,MEDIUM
11.97465778680746,12.799744,MEDIUM
11.13750879177784,12.6737385,MEDIUM
18.37464221654288,12.2400055,MEDIUM
22.14788531297481,15.854313,MEDIUM
20.676749288732353,19.12407,MEDIUM
21.091339871790307,19.985485,MEDIUM
19.596550537734814,20.243183,MEDIUM
19.34304562801902,19.790455,MEDIUM
21.03322004548861,19.58716,MEDIUM
19.274074696719158,19.645597,MEDIUM
21.20839425038255,19.353315,MEDIUM
18.505036538705998,19.814297,MEDIUM
19.681336064752585,19.2932,MEDIUM
19.66919227751658,19.125603,MEDIUM
20.112994600183153,18.997372,MEDIUM
22.634343425154913,19.363085,MEDIUM
23.509993784355043,20.607481,MEDIUM
21.10614976258685,21.952806,MEDIUM
21.590674030923253,21.775112,MEDIUM
22.013462116137642,21.608557,MEDIUM
23.705240879061403,21.495426,MEDIUM
21.474954117544975,22.083847,MEDIUM
23.648482008989355,21.848118,MEDIUM
24.371198168145526,22.433247,MEDIUM
23.074414209568836,22.932043,MEDIUM
21.008614357231817,22.947388,MEDIUM
20.54748109380207,22.031937,MEDIUM
20.249336632981652,21.08282,MEDIUM
22.0617001353888,20.209724,MEDIUM
19.35848815451907,20.23999,MEDIUM
20.055969801146933,19.88118,MEDIUM
18.997893397897144,19.515982,MEDIUM
21.307823750542482,18.89249,MEDIUM
17.77598000536613,20.274189,MEDIUM
17.865430500267156,19.685524,MEDIUM
16.249196914784044,18.566252,MEDIUM
19.51162547727663,17.364582,MEDIUM
18.62999759005318,18.018793,MEDIUM
17.160897214056323,18.173847,MEDIUM
18.99874776078927,18.038006,MEDIUM
16.40668969701146,18.361326,MEDIUM
17.76489143554731,17.750134,MEDIUM
18.050903182406326,17.630669,MEDIUM
17.081539743686022,17.647797,MEDIUM
17.947800023883364,17.727104,MEDIUM
20.090001159396273,17.825891,MEDIUM
19.87634507536601,18.831581,MEDIUM
19.076856170927435,19.26969,MEDIUM
19.04861008795615,19.271809,MEDIUM
17.795282968434556,19.278929,MEDIUM
20.48840069657497,18.817377,MEDIUM
21.19132562839634,19.265041,MEDIUM
21.43772675715724,19.704536,MEDIUM
21.809034685611756,20.56913,MEDIUM
19.55526952261149,21.015808,MEDIUM
17.271413864580857,20.636642,MEDIUM
19.09760465347512,19.176264,MEDIUM
20.223190544962918,18.397346,MEDIUM
19.380636180400728,18.709255,MEDIUM
17.656241162830185,19.084526,MEDIUM
19.091950666921353,18.62214,MEDIUM
17.94647817279681,18.69545,MEDIUM
10.449512937666201,18.339754,MEDIUM
11.94127480487837,9.574007,LOW
11.948991128699289,10.798107,MEDIUM
11.515830355338196,11.415609,MEDIUM
10.484409292963601,11.355106,MEDIUM
9.63538500139985,11.557699,MEDIUM
10.41926306917038,11.004734,MEDIUM
10.499924161171586,10.851341,MEDIUM
12.250286087604993,10.830832,MEDIUM
8.81820685730628,11.226595,MEDIUM
11.26187317176977,10.769625,MEDIUM
11.406932003135607,10.84585,MEDIUM
13.327343047038356,11.029169,MEDIUM
8.412364812451083,11.894293,MEDIUM
11.719996215470715,10.962225,MEDIUM
13.603257730585122,11.18634,MEDIUM
15.093967820717719,11.93478,MEDIUM
12.981572822869841,13.009386,MEDIUM
14.762986239275428,13.407606,MEDIUM
14.973705765023608,14.008137,MEDIUM
13.346766632063847,14.448065,MEDIUM
13.898335999207,14.597584,MEDIUM
10.944873163235755,14.413208,MEDIUM
12.443022004423185,13.525822,MEDIUM
13.503106622106753,13.14851,MEDIUM
10.267070791523825,13.211903,MEDIUM
11.573002981378107,12.253426,MEDIUM
8.548700723429182,11.97415,MEDIUM
10.942837244711756,10.951704,MEDIUM
9.4185909935423,10.845884,MEDIUM
7.938454500553039,10.681915,MEDIUM
7.631730109277277,10.277948,MEDIUM
9.829325749418697,9.639524,LOW
6.550608551727208,9.857178,LOW
3.4697656237873993,9.118303,LOW
5.317415397362898,6.6690364,LOW
5.693554135517105,6.2791557,LOW
4.795276533232032,6.2477694,LOW
2.179936188089995,6.1106086,LOW
3.715929413591377,4.9907503,LOW
4.331088886290461,4.3840084,LOW
5.362064141510464,4.3980007,LOW
7.89163302632639,4.8566546,LOW
7.7357898964539284,5.484192,LOW
4.457633462023004,6.0692806,LOW
8.6965874182007,6.0581055,LOW
11.285607334956588,6.99478,LOW
8.180576706410358,8.52548,LOW
12.0805932803369,8.817858,LOW
8.665219267111928,10.161226,MEDIUM
9.258557586808578,9.871006,LOW
8.824978430036264,10.078266,MEDIUM
8.514025065216947,10.068243,MEDIUM
8.032888368905333,9.92984,LOW
6.131209648079986,9.600954,LOW
10.097183548982802,8.752596,LOW
6.957768435806878,9.28376,LOW
7.291944601356232,8.784349,LOW
3.921997714265869,8.449268,LOW
5.4202524047727305,7.1008506,LOW
17.050239816446304,6.699669,LOW
18.65152979149019,18.173605,MEDIUM
17.766058619532764,17.381172,MEDIUM
18.079533491158468,17.440077,MEDIUM
19.126679061369572,17.567465,MEDIUM
16.77053146460213,18.392609,MEDIUM
18.213128214245348,18.116957,MEDIUM
16.444688574463886,18.05138,MEDIUM
17.420481506431734,17.612043,MEDIUM
16.168099116305957,17.57692,MEDIUM
19.368744891586182,17.006,MEDIUM
16.348717293112948,18.16117,MEDIUM
18.56817742358306,17.784351,MEDIUM
20.543920709936526,18.213451,MEDIUM
20.850567830968448,18.987604,MEDIUM
20.59204607625174,19.875074,MEDIUM
23.583363748032394,20.153635,MEDIUM
21.85001728173159,21.876328,MEDIUM
22.758334203613618,22.09463,MEDIUM
22.455266182069433,22.552732,MEDIUM
19.980278175318674,22.5849,MEDIUM
20.295356106093877,21.757183,MEDIUM
20.716037231371836,20.806572,MEDIUM
20.853052361161556,20.229916,MEDIUM
19.4702307980886,20.374382,MEDIUM
16.740985503756036,19.979378,MEDIUM
17.837483252058036,18.803036,MEDIUM
19.739808097540376,18.020807,MEDIUM
16.391494550909794,18.29986,MEDIUM
18.407812821162974,17.823227,MEDIUM
9.664186241798127,17.98579,MEDIUM
10.119429532363997,9.519503,LOW
11.933107036856121,10.130812,MEDIUM
11.083631257797633,11.329002,MEDIUM
11.762887805005672,11.033855,MEDIUM
12.506555557486944,12.008701,MEDIUM
9.761685614129032,12.607435,MEDIUM
10.506441557692387,11.660114,MEDIUM
10.985680349004717,11.404942,MEDIUM
11.403883063458268,11.531721,MEDIUM
12.420460962638238,11.855967,MEDIUM
10.916249489185057,12.253757,MEDIUM
9.470829274614006,11.967827,MEDIUM
10.905010940581162,11.245382,MEDIUM
14.201151244271612,11.42214,MEDIUM
11.094767529278563,12.856691,MEDIUM
11.60990218890899,12.589918,MEDIUM
13.927669251297292,12.697887,MEDIUM
12.979258328831095,13.1268425,MEDIUM
14.171062890398922,13.445385,MEDIUM
15.700670845465797,13.985855,MEDIUM
16.31598573856096,14.820011,MEDIUM
15.85585820282769,15.780348,MEDIUM
12.588324202536958,16.051027,MEDIUM
13.730558963130855,15.262302,MEDIUM
15.17136344984547,14.973959,MEDIUM
12.06825362069565,15.145811,MEDIUM
13.836231161284553,14.226688,MEDIUM
11.396250103337495,14.328365,MEDIUM
11.321823725372548,13.472208,MEDIUM
12.232601984314439,12.969658,MEDIUM
9.418908136657565,12.044006,MEDIUM
8.436170769255979,10.873098,MEDIUM
7.975429863475768,10.28195,MEDIUM
9.259069707767432,9.581882,LOW
7.405072929149871,9.464149,LOW
8.502363654008246,9.048742,LOW
7.0861760584098885,9.027113,LOW
9.33308274417765,8.578241,LOW
9.365106064401985,8.942921,LOW
10.960963891856789,9.254979,LOW
14.216186361686367,9.837778,LOW
10.391708271884296,11.332823,MEDIUM
9.056157639458082,10.951418,MEDIUM
10.54872649922141,10.697302,MEDIUM
12.898719323127516,10.692118,MEDIUM
14.283826035243049,11.389828,MEDIUM
12.197694342221812,12.552181,MEDIUM
11.777470192036757,12.574373,MEDIUM
13.473526378299795,12.384336,MEDIUM
13.417086827911298,12.912573,MEDIUM
12.844660993760147,13.359692,MEDIUM
11.94487582366342,13.3132515,MEDIUM
12.012744722543605,12.922537,MEDIUM
14.777328586115612,12.764175,MEDIUM
13.72859660048767,13.429075,MEDIUM
10.446663174051055,13.555269,MEDIUM
9.838281805180097,12.679258,MEDIUM
8.908521422705672,11.434589,MEDIUM
7.859243934743905,10.592524,MEDIUM
11.48290635965158,9.724026,LOW
12.059629932997442,10.621311,MEDIUM
10.390878364832245,11.226818,MEDIUM
11.41387187853967,11.10297,MEDIUM
12.512486368843568,11.153225,MEDIUM
9.112564264824137,11.729195,MEDIUM
9.045181283633909,11.029057,MEDIUM
11.894224883460675,10.604109,MEDIUM
13.110072371142664,10.90641,MEDIUM
11.50062229339878,11.526155,MEDIUM
12.098340758243236,11.779675,MEDIUM
12.547618063314207,11.832823,MEDIUM
13.206959562995191,12.11323,MEDIUM
12.693114586953591,12.7118435,MEDIUM
11.511374200267174,12.93112,MEDIUM
14.549461929539376,12.724543,MEDIUM
11.860240858749494,13.440954,MEDIUM
12.456881714731395,13.154352,MEDIUM
13.67661154406185,13.109444,MEDIUM
14.002609593876802,13.392744,MEDIUM
12.180163860657698,13.727711,MEDIUM
14.974232766792012,13.40546,MEDIUM
13.867147267729237,14.045406,MEDIUM
13.154515968626841,14.172934,MEDIUM
13.05402326195934,14.052404,MEDIUM
11.31563614039492,13.820169,MEDIUM
10.082662962217986,13.193865,MEDIUM
11.844409554655929,11.88903,MEDIUM
10.37181246787358,11.763176,MEDIUM
12.468146450907472,11.394869,MEDIUM
1.6117161328014475,11.7861,MEDIUM
0.4231358344285727,3.2842884,LOW
0.04590867434728274,1.6328074,LOW
0.0,0.966164,LOW
0.0,0.99839437,LOW
0.35725736094651594,1.2000548,LOW
0.0,1.3833193,LOW
0.0,1.2267239,LOW
1.3773664300663508,1.1188691,LOW
1.52080548139255,1.2120068,LOW
1.5985250454856104,1.2457983,LOW
0.9030335463010672,1.3531854,LOW
0.0,1.3063977,LOW
1.8807331751564664,1.2454759,LOW
4.155991153370017,1.4964046,LOW
2.3507272190180704,1.9467486,LOW
2.2207948137869113,1.9973204,LOW
0.6177565941740149,1.9114101,LOW
2.12917836702575,1.6766002,LOW
1.1167235700020317,2.1096606,LOW
2.4821880936906044,2.2415128,LOW
1.7512533665376644,2.1322632,LOW
1.0070804231544308,1.9350693,LOW
0.0,1.7286466,LOW
0.9328212901132531,1.6249634,LOW
3.0659732808235987,1.6185155,LOW
0.9355372351480469,1.8630594,LOW
0.0,1.6827236,LOW
0.1399337491378958,1.4804978,LOW
0.0,1.3951495,LOW
0.7070700602442717,1.3851701,LOW
0.0,1.4152874,LOW
0.0,1.2725685,LOW
0.0,1.149037,LOW
0.0,1.1217706,LOW
0.0,1.0689334,LOW
0.0,1.1011939,LOW
0.4676459242501654,1.0574976,LOW
0.0,1.0884066,LOW
0.0,1.0799439,LOW
0.0,1.054278,LOW
0.0,1.107701,LOW
0.0,1.1431103,LOW
1.544508374269256,1.1373547,LOW
0.0,1.1944886,LOW
2.6011913390821775,1.1997803,LOW
1.4613512239471618,1.3903983,LOW
0.0,1.4243996,LOW
3.230498825676335,1.3963743,LOW
0.0,1.6564449,LOW
3.5229718072909755,1.6418253,LOW
2.7426735046799866,2.0288992,LOW
2.9317586740209194,2.0218382,LOW
2.3925812046500265,2.1114023,LOW
2.096344179076528,2.2904794,LOW
1.120017615611431,2.2574759,LOW
0.7919943852640259,2.2887654,LOW
0.0,2.129395,LOW
0.0,1.7230784,LOW
0.0,1.5334204,LOW
9.910157674695856,1.387,LOW
7.589011042090258,8.531757,LOW
9.14170972263668,7.818023,LOW
10.016240390151925,7.3875937,LOW
9.468769373834055,7.3431096,LOW
9.97961340669703,7.8955855,LOW
8.027312395510975,9.043722,LOW
10.415744316681675,9.572388,LOW
10.17746927364726,9.889385,LOW
9.848231721263895,10.122223,MEDIUM
10.76695882140746,10.200659,MEDIUM
10.661837927160718,10.344341,MEDIUM
11.483081102720156,10.53466,MEDIUM
10.875211943757702,10.764179,MEDIUM
13.088150006212556,10.90826,MEDIUM
11.960784750223976,11.534679,MEDIUM
11.235784840356681,11.769806,MEDIUM
11.83682766232915,11.83045,MEDIUM
11.419265923421754,11.899385,MEDIUM
13.14114811681403,12.022501,MEDIUM
11.653661566801961,12.409857,MEDIUM
13.472759260830623,12.297525,MEDIUM
11.594989311684618,12.626957,MEDIUM
14.003123980148732,12.426264,MEDIUM
13.209493042457389,13.063484,MEDIUM
9.578607738615085,13.077217,MEDIUM
11.893671594348966,12.115683,MEDIUM
9.771407790521994,11.950169,MEDIUM
8.327379588082,11.092676,MEDIUM
7.85966710509586,10.5163765,MEDIUM
24.17122959559285,9.751062,LOW
24.991547478610848,24.423414,MEDIUM
22.20044892010388,23.473595,MEDIUM
24.833943035008243,23.005486,MEDIUM
23.129835990724352,23.416634,MEDIUM
23.92695833854977,23.369541,MEDIUM
21.596610182954528,23.499569,MEDIUM
25.07288482658148,22.451277,MEDIUM
21.23890608134129,23.101032,MEDIUM
23.979002210875127,22.21095,MEDIUM
23.396932631447633,22.607086,MEDIUM
24.84853469260176,22.84942,MEDIUM
23.509337500738262,23.64453,MEDIUM
24.059159393831493,23.389542,MEDIUM
24.4783442391474,23.708054,MEDIUM
25.396628316964442,23.722471,MEDIUM
24.834414196170705,24.236765,MEDIUM
26.546103156673116,24.437454,MEDIUM
28.33243306459285,25.070839,HIGH
25.405537994600238,26.184769,HIGH
24.133316070159445,25.842743,HIGH
25.519492974594634,24.880726,MEDIUM
25.452286448716603,24.619183,MEDIUM
25.49325196275508,24.519636,MEDIUM
22.561718534763145,24.344034,MEDIUM
23.96624423178551,23.51297,MEDIUM
23.4475287947832,23.346134,MEDIUM
24.577474930716548,23.001575,MEDIUM
23.38003752956322,23.161674,MEDIUM
23.946709952735556,22.994684,MEDIUM
0.0,23.244959,MEDIUM
0.0,1.2419555,LOW
0.0,0.34743917,LOW
0.0,0.34033453,LOW
0.0,0.3128941,LOW
0.0,0.32853246,LOW
0.0,0.6655232,LOW
0.0,0.7986479,LOW
0.0,0.7698412,LOW
0.0,0.85195136,LOW
0.0,0.7952783,LOW
0.0,0.771804,LOW
0.0,0.80752444,LOW
0.0,0.8049153,LOW
0.0,0.77197325,LOW
0.0,0.8012855,LOW
0.0,0.7859442,LOW
0.0,0.7748425,LOW
0.0,0.8223134,LOW
0.0,0.8394133,LOW
0.7960738619859509,0.83835125,LOW
0.0,0.9779786,LOW
0.0,1.0000664,LOW
0.0,0.97456896,LOW
0.0,0.91110075,LOW
0.0,0.8662865,LOW
0.0,0.9458089,LOW
0.0,0.9222212,LOW
0.0,0.9052961,LOW
0.0,0.8610157,LOW
19.02211030474458,0.8696959,LOW
17.22602038677891,18.919048,MEDIUM
17.807614579439367,16.424332,MEDIUM
16.88499843633914,16.406042,MEDIUM
18.139897680093117,16.533663,MEDIUM
16.615298588793536,16.836418,MEDIUM
15.968723152173538,16.90081,MEDIUM
16.885904563786703,16.71558,MEDIUM
16.367705387847582,16.591398,MEDIUM
17.15052599707641,16.583706,MEDIUM
16.742151380113807,16.68999,MEDIUM
15.54105852059155,16.791641,MEDIUM
17.01479460939128,16.39273,MEDIUM
18.67127178529507,16.677149,MEDIUM
21.8016430186288,17.37366,MEDIUM
18.844880337906346,19.289757,MEDIUM
20.93480377501955,19.320948,MEDIUM
19.240513087680803,19.968124,MEDIUM
20.583632688708786,19.601555,MEDIUM
18.66455561877425,19.918116,MEDIUM
19.533338087943335,19.234241,MEDIUM
18.11284141538287,19.195877,MEDIUM
18.475801934297237,18.623005,MEDIUM
17.400526630989255,18.265236,MEDIUM
17.89151490088795,18.005583,MEDIUM
18.95663018674727,17.774803,MEDIUM
15.25728517478727,18.121298,MEDIUM
19.132415681965753,17.126562,MEDIUM
15.613491042076983,17.709358,MEDIUM
15.880680833900204,17.037586,MEDIUM
8.075954044634166,16.373135,MEDIUM
11.363590668647625,6.592673,LOW
13.747340182474138,9.235373,LOW
9.163190347496062,10.725546,MEDIUM
10.57431288799479,10.376408,MEDIUM
10.260142067163848,10.926975,MEDIUM
8.494696595000562,10.7614975,MEDIUM
11.237575108065089,10.448629,MEDIUM
8.373194471821185,10.625811,MEDIUM
9.536125244418185,10.292755,MEDIUM
10.161831796544629,10.076042,MEDIUM
12.207309146645045,10.159437,MEDIUM
10.63444851779304,10.602974,MEDIUM
11.557010195370099,10.641781,MEDIUM
13.12699311823124,10.91198,MEDIUM
11.301122923131608,11.50312,MEDIUM
11.270237154173499,11.742228,MEDIUM
15.487496359082918,11.839775,MEDIUM
13.952244799656984,13.410015,MEDIUM
14.00949909554256,13.645027,MEDIUM
14.161006739357232,13.969465,MEDIUM
14.118084360274182,14.027744,MEDIUM
12.542133898537873,14.301802,MEDIUM
11.97071262922243,13.815168,MEDIUM
12.19465371127129,13.369753,MEDIUM
13.094469250013766,12.8785305,MEDIUM
9.764142724921038,12.902817,MEDIUM
10.224078504980795,11.779604,MEDIUM
10.809765972777083,11.097483,MEDIUM
11.338445609769003,10.958521,MEDIUM
10.909468744682496,10.985842,MEDIUM
8.211731615986473,11.064962,MEDIUM
8.957480784461609,10.573856,MEDIUM
7.896052099504029,10.286184,MEDIUM
7.560543597154134,9.804668,LOW
7.190402364413574,9.255856,LOW
8.484954269101358,8.806204,LOW
6.875077758242223,8.590854,LOW
9.155843110292851,8.374161,LOW
7.2564543085917315,8.544916,LOW
8.633157743539062,8.358055,LOW
11.424874143646004,8.413252,LOW
10.180551479480794,9.554863,LOW
9.007322193512985,9.786524,LOW
9.482345923652034,9.826509,LOW
7.280129842338581,9.96867,LOW
9.231346567805968,9.70845,LOW
8.67860637829836,9.705109,LOW
10.198536646973915,9.682922,LOW
9.582328368036208,9.645254,LOW
8.263626253975431,9.615595,LOW
11.615884079296961,9.410087,LOW
10.837462736325925,10.112207,MEDIUM
7.221345695186569,10.415241,MEDIUM
10.177173963734424,9.91391,LOW
13.286294931704294,10.091175,MEDIUM
7.364670011588858,10.88578,MEDIUM
9.782408079951377,10.303381,MEDIUM
9.274893652159365,10.094992,MEDIUM
10.388303275646429,10.051586,MEDIUM
22.083392370016888,10.140512,MEDIUM
21.649450400023248,22.77258,MEDIUM
17.565401811901737,21.325443,MEDIUM
19.641567215817076,20.0197,MEDIUM
19.41238874797402,19.722145,MEDIUM
19.45510159067626,19.51041,MEDIUM
19.091671642880268,19.329393,MEDIUM
21.33661475643322,19.002007,MEDIUM
20.982240570571037,19.773846,MEDIUM
20.737113344960854,20.17147,MEDIUM
22.049164009577964,20.51036,MEDIUM
21.868646665957005,21.179773,MEDIUM
19.010352740722674,21.428688,MEDIUM
22.238819652865743,20.785078,MEDIUM
23.0524080555346,20.950796,MEDIUM
22.048058122833503,21.528683,MEDIUM
23.201812158381458,21.928082,MEDIUM
23.45531678323266,22.45911,MEDIUM
23.003393981505063,22.866718,MEDIUM
20.74204700232425,22.943546,MEDIUM
23.091869519225913,22.0116,MEDIUM
23.317209673013203,22.184189,MEDIUM
24.692569472857773,22.354122,MEDIUM
21.425573577260273,23.42565,MEDIUM
22.050579864683147,22.557957,MEDIUM
21.076630595790245,22.062237,MEDIUM
22.265043627246307,21.308144,MEDIUM
19.18954178298091,21.47284,MEDIUM
19.32779585485555,20.28009,MEDIUM
18.831414613598085,19.394535,MEDIUM
37.16286569362014,18.72497,MEDIUM
34.1410873826331,35.016342,HIGH
36.949417212855295,33.701965,HIGH
34.52324583600858,35.000103,HIGH
35.25678571707981,34.029972,HIGH
33.92205149412738,34.089825,HIGH
35.18430073298929,33.463108,HIGH
32.55069704539394,32.826298,HIGH
34.01785183187737,31.713343,HIGH
36.22556558973426,31.34885,HIGH
35.32261696063008,32.85817,HIGH
35.246491234290986,33.989452,HIGH
38.88268835103373,34.752407,HIGH
37.0084345887569,36.37547,HIGH
34.58985238552022,36.386013,HIGH
37.8812905605578,35.789898,HIGH
38.76941116763219,36.207703,HIGH
36.0807996820391,36.41059,HIGH
38.01011379226585,36.08225,HIGH
40.000230622125954,36.58933,HIGH
36.97824323326212,37.19022,HIGH
36.42680020831871,36.686665,HIGH
35.74927780695381,35.98222,HIGH
38.25554707445936,35.378777,HIGH
35.3822788280467,35.686047,HIGH
37.62431159526386,35.08408,HIGH
36.778730559460435,35.029667,HIGH
36.592618055890114,35.12946,HIGH
36.62855392734893,34.78555,HIGH
36.41036593655627,34.440052,HIGH
20.36763286796252,34.611767,HIGH
19.19853813763455,20.452765,MEDIUM
17.85357841699679,19.437805,MEDIUM
17.067432997188483,18.823524,MEDIUM
19.087849224961523,17.333586,MEDIUM
15.82192650250014,17.191385,MEDIUM
19.0152327611353,16.31054,MEDIUM
17.582044446390753,17.76974,MEDIUM
20.51644828246602,17.729523,MEDIUM
21.311641403617887,18.960472,MEDIUM
18.45798432078901,19.763962,MEDIUM
18.1320477442857,19.472584,MEDIUM
20.338051523722342,18.828154,MEDIUM
21.431450250400417,19.062408,MEDIUM
20.50668859670605,19.96814,MEDIUM
22.009082371769665,20.282452,MEDIUM
23.8732579534386,21.039751,MEDIUM
21.53306181858794,22.208244,MEDIUM
22.15185056105952,22.119785,MEDIUM
20.162907026518532,22.204433,MEDIUM
19.858261391928544,21.358143,MEDIUM
22.605186367885693,20.376432,MEDIUM
21.217652617414196,20.74143,MEDIUM
21.042963281820125,20.933632,MEDIUM
18.859418137359025,21.038216,MEDIUM
19.757197366073896,20.054207,MEDIUM
20.469524424567958,19.403305,MEDIUM
17.86679193225209,19.422787,MEDIUM
19.17956182527274,18.74691,MEDIUM
20.768318047240907,18.572853,MEDIUM
37.44652604339113,19.19739,MEDIUM
33.53317179323179,34.99962,HIGH
36.24814049732511,33.45866,HIGH
34.31176687957532,34.411312,HIGH
34.31005725491043,33.78864,HIGH
37.09016390009779,34.10514,HIGH
35.260547514728835,35.132565,HIGH
31.902693265959027,33.22258,HIGH
32.001509675418426,32.937325,HIGH
33.229847958076775,31.557238,HIGH
36.15636826788405,31.149801,HIGH
36.239471341555294,32.402443,HIGH
36.290903999301875,33.586773,HIGH
36.086106287808406,34.774113,HIGH
33.647854890749045,35.453735,HIGH
37.59581489318405,34.874027,HIGH
36.51031783939536,35.70392,HIGH
38.97329872775935,35.801006,HIGH
38.22353416235134,37.356457,HIGH
36.77632554762286,38.34663,HIGH
34.32460071711393,37.981144,HIGH
37.53276988946883,36.314693,HIGH
36.77389267654553,34.935013,HIGH
35.82948031758094,34.317772,HIGH
36.04007740871615,33.54345,HIGH
38.02703206076379,33.57949,HIGH
35.04473891291208,34.689358,HIGH
34.51108520169272,35.231632,HIGH
35.50627904821338,33.81464,HIGH
34.93121908661936,33.43849,HIGH
8.927670091384343,33.588627,HIGH
8.506741281876273,7.1850133,LOW
7.837492666413057,8.178669,LOW
9.867200287613887,7.541781,LOW
10.388351610875574,7.288058,LOW
8.257195276236184,8.234528,LOW
11.152697426259099,9.307817,LOW
7.058595596325141,9.954302,LOW
9.62760812726074,9.581741,LOW
7.546061726136228,9.748987,LOW
10.235298172444987,9.492073,LOW
5.50091419754188,9.729473,LOW
8.939303283929357,8.911308,LOW
8.062117988573595,8.93133,LOW
10.19625232770831,8.767771,LOW
9.76254774981997,9.320198,LOW
13.336307216484059,9.481065,LOW
12.670240780942969,10.691725,MEDIUM
11.302286869164767,11.3024235,MEDIUM
10.930426016566537,11.468248,MEDIUM
14.552694442319993,11.386881,MEDIUM
11.012933572113981,12.967869,MEDIUM
10.36824564341907,12.472208,MEDIUM
11.953780694080823,11.9273205,MEDIUM
11.75448545104124,11.9749775,MEDIUM
9.113570136221664,11.992285,MEDIUM
7.335971715017774,11.1224575,MEDIUM
9.340477293318298,10.239325,MEDIUM
7.51897513427218,10.01119,MEDIUM
9.319149429384554,9.517987,LOW
13.939199315120428,9.547878,LOW
16.974560111092103,10.626801,MEDIUM
14.960974846599457,14.1362705,MEDIUM
12.160916286456132,14.317856,MEDIUM
12.612209886991982,13.716782,MEDIUM
13.451304048896176,13.391119,MEDIUM
15.345358224978657,13.532106,MEDIUM
12.395096574634568,13.999353,MEDIUM
13.217522548317099,13.723732,MEDIUM
11.257333369626766,13.703367,MEDIUM
14.157930980168048,13.038313,MEDIUM
16.390360409384307,13.395679,MEDIUM
13.841030419037297,14.358959,MEDIUM
14.460593280968249,14.406387,MEDIUM
14.621334501748096,14.683107,MEDIUM
15.631933264452758,14.89583,MEDIUM
17.460420003878983,15.252819,MEDIUM
15.796596408996699,16.030718,MEDIUM
18.140319563241807,16.112135,MEDIUM
17.158782211167335,16.778767,MEDIUM
17.379910820106623,16.965975,MEDIUM
17.008661834632278,17.221605,MEDIUM
16.403606929887125,17.14132,MEDIUM
16.287279703747945,16.823383,MEDIUM
15.6272236311251,16.472939,MEDIUM
15.818562943375778,16.178623,MEDIUM
14.931806540064834,16.028412,MEDIUM
16.453205351055477,15.747591,MEDIUM
15.501940796547467,16.033802,MEDIUM
14.654951455809954,15.825907,MEDIUM
24.64139259220508,15.650194,MEDIUM
28.228482429324043,22.547892,MEDIUM
25.520313900717856,25.643932,HIGH
23.783874839786762,25.547194,HIGH
24.356948373166787,24.90757,MEDIUM
26.19632689373689,24.514116,MEDIUM
24.404060182868058,24.712358,MEDIUM
23.36353775233891,24.009438,MEDIUM
23.949393013580497,23.477936,MEDIUM
24.446016665509383,23.377945,MEDIUM
26.985473612396884,23.400562,MEDIUM
25.467787220836662,24.678543,MEDIUM
25.46679692758313,24.875832,MEDIUM
28.255004363618717,25.201859,HIGH
27.142780779751977,26.171587,HIGH
30.981363593309545,26.364937,HIGH
27.589962164588172,28.31218,HIGH
29.21883209849155,28.198929,HIGH
26.967842519547034,28.700167,HIGH
28.217991862665105,27.836727,HIGH
27.382859217396533,27.52713,HIGH
30.31408252564778,26.560122,HIGH
29.75574341299077,27.312366,HIGH
29.130640494715237,28.033546,HIGH
27.33895079559861,28.328442,HIGH
27.45796751765661,27.702805,HIGH
25.377054373176485,27.368814,HIGH
27.490409716472882,25.86698,HIGH
26.977114258712053,25.27335,HIGH
23.014783680321777,25.181402,HIGH
18.269617112620494,23.981468,MEDIUM
14.56527381266179,18.608097,MEDIUM
14.487355094072042,15.237757,MEDIUM
12.15144596250612,14.184961,MEDIUM
15.586163845424503,13.510031,MEDIUM
14.956226718480194,14.098839,MEDIUM
14.838690597486975,14.596315,MEDIUM
14.952199747529862,15.170959,MEDIUM
15.863318008319077,15.271784,MEDIUM
15.378183677611698,15.808826,MEDIUM
15.966676364341797,15.764692,MEDIUM
17.158820962157073,16.053568,MEDIUM
16.07546949899977,16.418442,MEDIUM
15.377420816454588,16.516977,MEDIUM
16.973907787720776,16.338644,MEDIUM
19.331394570027157,16.619993,MEDIUM
18.834360515327965,17.625742,MEDIUM
19.607387734639012,18.207941,MEDIUM
20.154909236882656,18.926128,MEDIUM
18.022309798509692,19.493137,MEDIUM
17.515640916811854,19.05149,MEDIUM
14.948821655058701,18.295444,MEDIUM
17.47664575349843,16.769096,MEDIUM
16.30744508803521,16.63466,MEDIUM
15.707139072761803,16.373058,MEDIUM
18.93251931337472,16.339624,MEDIUM
15.02105988868822,17.395657,MEDIUM
16.537849567570664,16.682402,MEDIUM
15.36642318529979,16.508417,MEDIUM
16.25637464223295,16.1486,MEDIUM
12.843743927130006,16.315,MEDIUM
13.90720931900054,14.911608,MEDIUM
15.462184094653077,14.360691,MEDIUM
17.304304390745635,14.679485,MEDIUM
13.690428328746409,15.641197,MEDIUM
14.589085277286921,15.152393,MEDIUM
12.483642157725004,15.289228,MEDIUM
14.199650286303665,14.348413,MEDIUM
12.92464790822647,14.157751,MEDIUM
13.839200706254214,13.708715,MEDIUM
15.190234425117705,13.87911,MEDIUM
12.632124411479715,14.298029,MEDIUM
14.831981331491054,14.04705,MEDIUM
19.069845525474257,14.478212,MEDIUM
15.136123748135727,16.412436,MEDIUM
13.926681948973933,16.277132,MEDIUM
18.48716253135105,15.783922,MEDIUM
15.643169628773226,16.778366,MEDIUM
14.621183300712078,16.432417,MEDIUM
16.361992048662064,15.980043,MEDIUM
15.743448608899547,16.046133,MEDIUM
15.051214685596463,16.095364,MEDIUM
16.83875570426529,15.793032,MEDIUM
16.194786488759586,16.170464,MEDIUM
16.288543395310906,16.28994,MEDIUM
15.995541940116041,16.30767,MEDIUM
17.18071826695696,16.211185,MEDIUM
13.441463146898304,16.58352,MEDIUM
11.52251791851577,15.53544,MEDIUM
14.368212614952384,13.914043,MEDIUM
25.97376749657796,13.936014,MEDIUM
25.53309782474531,25.690977,HIGH
28.749099569691193,24.776901,MEDIUM
27.309052109469334,26.30836,HIGH
24.541753708662952,26.129402,HIGH
27.362157326039355,25.83725,HIGH
24.185121069413853,26.497135,HIGH
24.616062796931764,24.44876,MEDIUM
26.178350702774686,24.273676,MEDIUM
26.71987751787035,24.425106,MEDIUM
28.74528237622559,25.21336,HIGH
27.133330667161097,26.58559,HIGH
26.374856206067232,26.630417,HIGH
30.07642012471422,26.553753,HIGH
31.330933687093122,28.029118,HIGH
28.414546188418253,29.079369,HIGH
30.505990456383103,28.929039,HIGH
27.826454562073092,29.970348,HIGH
31.82276279051492,29.092098,HIGH
30.127666794097617,30.00686,HIGH
28.522406196974472,29.484127,HIGH
32.196222073982526,29.030893,HIGH
29.3837059817839,29.862003,HIGH
27.276318136324004,28.92382,HIGH
29.912841337950738,28.090643,HIGH
26.767013300084578,27.390636,HIGH
27.7672800018361,26.50216,HIGH
28.660226502774268,26.47666,HIGH
25.77579404765476,26.212687,HIGH
26.005804421106937,25.322472,HIGH
3.7000187535822366,24.819744,MEDIUM
1.5399447108842743,3.8511944,LOW
2.5807280869119467,2.751331,LOW
0.0,1.1869684,LOW
0.0,1.0532434,LOW
1.6114053084829543,0.9770895,LOW
0.0,1.2734201,LOW
0.0,1.4985912,LOW
0.0,1.3060741,LOW
0.0,1.104592,LOW
0.0,1.1100415,LOW
0.0,1.1250005,LOW
0.0,1.0368433,LOW
0.0,1.0112162,LOW
3.724044710478669,1.0275326,LOW
0.0,1.3927342,LOW
0.0,1.4179066,LOW
3.648218216663949,1.3363628,LOW
3.0335175224926587,1.5537183,LOW
2.3576197977564846,1.9277202,LOW
2.7572344039598597,2.2177415,LOW
0.9927640349916462,2.0507503,LOW
1.2437526348706491,1.9933425,LOW
0.0,2.3023598,LOW
1.5059387497549839,1.8616625,LOW
0.0,1.8158071,LOW
0.0,1.5432435,LOW
0.5006273956338063,1.3594538,LOW
0.0,1.2914313,LOW
0.0,1.1959987,LOW
23.92728037428106,1.1434519,LOW
20.846329651500056,24.95171,MEDIUM
22.0004884339459,21.279726,MEDIUM
19.994050013476773,21.128317,MEDIUM
17.402832672240777,20.328457,MEDIUM
17.674964775064957,19.363083,MEDIUM
18.35137583449211,18.292921,MEDIUM
21.211493395843714,17.64014,MEDIUM
21.465894246222987,18.856174,MEDIUM
19.42406441031083,19.915718,MEDIUM
19.978422146936797,19.988934,MEDIUM
21.681244915426802,19.84783,MEDIUM
20.230488490684085,20.443527,MEDIUM
22.99107295951911,20.36905,MEDIUM
23.980285484063785,21.404846,MEDIUM
20.241807339977555,22.347101,MEDIUM
24.106173008944037,21.897394,MEDIUM
23.93073487125386,22.628798,MEDIUM
23.16487979164655,22.94493,MEDIUM
20.539799304754425,23.040066,MEDIUM
24.42886780703657,22.133587,MEDIUM
25.77326295677998,22.740845,MEDIUM
22.719787041872767,23.58663,MEDIUM
22.391330039360643,23.406738,MEDIUM
21.851145108844428,22.836918,MEDIUM
20.908846875757707,22.292768,MEDIUM
23.205968928086588,21.409073,MEDIUM
20.583346132934732,21.37812,MEDIUM
20.350014207878527,21.053154,MEDIUM
20.711512318672106,20.602652,MEDIUM
22.72370885226507,20.364857,MEDIUM
21.69465266150968,20.871143,MEDIUM
23.459756973805817,20.95697,MEDIUM
20.91497949636005,21.828003,MEDIUM
20.824352491380008,21.464174,MEDIUM
19.669018282096385,21.04837,MEDIUM
21.05245473585505,20.17603,MEDIUM
23.277984234869155,20.044458,MEDIUM
20.69827221194148,21.17796,MEDIUM
21.092600186618775,21.30782,MEDIUM
21.084760050601414,21.2729,MEDIUM
22.63048935025025,20.970142,MEDIUM
21.170129771014434,21.420261,MEDIUM
23.080808097728852,21.299313,MEDIUM
24.04515654104219,21.899847,MEDIUM
21.755068423622113,22.62939,MEDIUM
24.815895514568478,22.477919,MEDIUM
23.165699680459316,23.21257,MEDIUM
25.452038017808512,23.169308,MEDIUM
24.466236464117905,23.816675,MEDIUM
23.298457776186233,23.8979,MEDIUM
23.756122329674138,23.648912,MEDIUM
21.11113403015028,23.23845,MEDIUM
23.65300793856715,22.394808,MEDIUM
25.559089249608096,22.185589,MEDIUM
20.527292187203418,23.27734,MEDIUM
22.21597899035593,22.4972,MEDIUM
21.443344528842985,21.784395,MEDIUM
21.717182051962972,21.501274,MEDIUM
17.759588443144956,21.129896,MEDIUM
10.791115837224034,19.668985,MEDIUM
11.00796422598793,9.199583,LOW
11.045504270621976,9.987551,LOW
10.606728321714446,10.543648,MEDIUM
7.802747539230874,10.472605,MEDIUM
7.994963203054929,9.684132,LOW
9.950490698261476,9.566559,LOW
9.93309796465336,9.944305,LOW
10.627470981031228,10.020748,MEDIUM
10.39816947876989,10.167225,MEDIUM
12.028229357081287,10.27178,MEDIUM
11.358637985055573,10.562513,MEDIUM
9.059350223302674,10.891764,MEDIUM
10.119398869523138,10.750795,MEDIUM
12.033904338016963,10.61648,MEDIUM
13.459920630768401,11.023802,MEDIUM
12.626588357486341,11.748375,MEDIUM
14.539923689452538,12.157061,MEDIUM
13.230554288798356,12.990721,MEDIUM
13.908961526588106,13.327223,MEDIUM
12.480100238192763,13.906303,MEDIUM
14.587125266971604,13.609718,MEDIUM
13.013001061688586,14.02911,MEDIUM
12.840943263481975,13.692284,MEDIUM
14.2974501421104,13.539326,MEDIUM
13.032696616040123,13.779423,MEDIUM
10.21746988782655,13.672028,MEDIUM
11.291173198090975,12.616262,MEDIUM
10.860676241465644,12.058195,MEDIUM
10.936112166234807,11.539177,MEDIUM
10.7078135066206,11.207575,MEDIUM
10.224575588732705,11.2766075,MEDIUM
7.747497655383425,10.933424,MEDIUM
10.80085714193088,10.35685,MEDIUM
7.906993915052951,10.450043,MEDIUM
8.377559477129566,10.038031,MEDIUM
9.247204601597533,9.529764,LOW
8.53586844787874,9.590084,LOW
12.05711713573651,9.417603,LOW
8.107250518256851,10.251505,MEDIUM
7.197562877043584,9.896568,LOW
9.495374737095968,9.330683,LOW
8.560638069376546,9.462458,LOW
10.09255663921501,9.568483,LOW
9.65453018555776,9.923172,LOW
11.062637412659381,9.916914,LOW
13.101919006727753,10.09528,MEDIUM
11.229373580698393,10.866123,MEDIUM
11.708931891147554,11.171894,MEDIUM
10.505273945033546,11.441179,MEDIUM
11.673499348875609,11.325972,MEDIUM
13.230064248412576,11.667051,MEDIUM
11.186801270541885,12.152964,MEDIUM
10.510063436689537,12.041452,MEDIUM
10.56089884310646,11.475744,MEDIUM
11.003661962306184,11.191011,MEDIUM
9.02081182116209,11.1661415,MEDIUM
9.675575045358421,10.719036,MEDIUM
9.878379665471453,10.468468,MEDIUM
9.494853420642011,10.346685,MEDIUM
34.51932069241451,10.267925,MEDIUM
33.93259312671357,33.69812,HIGH
29.330585324849302,32.49352,HIGH
32.16200647150974,31.076607,HIGH
31.233687509732086,31.434786,HIGH
30.90355306810432,30.934582,HIGH
31.21487019732067,31.011086,HIGH
32.639796910739264,28.475412,HIGH
33.061558300881174,29.722998,HIGH
30.763075190725687,31.294924,HIGH
30.058237367145964,30.387243,HIGH
35.219187231953995,29.621777,HIGH
33.84446500714942,31.775661,HIGH
33.57607565760774,32.43853,HIGH
35.28510686736504,33.326916,HIGH
33.10525174816418,34.204357,HIGH
34.71600953128049,34.080204,HIGH
36.0512217788895,34.378452,HIGH
37.734084036414714,34.513893,HIGH
34.46498044552112,35.760353,HIGH
36.662191184374855,35.717796,HIGH
33.343057970745335,35.789654,HIGH
34.15175937781855,34.478825,HIGH
32.47454558597636,33.706715,HIGH
34.21373913995314,32.112064,HIGH
35.478859135624,31.43985,HIGH
30.678983658988034,32.847343,HIGH
30.497092604907152,30.758266,HIGH
32.63006918954244,29.46302,HIGH
31.576915223208275,28.916267,HIGH
7.995402742168745,28.959074,HIGH
6.547685727402531,6.559218,LOW
5.499876346108107,6.610754,LOW
6.134682664252983,5.273586,LOW
7.333187487702704,5.0580597,LOW
4.252033883660914,5.3806524,LOW
4.141312276923731,5.5048413,LOW
7.3193306194181975,5.91387,LOW
4.45729634771773,6.242128,LOW
3.7309700630359113,5.963033,LOW
4.043674063455611,5.4543257,LOW
5.624465673323923,5.059546,LOW
7.692880297419125,5.2127924,LOW
3.8962097771170914,6.0348735,LOW
5.875006044087663,5.781306,LOW
5.098794715415495,5.6701784,LOW
4.95206330927849,5.7858486,LOW
8.913016292934934,5.920284,LOW
5.810222436114794,6.7535496,LOW
8.869600148417078,6.6493645,LOW
8.706422902001165,7.130736,LOW
9.28330266098902,7.5109897,LOW
9.66734677686434,8.313879,LOW
8.834114543184779,8.918314,LOW
12.443529497553943,9.1674,LOW
5.148722070175218,10.175646,MEDIUM
5.332175065125551,8.33726,LOW
4.931670656690561,6.776785,LOW
4.4170579079244785,6.1030555,LOW
4.367895424196028,5.158988,LOW
17.510621263363525,5.1864786,LOW
13.470870365369066,17.61502,MEDIUM
10.600438997181666,14.970865,MEDIUM
13.549713530794062,13.625271,MEDIUM
12.9592870418144,12.948662,MEDIUM
12.348791038857868,12.827955,MEDIUM
13.653685559182241,12.902967,MEDIUM
13.80812685982878,13.314453,MEDIUM
13.377073808307681,13.470852,MEDIUM
14.020761041753842,13.508814,MEDIUM
13.552092555520115,13.826176,MEDIUM
13.64244073487048,13.925285,MEDIUM
15.08498380878403,13.936739,MEDIUM
14.957854880993327,14.473261,MEDIUM
16.344087461860784,14.77018,MEDIUM
15.562238603605335,15.505188,MEDIUM
14.503180921260512,15.670612,MEDIUM
15.746877481345287,15.623241,MEDIUM
17.978559507499064,15.786041,MEDIUM
16.49231831235915,16.585123,MEDIUM
17.600202119068022,16.553427,MEDIUM
19.09678773998356,16.816147,MEDIUM
14.905008899483608,17.681355,MEDIUM
15.178462900043062,16.913805,MEDIUM
11.883044772746299,16.122684,MEDIUM
12.45283857786564,14.545122,MEDIUM
14.761835311729724,13.510286,MEDIUM
13.665492284875901,13.598068,MEDIUM
14.10116801035625,13.719589,MEDIUM
11.71163662084551,14.008341,MEDIUM
10.355250363484943,13.334337,MEDIUM
11.488976193774253,12.162653,MEDIUM
11.681739311994619,11.707306,MEDIUM
8.817433662262424,11.656925,MEDIUM
6.92724618721607,10.905167,MEDIUM
7.140584752536851,9.674526,LOW
8.603984006742754,8.858465,LOW
10.394209985917803,8.855206,LOW
8.473090379574572,9.459614,LOW
6.870075056870741,9.183386,LOW
11.126626132591808,8.64116,LOW
9.306007830558402,9.5858345,LOW
10.425371099452137,9.721457,LOW
10.49175117583722,10.069052,MEDIUM
11.475987993158434,10.223955,MEDIUM
11.203589004156632,10.552135,MEDIUM
10.723708729484484,10.737436,MEDIUM
9.89581251974387,10.937584,MEDIUM
14.327406432562366,10.783037,MEDIUM
11.547367701986357,12.335667,MEDIUM
9.819360751227613,12.112425,MEDIUM
12.002747489375693,11.401283,MEDIUM
10.533339093244049,11.513302,MEDIUM
11.051460265665739,11.287424,MEDIUM
12.446532326510049,11.189785,MEDIUM
11.519201990507232,11.672852,MEDIUM
9.966416472854748,11.495052,MEDIUM
7.194840055902437,11.015533,MEDIUM
7.507164629384736,10.065184,MEDIUM
10.772413650011195,9.275839,LOW
22.66453825248088,9.923252,LOW
21.778335923942322,22.920322,MEDIUM
23.293033724129764,21.523306,MEDIUM
21.276627762331504,21.674904,MEDIUM
23.444722724512832,21.43668,MEDIUM
20.38549357177052,22.402061,MEDIUM
21.071821760791366,21.753136,MEDIUM
21.163800728983198,21.172823,MEDIUM
22.7551220410156,20.835445,MEDIUM
24.598731061856512,21.532007,MEDIUM
21.267435695360355,22.806953,MEDIUM
22.515054983548783,22.364973,MEDIUM
22.73289833366975,22.404774,MEDIUM
26.17056638496117,22.40827,MEDIUM
22.195936990446647,23.986523,MEDIUM
25.80965539800758,23.230412,MEDIUM
21.871252579336243,24.348377,MEDIUM
24.363043857045046,23.349556,MEDIUM
26.58994555492496,23.6862,MEDIUM
24.143537255190573,24.47498,MEDIUM
25.425802346937836,24.499302,MEDIUM
24.588660747245488,24.796526,MEDIUM
25.472156011737273,24.609535,MEDIUM
22.677641193704524,24.79168,MEDIUM
23.037548651882226,23.600418,MEDIUM
23.091470531570685,22.905922,MEDIUM
24.045572712273863,22.40369,MEDIUM
22.420895887459462,22.646276,MEDIUM
21.739256695824935,22.353313,MEDIUM
20.50733802229753,21.957378,MEDIUM
26.197983003544195,21.200748,MEDIUM
25.528438613719658,24.064941,MEDIUM
25.442317595047776,24.658169,MEDIUM
26.39921443675696,25.165356,HIGH
24.107656925021715,25.386566,HIGH
24.062563646795013,24.916313,MEDIUM
22.35443839625885,24.23458,MEDIUM
23.94197672747402,22.806614,MEDIUM
26.168198250976946,23.002453,MEDIUM
25.327416372761483,23.901546,MEDIUM
23.377126338603727,24.35381,MEDIUM
25.58102800874326,23.97834,MEDIUM
24.670410444002652,24.594807,MEDIUM
26.46196497427553,24.423412,MEDIUM
26.42093144836839,25.248245,HIGH
26.265551409849472,25.57824,HIGH
28.872758224676176,25.81202,HIGH
30.04643095660513,26.829224,HIGH
28.177503818839917,28.027534,HIGH
25.775452968464105,28.233501,HIGH
28.372082146191484,27.346756,HIGH
25.54615326676317,27.590965,HIGH
28.93935501538501,26.280605,HIGH
27.0699069732647,26.722107,HIGH
29.178594471731543,26.083878,HIGH
23.70637953248091,27.18824,HIGH
27.354308978559928,25.212671,HIGH
27.211435760336954,25.54779,HIGH
20.18442138555284,25.304857,HIGH
23.72687766185906,21.612206,MEDIUM
0.0,22.379553,MEDIUM
0.3246568346764205,1.5982778,LOW
0.582783511696789,0.5654613,LOW
1.0763802917475394,0.47484076,LOW
0.0,0.6756512,LOW
0.0,0.95518863,LOW
0.0,1.1561105,LOW
0.0,1.1523033,LOW
0.5509335405628235,1.1390628,LOW
0.0,1.1635727,LOW
0.0,1.1307505,LOW
1.0907808319533956,1.0656716,LOW
0.2775332464832694,1.1056203,LOW
2.457813766824872,1.1963404,LOW
1.5054375736473347,1.4104928,LOW
3.999270452555993,1.4544388,LOW
0.0,1.8025475,LOW
0.29277053807042996,1.701675,LOW
2.141211243978961,1.63604,LOW
4.360753529245417,1.8077185,LOW
1.885361235317669,2.319292,LOW
4.102872562036081,2.1968455,LOW
0.3931505566833007,2.2781754,LOW
2.1889171522914044,2.0827765,LOW
0.0,2.4322073,LOW
0.0,2.1756735,LOW
1.280096151576772,1.7273382,LOW
0.0,1.638007,LOW
0.0,1.4338475,LOW
1.423251752626702,1.2700956,LOW
20.21007450257637,1.283153,LOW
20.508440189320446,20.374722,MEDIUM
18.216433397808835,19.370842,MEDIUM
21.548008102642033,18.722858,MEDIUM
16.532232498950584,19.366886,MEDIUM
19.101525155800594,18.692772,MEDIUM
17.61828084512341,18.88648,MEDIUM
18.422334511866737,18.04121,MEDIUM
20.023430420233403,18.205017,MEDIUM
18.823868473189883,18.726965,MEDIUM
17.47675721666495,18.902023,MEDIUM
19.845892385836457,18.415869,MEDIUM
20.60003514279647,18.900421,MEDIUM
20.375144341846656,19.443438,MEDIUM
21.184498096184306,19.818525,MEDIUM
21.947948911787115,20.334866,MEDIUM
19.250293930524748,21.064201,MEDIUM
23.494802538328013,20.60571,MEDIUM
23.770034745976382,21.639082,MEDIUM
24.226840654095206,22.369492,MEDIUM
23.536338631281293,23.22427,MEDIUM
24.788485306549457,23.216612,MEDIUM
23.954189176085183,23.82288,MEDIUM
20.75190926803473,23.770329,MEDIUM
21.85192702327837,22.444717,MEDIUM
22.18236726483329,21.675861,MEDIUM
19.62341819101627,21.385098,MEDIUM
16.262940365444503,20.575274,MEDIUM
20.201486552830563,17.680878,MEDIUM
18.31630251933626,18.265726,MEDIUM
7.5257529555750295,18.19114,MEDIUM
8.267701087939066,5.4605584,LOW
9.992153226606685,6.7014213,LOW
6.746925520893175,8.181942,LOW
8.23602715627576,7.841744,LOW
7.7848520336047216,8.468632,LOW
8.101410681321907,9.003405,LOW
5.726053981865913,8.634637,LOW
7.702035202983154,8.385474,LOW
8.908363495509715,8.19935,LOW
7.508690192994445,8.307154,LOW
7.133653060003194,8.374856,LOW
8.32777340495107,8.128485,LOW
10.493917178938386,8.266596,LOW
10.037252423444919,9.109206,LOW
9.7924502384741,9.594353,LOW
8.187383363419041,9.818579,LOW
11.208501641897977,9.6408,LOW
9.293826922057244,10.361553,MEDIUM
12.644354105964121,10.359743,MEDIUM
10.771984015060056,11.089521,MEDIUM
11.15845528632751,10.906908,MEDIUM
7.3023918209982615,11.177883,MEDIUM
12.254595473679746,10.493635,MEDIUM
9.87733599793897,11.080406,MEDIUM
8.507510814279861,10.848902,MEDIUM
10.733917484163719,10.430193,MEDIUM
9.113851029877479,10.477337,MEDIUM
7.562516071032222,10.355694,MEDIUM
9.354270881597383,9.75704,LOW
22.413017711420213,9.866329,LOW
21.50220844773586,21.162659,MEDIUM
20.732193815704814,20.508501,MEDIUM
22.872320001030996,20.450253,MEDIUM
22.91174879673507,20.736616,MEDIUM
21.593775180585403,21.689728,MEDIUM
19.07221507100327,21.865587,MEDIUM
22.530441814276934,20.815863,MEDIUM
20.6869696042195,20.917637,MEDIUM
23.212154375105676,20.74818,MEDIUM
22.49880056992717,21.676907,MEDIUM
22.090226694684397,22.08207,MEDIUM
21.240797863983886,22.163124,MEDIUM
22.790432273253636,21.687342,MEDIUM
23.65297118207009,21.82517,MEDIUM
24.605928915244238,22.433931,MEDIUM
21.934545991282796,23.369568,MEDIUM
25.082754856281305,22.922186,MEDIUM
25.611088758547904,23.630821,MEDIUM
22.800803878362828,24.099384,MEDIUM
25.152276522953045,23.61272,MEDIUM
25.9640356290844,23.826452,MEDIUM
24.687671515096387,24.603176,MEDIUM
23.096885884513966,24.6073,MEDIUM
26.461793508686114,23.769863,MEDIUM
22.257450750156295,24.552444,MEDIUM
24.903110190957236,23.569118,MEDIUM
23.39956011362587,23.47385,MEDIUM
21.10070168838873,23.236525,MEDIUM
21.69987222827146,22.380798,MEDIUM
10.806798431934132,21.287197,MEDIUM
8.360651062738711,10.153599,MEDIUM
8.443091497563953,8.321791,LOW
10.083057919630724,7.954622,LOW
6.758583919969793,8.540705,LOW
8.755466495302388,7.7084546,LOW
8.992946681883364,9.04615,LOW
8.542341285158543,9.186205,LOW
11.231764452045407,9.086283,LOW
8.1562202771275,9.843782,LOW
9.596844500430938,9.596455,LOW
6.64901088362209,9.6843815,LOW
8.390696040790827,9.214125,LOW
7.315886363553846,9.307284,LOW
10.24471884202221,8.988007,LOW
7.634739941137546,9.48115,LOW
11.248908157566005,9.115871,LOW
13.172648188797076,9.747011,LOW
13.516638670350806,10.593525,MEDIUM
11.097830343786164,11.645744,MEDIUM
11.301132761844105,11.707054,MEDIUM
9.92885497826731,11.809027,MEDIUM
11.380846485509158,11.462856,MEDIUM
10.585711113715142,11.551817,MEDIUM
10.041984949328953,11.392838,MEDIUM
11.668510068586757,10.966541,MEDIUM
8.824240678803564,11.1633415,MEDIUM
7.549349631814513,10.73213,MEDIUM
7.151293834569692,10.026501,MEDIUM
4.720770571299907,9.222073,LOW
19.830751533133352,7.669667,LOW
21.245034072788304,21.663736,MEDIUM
19.31331110716188,21.001717,MEDIUM
17.195725292758702,20.31183,MEDIUM
20.801117073243056,19.335482,MEDIUM
17.93547207084436,19.86871,MEDIUM
17.560285479988412,19.367283,MEDIUM
18.288436734236434,18.68324,MEDIUM
18.34012343719999,18.425385,MEDIUM
21.372917824842645,18.554861,MEDIUM
20.77822758591001,19.672895,MEDIUM
19.758276659520753,20.109844,MEDIUM
20.820277956761522,20.15864,MEDIUM
17.25655869185223,20.509224,MEDIUM
20.89895541684654,19.629547,MEDIUM
20.463416222220864,20.177382,MEDIUM
20.260514418930775,19.90726,MEDIUM
19.730215976488832,20.226002,MEDIUM
21.387729031882905,20.257215,MEDIUM
21.63530715006694,20.90207,MEDIUM
20.39756560578749,21.318457,MEDIUM
22.484697998512246,21.115679,MEDIUM
20.535194152025298,21.772831,MEDIUM
22.502227394621197,21.42246,MEDIUM
16.365722931056844,21.984747,MEDIUM
22.527832495667763,19.038399,MEDIUM
20.878892463740527,21.593367,MEDIUM
19.182173011577557,20.556992,MEDIUM
17.930881501758158,19.708391,MEDIUM
19.154737802719822,19.061487,MEDIUM
28.90259371497565,18.978436,MEDIUM
28.14003453303039,25.4597,HIGH
24.969023268863708,26.101572,HIGH
25.914895729785698,24.807316,MEDIUM
25.579114677632198,24.669018,MEDIUM
25.504317398303975,24.56249,MEDIUM
27.117418124682207,24.504044,MEDIUM
25.461546628779864,25.09614,HIGH
28.20318740056692,25.23716,HIGH
26.870815400573193,26.03601,HIGH
26.766288574783246,25.958172,HIGH
28.62228510169901,26.25175,HIGH
26.12553838663873,27.083967,HIGH
27.09169370971101,26.832106,HIGH
28.724160092488546,26.77359,HIGH
28.631890932743232,27.301727,HIGH
26.93781081461323,27.37394,HIGH
29.70820415539322,27.015736,HIGH
31.53296440627463,27.88269,HIGH
30.062794132265623,29.348167,HIGH
29.301514307656824,29.769516,HIGH
29.630363787489223,29.513151,HIGH
28.14085905859297,29.33447,HIGH
28.973810496841956,28.457298,HIGH
26.799840289432552,27.886848,HIGH
26.72632007508779,26.719131,HIGH
27.672815258670276,26.162754,HIGH
27.596635037018377,25.956528,HIGH
27.887785749231014,26.001537,HIGH
28.93903824798215,26.37112,HIGH
40.96627804801804,26.819513,HIGH
38.668726653401464,35.358353,HIGH
40.259210908778584,37.096523,HIGH
36.66140049598868,38.754208,HIGH
37.142225600384755,37.980312,HIGH
36.759083645153524,37.903156,HIGH
38.192371011577336,37.4011,HIGH
37.018545125708584,34.198128,HIGH
37.83135813223678,33.505733,HIGH
36.02535798618477,34.072273,HIGH
38.719474385296785,34.920753,HIGH
39.21549136825217,34.75949,HIGH
40.01192602103487,36.511913,HIGH
34.830977996615886,38.069073,HIGH
38.9017104028448,37.912014,HIGH
40.55225274327035,38.940895,HIGH
41.2662755169084,39.469696,HIGH
39.867541715134,39.831173,HIGH
39.87355105869487,40.102573,HIGH
39.24067718088174,39.993492,HIGH
39.63701891495685,39.75874,HIGH
41.42807961601109,38.81792,HIGH
38.88546358230661,38.418205,HIGH
39.269068316960066,38.08824,HIGH
38.05751105716176,38.612125,HIGH
38.936246114804646,37.17738,HIGH
38.99605204664732,36.81783,HIGH
36.57507410842041,36.312225,HIGH
37.40051868284338,34.275806,HIGH
35.906820580067944,34.555492,HIGH
16.469378524549168,33.53537,HIGH
13.047752109584565,14.259769,MEDIUM
13.102869725344865,13.868654,MEDIUM
15.555258135593117,14.62907,MEDIUM
14.29782231955311,14.499952,MEDIUM
11.806536132010564,13.878754,MEDIUM
13.382998559335604,13.506344,MEDIUM
11.75153547967862,13.710293,MEDIUM
12.824822171126671,13.287815,MEDIUM
13.794515160936307,13.068211,MEDIUM
13.840907751384108,13.408243,MEDIUM
15.452641784775135,13.695845,MEDIUM
14.29889626647202,14.218304,MEDIUM
10.843289624394707,14.496773,MEDIUM
14.366038865930129,13.506165,MEDIUM
12.365257110706555,14.080368,MEDIUM
13.582665513639315,13.58156,MEDIUM
15.583569108043953,13.659021,MEDIUM
17.657631991285964,14.373859,MEDIUM
13.111296612508953,15.643751,MEDIUM
13.596989417634841,15.193241,MEDIUM
17.08312685599871,14.860762,MEDIUM
15.684157631495092,15.878656,MEDIUM
16.730940904574283,15.81986,MEDIUM
14.551969104227663,16.163658,MEDIUM
13.814857621354935,15.77599,MEDIUM
12.32944326780337,15.324329,MEDIUM
13.72862490646017,14.218685,MEDIUM
13.111108949728138,13.937567,MEDIUM
12.294710587155777,13.690197,MEDIUM
5.578612184988259,13.304441,MEDIUM
4.147096936847825,5.789202,LOW
3.591700010286208,3.8902433,LOW
5.997575247073151,3.2360811,LOW
4.422159519170098,3.8442311,LOW
2.306320492784523,4.7643166,LOW
3.0934914068521326,4.706004,LOW
2.8289143765065585,4.0949135,LOW
0.5800531937001878,3.8117268,LOW
0.0,3.1997976,LOW
1.4715594477046583,2.1985354,LOW
2.050656455421586,1.9294846,LOW
3.033465312756225,1.8986896,LOW
2.623086314049914,1.9642348,LOW
4.936474895103167,1.7988747,LOW
4.324775108267058,2.2984822,LOW
4.707178261537889,3.0156667,LOW
5.582530930531201,3.768808,LOW
5.080226150883517,4.416628,LOW
6.653184122301302,4.91038,LOW
6.027439420068985,5.575794,LOW
4.782740066523237,6.007078,LOW
4.3170123220628955,5.898579,LOW
5.668764107252507,5.665738,LOW
1.8937133124385745,5.7302794,LOW
0.6472839269935253,4.9633665,LOW
3.5104996251928373,3.685913,LOW
2.921290624375743,3.4804218,LOW
2.7791260888503446,3.3246343,LOW
3.347929998531616,3.1120167,LOW
26.72967866738865,2.681588,LOW
25.485538680982526,26.993208,HIGH
27.029369582134592,24.858055,MEDIUM
25.53192119869706,25.77196,HIGH
23.90384478689214,25.302652,HIGH
22.79770102240652,24.727697,MEDIUM
25.695326844277584,23.685944,MEDIUM
22.75793662139346,23.634003,MEDIUM
25.15720975948055,23.080166,MEDIUM
25.155746923206642,23.457047,MEDIUM
26.01802408029529,23.874554,MEDIUM
27.342424279889713,24.758518,MEDIUM
25.296859154202288,25.563133,HIGH
28.847818335006053,25.50182,HIGH
26.28832577035949,26.560598,HIGH
28.158148602976887,26.467607,HIGH
26.480896370873243,26.843758,HIGH
27.28779114747375,26.436062,HIGH
26.582119414963223,26.523293,HIGH
28.767222706885505,26.04361,HIGH
26.087659065453558,26.77721,HIGH
28.736773161855453,26.102806,HIGH
27.187650835243566,26.873394,HIGH
27.114913828892842,26.658964,HIGH
26.975056527087215,26.537325,HIGH
27.759157636603938,26.117237,HIGH
26.133838865135473,26.411478,HIGH
26.006906546805503,25.865765,HIGH
25.311570048570943,25.519833,HIGH
25.049775215233225,25.118689,HIGH
0.0,24.55201,MEDIUM
0.0,1.5022938,LOW
0.0,0.46698666,LOW
0.0,0.324126,LOW
0.0,0.29415238,LOW
0.0,0.20884407,LOW
0.0,0.59178793,LOW
0.0,0.79354215,LOW
0.0,0.7399813,LOW
0.0,0.7739693,LOW
0.0,0.80544233,LOW
0.0,0.76636016,LOW
0.0,0.78757024,LOW
0.0,0.8150532,LOW
0.0,0.8006935,LOW
0.0,0.8196198,LOW
0.0,0.8553637,LOW
0.0,0.9192674,LOW
0.0,0.95144784,LOW
0.0,1.0205897,LOW
0.0,1.0330123,LOW
0.0,1.088654,LOW
0.0,1.1136355,LOW
0.0,1.0528804,LOW
0.0,0.9810599,LOW
0.0,0.9449277,LOW
0.0,0.9218129,LOW
0.0,0.8476337,LOW
0.0,0.807204,LOW
0.0,0.8142444,LOW
29.91680614979302,0.78630304,LOW
27.528934351654172,32.037754,HIGH
26.38405881183944,26.882812,HIGH
27.6986028261794,26.91985,HIGH
28.0567340399693,26.645184,HIGH
25.015330936411953,26.760902,HIGH
27.742034162047744,25.825264,HIGH
29.02201638060867,25.944214,HIGH
23.847475669647874,26.966135,HIGH
26.941260137877574,25.30022,HIGH
29.511490907301898,25.89169,HIGH
29.14303465018219,26.933039,HIGH
28.84917919508446,27.754562,HIGH
28.222543749720213,28.094736,HIGH
28.851354471733487,28.31477,HIGH
29.575100240885913,28.176023,HIGH
31.198065664850418,28.263397,HIGH
32.07803338348704,29.487314,HIGH
33.07569776201352,30.755108,HIGH
28.30918462430364,31.908232,HIGH
32.11267466483966,30.423717,HIGH
28.98985409476459,30.886745,HIGH
29.867870893698075,29.250416,HIGH
28.719311766359564,28.425472,HIGH
29.48191509620274,27.530125,HIGH
29.43009151602962,27.880209,HIGH
29.905352398469546,28.337667,HIGH
30.699288026821073,28.606487,HIGH
29.690059386933513,29.274979,HIGH
28.855274490982545,28.819786,HIGH
0.0,28.277012,HIGH
0.0,1.8509457,LOW
0.0,0.6037555,LOW
0.0,0.5133052,LOW
0.0,0.44355607,LOW
0.0,0.40427732,LOW
0.0,0.6848519,LOW
0.0,0.9147632,LOW
0.0,0.843791,LOW
0.0,0.9113227,LOW
0.0,0.9182149,LOW
0.0,0.9140719,LOW
0.0,0.87143576,LOW
0.2746050854893536,0.8862679,LOW
1.962974640670117,0.9796703,LOW
0.8343529149182611,1.0458155,LOW
1.7133975728699156,1.1022689,LOW
0.0,1.1696019,LOW
2.4919988580815993,1.2241764,LOW
0.7675033173035857,1.5375173,LOW
0.4552646960726481,1.5820588,LOW
2.0804857622045674,1.5251408,LOW
0.0,1.5136015,LOW
0.0,1.4031247,LOW
0.270673203158589,1.4091396,LOW
0.0,1.3577,LOW
0.0,1.2997496,LOW
0.0,1.182602,LOW
0.0,1.0361154,LOW
0.0,1.0156624,LOW
14.160524140920568,1.0005587,LOW
12.015586925889858,14.3925,MEDIUM
9.732194263597346,11.6912,MEDIUM
7.091016967463446,11.1136055,MEDIUM
12.740268033340978,10.030321,MEDIUM
10.589701936785602,10.752138,MEDIUM
9.084480317091852,10.901859,MEDIUM
9.609171459162987,10.775461,MEDIUM
10.000896724249717,10.474503,MEDIUM
10.59297876947718,10.55891,MEDIUM
12.589532946539405,10.596838,MEDIUM
14.016963498531908,11.321833,MEDIUM
12.417624724137202,12.023556,MEDIUM
13.479682309817967,12.340181,MEDIUM
11.775205339121399,12.991598,MEDIUM
11.291907000485342,13.005434,MEDIUM
12.131772552130593,12.829741,MEDIUM
11.047534126610275,12.7479725,MEDIUM
12.963517599241687,12.41363,MEDIUM
13.16634338931119,12.747778,MEDIUM
10.907170909828732,12.934307,MEDIUM
14.212558103951809,12.402731,MEDIUM
14.010308803846321,13.220137,MEDIUM
12.585505144441193,13.581423,MEDIUM
11.870885536020078,13.611006,MEDIUM
11.521422041859415,13.170578,MEDIUM
9.423053899332894,12.935953,MEDIUM
11.074854010357466,11.626448,MEDIUM
10.867125050287589,11.338871,MEDIUM
10.569622017617611,11.226723,MEDIUM
20.064183940875516,10.994129,MEDIUM
20.968697504393703,19.599205,MEDIUM
20.283885650613136,19.52426,MEDIUM
18.94143056823041,19.888542,MEDIUM
16.14243046227615,19.572811,MEDIUM
15.100055036023832,18.437798,MEDIUM
18.82398697021836,16.81679,MEDIUM
19.905586156305258,17.068092,MEDIUM
20.536655137421292,18.186047,MEDIUM
17.98193815594537,19.2663,MEDIUM
15.914789479816584,19.064667,MEDIUM
20.269801228095105,17.979641,MEDIUM
19.28245380628061,18.70571,MEDIUM
18.86468299332528,19.022575,MEDIUM
21.611819859910035,18.994034,MEDIUM
21.86479127473141,19.845123,MEDIUM
19.159435760566367,20.719461,MEDIUM
22.42944803024778,20.336979,MEDIUM
22.301304601233042,21.065866,MEDIUM
20.53008318215347,21.56966,MEDIUM
20.085254441941167,21.2691,MEDIUM
21.910754955562318,20.663954,MEDIUM
20.120905318212763,20.907417,MEDIUM
18.214537431593108,20.58198,MEDIUM
20.315950083742848,19.528982,MEDIUM
20.80875016137692,19.298431,MEDIUM
17.439604384115817,19.77071,MEDIUM
20.03192811818326,18.881802,MEDIUM
21.007611019003065,18.979683,MEDIUM
20.23502811245654,19.649374,MEDIUM
14.455354702547938,19.827682,MEDIUM
11.095790985417699,13.061386,MEDIUM
12.706711300782334,11.789467,MEDIUM
14.018662296027472,12.795954,MEDIUM
11.880599215913264,12.678686,MEDIUM
11.91496932300782,12.553038,MEDIUM
10.708283511461063,12.619057,MEDIUM
9.15570035548438,11.968479,MEDIUM
9.70672936531324,10.879934,MEDIUM
10.23263675050663,10.488058,MEDIUM
10.434890286820217,10.49897,MEDIUM
13.480408272531895,10.5682335,MEDIUM
12.981844582843328,11.4791565,MEDIUM
11.736120393340538,11.8912735,MEDIUM
15.69584720240192,12.0372715,MEDIUM
12.360536304390891,13.6370945,MEDIUM
14.951951837986279,13.49309,MEDIUM
15.709711067189211,14.199879,MEDIUM
14.87076647819615,14.6320915,MEDIUM
11.773842669198816,15.0929165,MEDIUM
11.343352113955877,13.94058,MEDIUM
12.84044556140189,13.299313,MEDIUM
12.482851767775827,12.98881,MEDIUM
11.958734684769404,12.548155,MEDIUM
12.518877827539516,12.523989,MEDIUM
14.892858415541301,12.551584,MEDIUM
13.083465679353552,13.37225,MEDIUM
11.85570348963774,13.285616,MEDIUM
11.533808072833278,13.089998,MEDIUM
12.611220647383572,12.4213085,MEDIUM
24.067830765121286,12.554825,MEDIUM
20.342657226104237,22.736137,MEDIUM
21.31547112500637,21.370064,MEDIUM
21.319813414690728,21.167633,MEDIUM
20.74310281009037,21.080196,MEDIUM
19.406424836104208,21.000965,MEDIUM
19.274743672131876,19.989815,MEDIUM
21.228427132199403,19.028921,MEDIUM
20.74430535727401,19.60618,MEDIUM
20.44034334463822,20.059822,MEDIUM
21.925614181709285,20.17762,MEDIUM
21.499843007715867,20.82404,MEDIUM
22.091575831102887,21.13636,MEDIUM
21.474927832117032,21.41289,MEDIUM
22.02167654609974,21.42569,MEDIUM
23.536474499783566,21.53779,MEDIUM
24.362631154771414,22.194084,MEDIUM
23.607752289462553,23.039429,MEDIUM
23.81574808234748,23.278362,MEDIUM
24.05590052531855,23.398878,MEDIUM
24.183035158131407,23.46124,MEDIUM
21.829108633519187,23.53206,MEDIUM
24.639756997232865,22.778011,MEDIUM
23.271705037672014,23.055662,MEDIUM
22.44093856461052,22.964563,MEDIUM
22.23978511541754,22.589567,MEDIUM
22.05705496606047,22.057755,MEDIUM
17.6451080518122,21.724632,MEDIUM
18.994826834714747,19.552696,MEDIUM
20.954635018903677,18.211454,MEDIUM
19.502039409716776,18.879723,MEDIUM
21.39483511096504,19.623234,MEDIUM
21.131042649516875,20.37593,MEDIUM
23.48903899598153,20.759909,MEDIUM
21.51649711855011,21.96349,MEDIUM
20.589727992973664,21.734985,MEDIUM
18.374788191145214,21.361748,MEDIUM
19.700380001920045,19.943182,MEDIUM
18.392797632171124,19.184374,MEDIUM
21.636065703365976,18.471968,MEDIUM
20.089418737356333,19.433077,MEDIUM
21.468366653101697,19.711454,MEDIUM
21.77396295187289,20.459776,MEDIUM
25.713938160947983,20.85548,MEDIUM
21.13114212178038,23.085611,MEDIUM
23.527994794224988,22.376087,MEDIUM
22.194382356418462,22.775036,MEDIUM
23.460472499935015,22.368309,MEDIUM
22.47527500286253,22.655033,MEDIUM
24.57362495392416,22.204893,MEDIUM
21.079288929176105,22.96634,MEDIUM
21.603794255699036,22.219412,MEDIUM
24.646824262777187,21.626947,MEDIUM
20.40244404449695,22.414295,MEDIUM
23.89749054817986,21.696415,MEDIUM
21.18386888539002,22.287619,MEDIUM
23.238103602093123,21.775963,MEDIUM
21.068724754010297,22.176863,MEDIUM
22.972693533146085,21.361315,MEDIUM
19.498898842016025,21.660305,MEDIUM
36.24383314810345,20.74172,MEDIUM
37.55396931617105,34.50853,HIGH
35.76184499749549,35.32402,HIGH
33.08344316328486,35.64153,HIGH
35.530514502479704,34.33205,HIGH
38.00662842999749,34.806953,HIGH
36.5542974507803,35.69334,HIGH
35.952155811426564,34.401093,HIGH
33.65533512163608,34.68376,HIGH
36.52379064405426,34.312828,HIGH
35.12754978546261,34.743397,HIGH
38.16940996122116,33.406578,HIGH
34.977029105781725,34.7374,HIGH
36.459819519817245,34.667076,HIGH
40.23316641692715,35.586746,HIGH
37.182979470255596,37.527584,HIGH
37.75596636088332,37.18736,HIGH
35.933406495575696,37.91457,HIGH
38.12651392884414,36.88087,HIGH
40.70568625735526,37.324165,HIGH
37.12341457503914,37.578754,HIGH
38.07880061655003,36.48212,HIGH
37.181929114717434,37.71843,HIGH
36.011029627445915,36.961273,HIGH
37.57150781197708,36.15388,HIGH
38.14561981813354,35.211124,HIGH
35.11378543592923,34.388943,HIGH
36.59270306867504,34.178806,HIGH
33.95110758766529,34.107693,HIGH
33.99388860319913,32.65123,HIGH
28.472477151105018,32.41691,HIGH
27.730422766116035,29.082338,HIGH
28.17721634088088,27.122047,HIGH
26.141601175967978,26.25721,HIGH
26.280511682608495,25.26134,HIGH
25.30518407874432,24.693577,MEDIUM
26.33797767711267,23.833492,MEDIUM
27.020637565751827,24.506248,MEDIUM
27.323623739725598,25.023193,HIGH
26.537542735693478,25.701977,HIGH
25.94926833142029,25.818336,HIGH
26.789956973445257,25.857378,HIGH
27.968626596188827,25.948906,HIGH
26.8845733389426,26.535992,HIGH
27.693666159782463,26.588535,HIGH
27.718426339543516,26.815947,HIGH
27.343418222917087,26.89063,HIGH
28.292156198620248,26.691238,HIGH
29.642227632703857,27.12761,HIGH
30.10232890216292,27.974182,HIGH
32.56539053059203,28.776533,HIGH
30.847006236354975,30.347425,HIGH
30.024480433654407,30.387917,HIGH
31.769963202151047,29.933872,HIGH
30.106981471478928,29.820503,HIGH
26.99125527348733,29.31425,HIGH
28.856206495317256,27.515047,HIGH
22.972493501877025,26.717533,HIGH
25.744092803484588,24.32542,MEDIUM
26.75986454836755,24.236305,MEDIUM
7.672532779637288,24.304922,MEDIUM
3.4597176406483596,5.877568,LOW
3.8298551613872602,4.307362,LOW
2.261223116332964,2.9746892,LOW
1.9317573050790076,2.221057,LOW
3.4317944492324273,1.4424684,LOW
2.2482955107714604,2.074039,LOW
1.3303127589573105,3.1897736,LOW
2.1800643851825967,2.5225186,LOW
1.424874841457818,2.3150883,LOW
4.146130259754921,2.1586213,LOW
3.0172078243739184,2.6146786,LOW
1.1189025726235098,2.5598102,LOW
5.090621484531661,2.2523522,LOW
4.906296224063405,2.9771485,LOW
4.507911990243021,3.649801,LOW
4.026603374041837,4.1801987,LOW
7.709276483731351,4.0571485,LOW
4.471153760269239,5.100032,LOW
5.757227996288804,5.512968,LOW
7.531131745438023,5.8394675,LOW
2.807702060369172,6.2221293,LOW
4.708298999633754,5.8333774,LOW
6.008178029892868,5.486095,LOW
4.747152256438316,5.7252016,LOW
2.8171994263174254,5.6572323,LOW
2.774017236398673,5.0409555,LOW
2.9034724319663976,4.1980395,LOW
3.54911325094462,3.854709,LOW
2.088651066845461,3.9245324,LOW
0.0,3.373478,LOW
0.18645775725858904,2.204101,LOW
0.09275227515930506,1.8314258,LOW
0.0,1.6604927,LOW
0.0,1.4624419,LOW
0.0,1.2441373,LOW
0.0,1.1200923,LOW
0.0,1.1185828,LOW
0.0,1.0694005,LOW
0.0,1.0022762,LOW
1.7136711643035571,1.0545567,LOW
1.6959965927134064,1.1686834,LOW
3.162055093266897,1.2405126,LOW
0.0,1.4012176,LOW
0.0,1.4306027,LOW
1.9439988297007478,1.4523537,LOW
1.5974992034849045,1.5992466,LOW
3.4682946762076163,1.6787217,LOW
4.670194131425983,1.9134632,LOW
2.904883347696652,2.1070905,LOW
2.0185179384478342,2.3056817,LOW
2.73867251308428,2.5121875,LOW
2.144243214941352,2.788992,LOW
1.2759903011689637,2.9465938,LOW
0.5837574929405172,2.7006252,LOW
1.2567576165257996,2.0813391,LOW
1.8383350233265823,1.8712907,LOW
0.006978206896137706,1.8715982,LOW
0.5377703772117126,1.6436807,LOW
0.0,1.5046698,LOW
41.11591657741316,1.3987157,LOW
36.17956352565779,38.71735,HIGH
36.163259811544464,35.263172,HIGH
36.11292188223304,36.671814,HIGH
37.54980095560616,35.736534,HIGH
35.286259870710765,35.580276,HIGH
34.55468982640055,35.148823,HIGH
33.79872053917816,32.595825,HIGH
37.47438638059344,33.12275,HIGH
36.49933431871494,33.66354,HIGH
35.44749295177067,33.92843,HIGH
37.28446266413505,35.103058,HIGH
37.95730339996367,36.037807,HIGH
39.17117774150843,36.61147,HIGH
38.38518214259037,37.16097,HIGH
38.14302823224411,37.718334,HIGH
39.52515015797227,37.743374,HIGH
40.90506904778812,38.13222,HIGH
40.744414983883075,39.047337,HIGH
39.026961058361046,39.584988,HIGH
39.30397364757942,39.5949,HIGH
40.83987024106192,39.21854,HIGH
34.22787392340773,39.378216,HIGH
41.46210087086918,37.126766,HIGH
39.0583861801931,38.00843,HIGH
39.405200543221724,37.549477,HIGH
35.89052964956559,38.050762,HIGH
38.82460193414721,35.847477,HIGH
37.35649993259588,35.096127,HIGH
36.186567542820924,35.21562,HIGH
14.208932179446297,32.861313,HIGH
15.007602531132925,11.467094,MEDIUM
14.218895667088432,13.163286,MEDIUM
14.02145975330526,15.040115,MEDIUM
14.817628678312039,14.543497,MEDIUM
14.515061188759764,13.998398,MEDIUM
13.378426428170943,14.343094,MEDIUM
18.352640200833363,14.371508,MEDIUM
16.859785332251548,16.142076,MEDIUM
12.466556049751532,16.342014,MEDIUM
16.353151479421268,15.352274,MEDIUM
14.615739489102499,15.739244,MEDIUM
15.023074355404361,15.434786,MEDIUM
17.049466985849143,15.382366,MEDIUM
15.937891004231922,16.032806,MEDIUM
18.02586020148613,16.166239,MEDIUM
16.47770063501092,16.797434,MEDIUM
16.793817809998625,16.757637,MEDIUM
16.86952857913363,16.827005,MEDIUM
15.279506055921711,16.794611,MEDIUM
17.311124209918823,16.293259,MEDIUM
18.854928046407778,16.58332,MEDIUM
17.365160929760236,17.23709,MEDIUM
15.416830886854727,17.342005,MEDIUM
15.348929260117364,16.62307,MEDIUM
17.53627535563002,16.166033,MEDIUM
14.35740286189606,16.618998,MEDIUM
15.19648542156896,15.752945,MEDIUM
14.67238254390391,15.519796,MEDIUM
14.036332493303174,15.302113,MEDIUM
24.12354068216988,15.013933,MEDIUM
24.815472841508104,23.366512,MEDIUM
23.44432656391925,23.790442,MEDIUM
25.00846838294035,23.910542,MEDIUM
24.434000303650734,24.489086,MEDIUM
21.717161651954086,24.60891,MEDIUM
24.014700586555374,24.099705,MEDIUM
24.018517058392575,23.078136,MEDIUM
25.79560635118152,22.822498,MEDIUM
23.00759507473161,24.060652,MEDIUM
23.908897186531934,23.662376,MEDIUM
24.816191944675126,23.972027,MEDIUM
25.41641850845247,24.1632,MEDIUM
26.64868439557919,24.594933,MEDIUM
24.478280956927463,25.061398,HIGH
24.47403055000948,24.444492,MEDIUM
28.220298935172643,24.661213,MEDIUM
28.145602072081324,26.13319,HIGH
27.08242868131776,26.855457,HIGH
28.018338134109577,27.019531,HIGH
25.245671204823182,27.661182,HIGH
28.666778401320826,26.520689,HIGH
28.788215363956766,27.174852,HIGH
26.23867114912749,27.139347,HIGH
26.75964442952709,26.481522,HIGH
26.09106931902754,26.112715,HIGH
22.048906978775754,25.476759,HIGH
26.060920292094668,24.021915,MEDIUM
24.742175832779594,24.257542,MEDIUM
23.520666240435396,23.662498,MEDIUM
17.038390144205266,23.586836,MEDIUM
19.638086174444283,16.955301,MEDIUM
17.069844711001032,18.040955,MEDIUM
16.789853488877576,17.081118,MEDIUM
16.712898214554706,16.25461,MEDIUM
15.783403181361072,16.603582,MEDIUM
15.527824596282514,16.354063,MEDIUM
15.442481710573382,16.264906,MEDIUM
12.457102349352816,16.021032,MEDIUM
17.628067716171294,15.011341,MEDIUM
17.684647735248834,16.388046,MEDIUM
17.388954113782138,16.678917,MEDIUM
18.30920216228065,17.10257,MEDIUM
18.833208351155278,17.665276,MEDIUM
17.5761446035603,18.416355,MEDIUM
18.74583486201625,18.28245,MEDIUM
17.534378499164937,18.519672,MEDIUM
18.750463766716763,18.178303,MEDIUM
20.330674256603437,18.35474,MEDIUM
18.9757444842567,19.066639,MEDIUM
19.03415391488717,19.140038,MEDIUM
19.720177268015952,19.192387,MEDIUM
18.943284758329995,19.3666,MEDIUM
18.280235986108462,19.261919,MEDIUM
20.246629152401454,18.71408,MEDIUM
17.743290105822236,19.090801,MEDIUM
17.126792098389107,18.526443,MEDIUM
20.39445911688683,18.004725,MEDIUM
17.502771013294428,18.923244,MEDIUM
16.181497665750143,18.331383,MEDIUM
20.35603818109451,17.557507,MEDIUM
19.248663682327166,17.833263,MEDIUM
20.001673186360392,18.126719,MEDIUM
18.89714747523014,18.7345,MEDIUM
17.500487442922385,18.718426,MEDIUM
19.638384782003424,18.351843,MEDIUM
18.18659562699129,18.484926,MEDIUM
18.499431900159742,18.150658,MEDIUM
16.406352739582655,18.210352,MEDIUM
19.265645328978405,17.311037,MEDIUM
17.968194087048776,18.002068,MEDIUM
18.89911747306001,18.075258,MEDIUM
18.088830058281776,18.303434,MEDIUM
19.89719525545668,18.128626,MEDIUM
20.319344731341673,18.81104,MEDIUM
18.37398812715156,19.267624,MEDIUM
22.407288123970734,19.014809,MEDIUM
22.216076011956986,20.186874,MEDIUM
21.734177647391135,21.025124,MEDIUM
21.109980324130955,21.45175,MEDIUM
21.326107066298242,21.161953,MEDIUM
21.58987715993719,21.036095,MEDIUM
21.85577896896091,20.88369,MEDIUM
19.92950443531196,20.982925,MEDIUM
22.549596752546023,20.583984,MEDIUM
20.601930021755642,20.999557,MEDIUM
20.549078811511436,20.759323,MEDIUM
20.42675200779877,20.55936,MEDIUM
17.25818997034465,20.069817,MEDIUM
20.841988455124465,18.814844,MEDIUM
0.0,18.866072,MEDIUM
0.0,1.2784963,LOW
0.0,0.41586578,LOW
0.0,0.29021788,LOW
0.0,0.39645386,LOW
0.0,0.43749,LOW
0.20053468608740133,0.72990406,LOW
0.0,0.9717611,LOW
0.0,0.99152493,LOW
0.0,0.93491733,LOW
0.0,0.9193448,LOW
0.0,0.8928937,LOW
0.0,0.97233,LOW
1.0240585968443519,0.92792344,LOW
0.0,1.0813988,LOW
0.6578419627117018,1.0754023,LOW
0.10676538501605926,1.1051497,LOW
0.8302001539873203,1.1312352,LOW
0.0,1.1607519,LOW
0.0,1.1914904,LOW
0.0,1.1286073,LOW
2.1998885035635425,1.1682086,LOW
0.11898351032073329,1.3409264,LOW
0.0,1.31019,LOW
0.0,1.1721729,LOW
0.0,1.1119303,LOW
0.0,1.1614565,LOW
0.0,1.150842,LOW
0.0,1.0034143,LOW
0.0,0.8954618,LOW
23.922782835011184,0.87802637,LOW
25.030854476611054,25.485716,HIGH
24.934388056212203,23.285728,MEDIUM
23.628716741076882,23.51281,MEDIUM
25.789730974846954,23.61438,MEDIUM
24.28402185272283,24.207012,MEDIUM
26.09692817703231,24.35976,MEDIUM
22.15203937842265,24.564707,MEDIUM
25.38466340151686,23.501501,MEDIUM
25.253001414232603,24.154047,MEDIUM
26.05319762843331,24.237816,MEDIUM
22.756440459108468,24.878025,MEDIUM
26.493633296033664,23.963655,MEDIUM
24.890986807187197,24.808659,MEDIUM
27.00936747458188,24.544416,MEDIUM
26.939086005445475,25.43472,HIGH
27.600514672908588,26.0537,HIGH
29.345540492230903,26.938633,HIGH
25.665685536223382,27.98587,HIGH
28.912731834006422,27.096165,HIGH
29.59550784078621,27.730316,HIGH
29.95070353381566,27.736675,HIGH
26.679535738645967,28.200264,HIGH
26.517437406429824,27.480322,HIGH
25.578247748325865,26.735382,HIGH
28.2104299475616,25.664223,HIGH
25.45169918395429,25.558304,HIGH
26.247274150787277,24.772652,MEDIUM
25.5196226036021,24.789669,MEDIUM
24.62179372355724,24.823275,MEDIUM
4.855529609515967,24.36519,MEDIUM
7.455085009120765,3.8382142,LOW
4.526958306653832,5.4166985,LOW
6.066338709033355,4.077975,LOW
3.9513537006645185,4.22252,LOW
5.994902191069756,4.4101954,LOW
3.0235067446817236,5.2225647,LOW
7.319432020093836,5.3724504,LOW
4.670717524604661,5.859721,LOW
7.032557037566731,5.766271,LOW
6.6197428114804975,6.14701,LOW
4.287682773803863,6.3922954,LOW
3.6788896810101086,6.2124295,LOW
8.82017458312798,5.5006824,LOW
7.98116669216035,6.536272,LOW
7.220022108863008,7.144525,LOW
6.419749816091247,7.4130926,LOW
9.953803742886059,7.103259,LOW
9.873555003969972,8.022833,LOW
7.923906450482841,8.878088,LOW
8.024327637998091,9.076094,LOW
10.466302506562593,8.756569,LOW
8.25573875468221,9.395631,LOW
6.378326907826087,9.456236,LOW
5.92506312588346,8.848046,LOW
6.876589234599155,7.8763413,LOW
5.735738823242607,7.723518,LOW
7.516332939973535,7.467752,LOW
3.4223822154278647,7.492011,LOW
6.191698029386914,6.2371635,LOW
33.581928381491984,6.1951466,LOW
34.53315997942945,33.915527,HIGH
34.220210982412375,32.382305,HIGH
30.76978841135842,33.04655,HIGH
33.54342856543367,31.787163,HIGH
31.978597462458126,31.914728,HIGH
33.25171892996697,31.487345,HIGH
32.40011854742797,30.500624,HIGH
31.597059905101204,30.844704,HIGH
35.48390546066377,30.818342,HIGH
33.11933122493103,32.356243,HIGH
34.0048184130563,32.420654,HIGH
35.46198802259073,33.36526,HIGH
37.406269971694385,34.407852,HIGH
36.7883744601813,35.599598,HIGH
36.98011670050416,35.86495,HIGH
39.733328094290016,36.53002,HIGH
36.63797735677196,37.35784,HIGH
36.014158112262436,36.97788,HIGH
37.353341712366756,36.75982,HIGH
36.23505345503304,36.536053,HIGH
36.906521762984745,35.661694,HIGH
36.4001280422258,35.05379,HIGH
38.073764437317095,34.374477,HIGH
36.63798344779585,35.31447,HIGH
34.25995879564927,35.245174,HIGH
34.61161154945937,34.625042,HIGH
34.76194321382628,33.87947,HIGH
33.731081671780274,32.946922,HIGH
35.07109853306382,31.650017,HIGH
4.185916956129935,31.283876,HIGH
4.368752710727378,4.2423897,LOW
5.910044687618779,3.5551863,LOW
3.5780755988954347,3.9539742,LOW
5.328662153362149,3.7035599,LOW
3.0796061056931467,3.3847032,LOW
5.446187146718636,3.7555718,LOW
4.906387740604042,4.922973,LOW
4.396921526337357,5.1079364,LOW
5.541316556380548,5.0735564,LOW
4.727586718521343,5.171006,LOW
4.200127921894593,5.2022667,LOW
7.901732664879326,5.132226,LOW
7.017173749954445,5.9843826,LOW
5.426434377206945,6.3554387,LOW
7.414090107617275,6.497562,LOW
9.446357093488938,6.726238,LOW
5.363485532649175,7.4462514,LOW
10.188825244395776,7.4126706,LOW
5.637756313834204,8.489235,LOW
8.077522767391283,7.582813,LOW
6.56060036749432,8.04711,LOW
5.9052900030891955,8.126734,LOW
5.074560082384057,7.7385406,LOW
8.615388030985445,7.0272055,LOW
4.724198040234356,7.6440425,LOW
5.3622084918262765,6.755907,LOW
4.589940218959922,6.4931617,LOW
4.910996875974517,5.935781,LOW
6.3688089192549935,5.810699,LOW
8.89568735211035,6.044767,LOW
7.7070664918475735,6.925711,LOW
6.735294174300249,7.235048,LOW
6.715378721345878,7.4933476,LOW
7.238893663944266,7.5116386,LOW
5.850866860527798,7.836081,LOW
7.235749542018964,7.7013164,LOW
7.855093053010009,7.4672,LOW
5.267603650538428,7.5054526,LOW
6.024623079663543,7.1570215,LOW
7.8356285435158854,6.99101,LOW
7.871844050840268,7.2817783,LOW
7.742379892965269,7.589108,LOW
9.430886991651882,7.7945514,LOW
8.823569551297773,8.043517,LOW
6.584987865148259,8.465616,LOW
10.67606959422746,8.564943,LOW
10.062922187284407,9.529049,LOW
7.44176220904966,9.704338,LOW
11.275954046574757,9.510748,LOW
10.891727393988116,10.175049,MEDIUM
10.68890525236033,10.391176,MEDIUM
9.455909117944879,10.550306,MEDIUM
6.966717749328378,10.519873,MEDIUM
12.168354018897109,9.844612,LOW
8.935012506213969,10.687981,MEDIUM
8.508361615301927,10.393715,MEDIUM
5.774201916388291,9.970356,LOW
7.289499634653771,8.851192,LOW
3.6287274754688603,8.462286,LOW
26.980252415637036,6.632014,LOW
23.884925739645613,27.641432,HIGH
22.37568314308484,24.23896,MEDIUM
22.223816298073835,23.49201,MEDIUM
21.30134161348073,22.907146,MEDIUM
21.336522362786667,22.437576,MEDIUM
24.3390973694797,21.67852,MEDIUM
21.834744431022685,22.230236,MEDIUM
23.256865940788167,22.097294,MEDIUM
21.532456033267117,22.414267,MEDIUM
21.813075531726316,22.000702,MEDIUM
23.592633129375947,22.01886,MEDIUM
21.464946239257195,22.298359,MEDIUM
22.599878323810053,22.097195,MEDIUM
26.7289225617255,22.170399,MEDIUM
23.27327716691004,24.033306,MEDIUM
24.045341998887565,23.865852,MEDIUM
23.940662655145132,24.061382,MEDIUM
26.49880919186605,23.993685,MEDIUM
25.534244356035565,25.004194,HIGH
25.656854943875388,24.982658,MEDIUM
24.855166566869507,25.16482,HIGH
27.028345297446265,24.921007,MEDIUM
24.138071365374234,25.470228,HIGH
24.52810657939119,24.674482,MEDIUM
24.23659853100316,24.380205,MEDIUM
21.68486340364516,23.98222,MEDIUM
19.892083316406318,22.758778,MEDIUM
24.157922156479554,21.017284,MEDIUM
22.39070812544687,21.769295,MEDIUM
7.379614066149548,21.915833,MEDIUM
7.7308188445340615,4.645001,LOW
5.2016983431681565,5.7817607,LOW
8.866587742678908,5.2003684,LOW
6.233093570590302,6.2702727,LOW
4.088515312963531,6.0788965,LOW
6.776032035389747,6.0737824,LOW
5.161642207908708,6.8258467,LOW
3.0107342135081243,6.4913573,LOW
7.052891360715126,5.580533,LOW
9.152612799936179,6.017265,LOW
8.33212506055536,6.7543664,LOW
6.345863835119006,7.243209,LOW
6.348401442229606,7.371235,LOW
9.006325842030366,7.1737328,LOW
8.298485017169394,8.003611,LOW
11.999055084365516,8.599073,LOW
10.594418162204985,9.779858,LOW
9.34941051775318,9.760723,LOW
7.1912682860417885,9.863218,LOW
9.80978825963879,9.470068,LOW
8.295857066426024,9.878971,LOW
9.227001380831375,9.672802,LOW
6.308671936451615,9.647253,LOW
8.397644750496415,8.848469,LOW
8.238836320887813,8.71526,LOW
7.0051158085188785,8.650534,LOW
8.038575717040487,8.493845,LOW
6.065016032034862,8.371899,LOW
8.281601720572066,8.062453,LOW
35.15236984111276,8.070804,LOW
35.48337533706623,34.751423,HIGH
33.382558419105536,33.515472,HIGH
32.347270402984535,33.304325,HIGH
33.5157849914141,32.55842,HIGH
30.536313814715363,32.325333,HIGH
33.95281517870256,31.228525,HIGH
33.155106289583614,30.042473,HIGH
28.690951882307097,30.795876,HIGH
32.68023983809085,29.652107,HIGH
33.72354979684501,30.346245,HIGH
34.782388343428295,31.399118,HIGH
34.29266671149398,32.88437,HIGH
34.86071269072607,33.37655,HIGH
32.90818321920909,34.377068,HIGH
34.13858712240301,33.574997,HIGH
34.89746449742711,33.400173,HIGH
36.16883092240338,33.722515,HIGH
36.84512748617065,34.85951,HIGH
35.62313569920839,35.548603,HIGH
34.16370701180223,35.553806,HIGH
34.06051063678087,34.88389,HIGH
35.06145250358985,33.89564,HIGH
35.875922048191484,32.72108,HIGH
35.10344608093382,32.95757,HIGH
36.753583922631975,33.12808,HIGH
30.625732358620127,34.275707,HIGH
33.625552781433264,31.675653,HIGH
29.438725700218903,31.37648,HIGH
29.44663648220233,29.152933,HIGH
27.0398374355838,28.094826,HIGH
25.009339101239473,26.891949,HIGH
25.92787668100813,25.380291,HIGH
26.59729023971952,25.233154,HIGH
24.18245156811617,24.85174,MEDIUM
26.177366449105225,24.502293,MEDIUM
27.03920262412126,24.73258,MEDIUM
26.229787091464424,25.266249,HIGH
24.71230788335773,25.651484,HIGH
25.6801926276469,25.006355,HIGH
26.99465995037732,24.700901,MEDIUM
27.41575905970337,25.140652,HIGH
23.93179639338988,25.77406,HIGH
27.812236218353213,25.054214,HIGH
27.059445581249136,26.391998,HIGH
26.937763523415555,26.564068,HIGH
27.49318957676919,26.471966,HIGH
29.062048577367126,26.483246,HIGH
27.952513317023314,27.420998,HIGH
26.982840604734623,27.389225,HIGH
27.16561907295793,26.874905,HIGH
27.442980277840828,26.654469,HIGH
29.04730793973137,26.553852,HIGH
28.982280808850327,27.268929,HIGH
24.406204035829873,27.57221,HIGH
27.23079362069504,25.844803,HIGH
25.11770931839159,25.87474,HIGH
27.0810625377892,24.852165,MEDIUM
26.130290394940832,24.958662,MEDIUM
24.029262385410323,24.728806,MEDIUM
34.09564658651027,24.4475,MEDIUM
33.31469977256473,30.776882,HIGH
37.25950166534075,32.62123,HIGH
33.255388299114074,34.685574,HIGH
33.95230106347539,34.231136,HIGH
33.79579432241256,33.984943,HIGH
30.404619920849164,33.5925,HIGH
33.52936854828994,30.56551,HIGH
30.798407460390884,31.106447,HIGH
33.834684752996466,29.818174,HIGH
35.18205257052845,31.526455,HIGH
31.820381534189444,32.7238,HIGH
34.82034181088322,32.56736,HIGH
34.051588205326794,33.425682,HIGH
33.890459176515535,33.58263,HIGH
35.49297331738654,33.66513,HIGH
35.966316871446075,33.84197,HIGH
38.07370373647036,34.635902,HIGH
35.70397342263368,35.960445,HIGH
37.835440976753965,35.45048,HIGH
37.99666760973388,36.29256,HIGH
38.25165407508331,36.666645,HIGH
34.589403860759255,36.69035,HIGH
36.48120664025489,36.07481,HIGH
35.68338146032401,36.081715,HIGH
33.13747741257773,35.236233,HIGH
31.361781751589497,32.958256,HIGH
34.32755767164252,30.674786,HIGH
34.819569196456534,30.513641,HIGH
32.4046882176457,31.108248,HIGH
25.689222868807263,30.7165,HIGH
24.729644226331562,24.514713,MEDIUM
25.105354463106462,23.163845,MEDIUM
23.713549321505916,22.703768,MEDIUM
24.518778433416582,22.529398,MEDIUM
25.2109430538984,22.862175,MEDIUM
26.372557119405226,23.15852,MEDIUM
22.844428997215736,24.49542,MEDIUM
24.04102318532396,23.931793,MEDIUM
24.582535604859594,23.547045,MEDIUM
22.429777917569183,23.64214,MEDIUM
25.11652970061797,22.998383,MEDIUM
26.1398248143722,23.370388,MEDIUM
24.951753254454264,24.206913,MEDIUM
25.74358701782221,24.475367,MEDIUM
23.297575523902136,24.741138,MEDIUM
23.998156790567705,24.253141,MEDIUM
26.13221988041378,23.888145,MEDIUM
27.220268506537394,24.292004,MEDIUM
27.716529929687834,25.303612,HIGH
24.108335809359495,25.961508,HIGH
28.468272966453675,25.292309,HIGH
27.501012903029263,26.19453,HIGH
26.299253580551493,26.161442,HIGH
23.95443495333314,25.927685,HIGH
25.514736483623356,24.814644,MEDIUM
21.127222948741387,24.59671,MEDIUM
25.264143372478465,22.277676,MEDIUM
23.947535950485886,22.789103,MEDIUM
20.27717170198663,22.867506,MEDIUM
34.66970743990604,21.743473,MEDIUM
32.929659095929985,33.137295,HIGH
33.64127205072908,32.757694,HIGH
32.36847726618856,33.411926,HIGH
31.42904584150722,32.84723,HIGH
32.70609086117788,32.296764,HIGH
34.06460232097155,32.143795,HIGH
31.771899934828888,30.457758,HIGH
32.05583740000708,30.223072,HIGH
32.02948571631172,30.588686,HIGH
34.485122684814684,30.9706,HIGH
35.778395461653886,32.398098,HIGH
33.83924237229198,33.702694,HIGH
35.52937500207884,33.61733,HIGH
32.99854659087517,34.511333,HIGH
38.0113437971913,33.273594,HIGH
34.380012738851356,34.79414,HIGH
35.38370321245371,34.450825,HIGH
35.141493993622184,35.666172,HIGH
36.967144280973756,35.46413,HIGH
34.629424900493035,35.915447,HIGH
34.68941739013801,35.503803,HIGH
37.27742608653359,33.93588,HIGH
35.56012957961919,34.484135,HIGH
35.124875845667226,33.64376,HIGH
33.20121481871661,33.603,HIGH
33.46039982441171,32.149292,HIGH
34.45896725598975,31.984129,HIGH
30.706906209061913,31.74401,HIGH
31.51916637067331,29.761559,HIGH
20.821688089625624,29.306942,HIGH
20.481749995540383,19.702042,MEDIUM
18.115389794635963,19.388557,MEDIUM
17.126261934863763,18.476559,MEDIUM
21.041326882573507,17.453827,MEDIUM
18.506582690096028,18.523222,MEDIUM
19.366772658115323,18.191635,MEDIUM
21.278839065106023,18.774225,MEDIUM
18.97526902206717,19.626228,MEDIUM
18.020797381341673,19.518682,MEDIUM
19.6009303036412,18.636185,MEDIUM
16.314394840590275,18.68039,MEDIUM
17.985568201962163,17.954643,MEDIUM
15.610448306544386,17.523706,MEDIUM
22.491610059280738,16.788288,MEDIUM
20.838786611475943,19.83687,MEDIUM
21.574189935097237,20.121555,MEDIUM
20.337509897382528,20.752855,MEDIUM
23.86635844405815,20.70319,MEDIUM
23.327738181483618,21.989079,MEDIUM
21.568554036058522,22.418676,MEDIUM
23.571490975927183,22.230774,MEDIUM
21.749696661130923,22.558182,MEDIUM
21.659233549223863,22.245132,MEDIUM
20.52658102182123,21.73329,MEDIUM
21.275983598173696,20.79926,MEDIUM
17.376706617780762,20.697378,MEDIUM
20.021443542585658,19.167393,MEDIUM
19.52474457661219,18.463852,MEDIUM
18.421155001146072,18.644688,MEDIUM
21.486689457773743,18.684189,MEDIUM
20.51954221563502,20.985218,MEDIUM
21.25544310054726,21.675259,MEDIUM
20.17914390022274,22.054884,MEDIUM
19.2301334398073,21.624947,MEDIUM
20.310223233369165,20.956682,MEDIUM
19.70242538118072,20.596725,MEDIUM
19.539378054190838,19.828947,MEDIUM
23.402041216347733,19.814413,MEDIUM
20.080692926533914,21.379957,MEDIUM
20.666985979550525,20.986471,MEDIUM
23.501703692214512,20.979956,MEDIUM
20.632869501596737,21.937462,MEDIUM
22.955711227428864,21.809654,MEDIUM
21.406842956562556,22.660303,MEDIUM
23.687548820610303,22.163761,MEDIUM
24.723718682923984,23.027065,MEDIUM
23.64799942347543,23.622551,MEDIUM
25.916502545460304,23.736612,MEDIUM
26.542838671769132,24.662594,MEDIUM
24.185359028029087,25.359913,HIGH
24.40291364461955,24.97867,MEDIUM
22.248809202802747,24.767035,MEDIUM
22.950027895855204,23.827114,MEDIUM
19.487869635312386,23.31171,MEDIUM
22.233537495781043,21.660328,MEDIUM
22.94371404949443,21.491388,MEDIUM
20.957599387747155,21.699848,MEDIUM
21.52192782613188,21.364555,MEDIUM
22.232555382446243,21.63084,MEDIUM
28.178081186493063,21.631311,MEDIUM
26.77751829413161,24.189102,MEDIUM
30.3920448930619,24.257412,MEDIUM
25.0305208355396,26.676662,HIGH
26.024573167622872,25.231256,HIGH
26.734754281504287,25.214756,HIGH
25.681897434747984,25.196537,HIGH
23.60081901180198,24.925941,MEDIUM
23.888775037117412,23.912817,MEDIUM
25.026932253243903,23.34161,MEDIUM
27.684103510877947,23.810865,MEDIUM
24.737519275451543,25.397638,HIGH
23.915496336459938,25.116182,HIGH
27.052429832011214,24.667076,MEDIUM
27.44747660907614,25.154398,HIGH
26.84266023745255,25.942911,HIGH
28.382794130630792,26.231623,HIGH
30.56940180056948,27.054745,HIGH
27.870281914129244,28.887085,HIGH
29.60438288955332,28.546038,HIGH
32.481882064197364,28.722446,HIGH
26.801710735796195,29.761065,HIGH
30.496925285290178,28.341661,HIGH
28.169337050751473,28.76958,HIGH
25.926978238203688,27.809261,HIGH
24.39023623484154,27.095713,HIGH
27.276775155271842,24.685478,MEDIUM
25.8096909369255,24.59172,MEDIUM
24.35576491758207,24.454536,MEDIUM
21.27651808936379,23.930216,MEDIUM
0.9916065714403963,22.281048,MEDIUM
1.615512430705075,2.3166902,LOW
1.643966549633955,1.5221709,LOW
0.8226826592068743,0.8700119,LOW
0.0,0.9265275,LOW
0.8261646090226282,1.0642225,LOW
1.2180925859535066,1.483598,LOW
0.0,1.5842928,LOW
0.16204480295288803,1.5131532,LOW
1.9896050793545932,1.417925,LOW
0.2040747678555883,1.4597794,LOW
1.6866329514915321,1.4895397,LOW
1.1366868404161963,1.52982,LOW
0.18648050587348308,1.5132147,LOW
2.5888078773411802,1.5228479,LOW
3.4564236505060144,1.6758705,LOW
2.3548538099744603,2.0114994,LOW
2.060122890472007,2.064993,LOW
3.8010282081543068,2.063687,LOW
5.595256533110621,2.4037127,LOW
4.781785007583036,3.4806168,LOW
4.554630143944813,4.0049853,LOW
0.40863193757993876,4.201996,LOW
3.105262486799176,3.5366743,LOW
2.4158637759481794,3.5393322,LOW
1.914069797794597,3.4433775,LOW
0.0,3.0498862,LOW
0.0,1.9172194,LOW
0.9820232928867609,1.6002605,LOW
0.7866264957865363,1.570701,LOW
6.225044421816042,1.5206116,LOW
10.144080157957731,2.7855883,LOW
9.010481665257043,5.5434847,LOW
9.530667249968293,6.48094,LOW
7.773057479877778,7.4653993,LOW
6.7924594549143595,7.7927737,LOW
8.646254133631995,8.296911,LOW
8.728520373115085,8.62653,LOW
5.054854452370273,8.866463,LOW
7.323515784932294,8.108513,LOW
9.309501837457292,7.9279056,LOW
6.367085016587824,8.277506,LOW
9.06362967475551,8.0365505,LOW
7.6008124650597875,8.448511,LOW
10.672744624843395,8.173885,LOW
10.212295508378984,8.909634,LOW
10.633856173367743,9.422741,LOW
12.423692857785351,9.851847,LOW
11.343497586417032,10.515816,MEDIUM
11.029488842308226,10.882023,MEDIUM
12.257705294895272,11.132185,MEDIUM
11.958966553420243,11.720697,MEDIUM
10.501842263804825,11.945837,MEDIUM
11.219012625885801,11.460123,MEDIUM
12.452987632313677,11.483931,MEDIUM
7.757586498317567,11.747713,MEDIUM
7.075339606590031,10.839708,MEDIUM
9.665805951214967,9.485798,LOW
11.143644396730101,9.69346,LOW
8.035883738313665,10.040689,MEDIUM
21.90079222081215,9.842245,LOW
20.749560531273723,22.833887,MEDIUM
16.66473769169486,20.906769,MEDIUM
18.25405249994914,19.707588,MEDIUM
19.707415118406978,19.140022,MEDIUM
18.264440982495167,19.193161,MEDIUM
18.412845968490224,18.94469,MEDIUM
19.118718567396762,18.512821,MEDIUM
20.31959461101877,18.678535,MEDIUM
18.512560543340136,19.341118,MEDIUM
19.103697602716466,19.214794,MEDIUM
20.948646814223817,19.215637,MEDIUM
20.058816637437715,19.758137,MEDIUM
21.37038962856489,19.899498,MEDIUM
21.661186718846054,20.56107,MEDIUM
21.4545278249969,21.286171,MEDIUM
19.160029845333856,21.623884,MEDIUM
22.563995666704905,20.884563,MEDIUM
19.222476582969385,21.520638,MEDIUM
22.482392405937073,20.512438,MEDIUM
23.21050982659257,21.233826,MEDIUM
19.639221588566862,21.851095,MEDIUM
24.098531097642642,21.329105,MEDIUM
21.98485533799181,22.350601,MEDIUM
21.12512427248155,22.09164,MEDIUM
23.104715045817166,21.872993,MEDIUM
19.723705712292777,21.970566,MEDIUM
21.206054905448184,21.289213,MEDIUM
18.05080317107982,21.084843,MEDIUM
18.40963805789046,19.49931,MEDIUM
3.0910456744639436,18.605572,MEDIUM
1.0354714858511063,2.3031614,LOW
0.4199027133976827,1.4656868,LOW
0.49937835129971386,0.8083217,LOW
1.826374958806431,0.8857204,LOW
1.6601784545514775,1.0430156,LOW
1.2381565471077742,1.5582232,LOW
1.426902523302708,1.5990574,LOW
2.4607567614118437,1.5653859,LOW
1.1163346491745365,1.6790242,LOW
2.2010698501450783,1.7510557,LOW
1.1377127855116882,1.8656557,LOW
4.295376667739678,1.7362659,LOW
3.8070991503401412,2.3295221,LOW
1.5040409635683218,2.6400084,LOW
4.557179639436566,2.4246814,LOW
5.5630497713907765,3.038453,LOW
4.069261092308723,3.8000197,LOW
5.923532042044391,4.301096,LOW
4.625109847174775,4.749677,LOW
4.294242309795669,4.868359,LOW
6.871068830943198,5.0709796,LOW
3.8812448487852595,5.6403913,LOW
3.569566398936404,5.502123,LOW
2.3861655970164577,5.0478573,LOW
2.8042996595792893,4.3416305,LOW
1.475628052508121,3.9243035,LOW
1.0038177395518524,3.3841083,LOW
5.547502090439073,2.6392379,LOW
1.5878476145737999,3.2775621,LOW
6.20904401910971,2.8607411,LOW
6.432256495937137,3.9132829,LOW
6.844670320580374,4.624955,LOW
4.769440718926003,5.606576,LOW
7.1914771352525815,5.785255,LOW
7.242692798896442,6.3086834,LOW
5.460948200873984,6.672385,LOW
5.552351996263024,6.857514,LOW
5.005712663046961,6.6436076,LOW
7.38965841426113,6.3084955,LOW
9.096278730679721,6.670188,LOW
8.485805307786265,7.244205,LOW
6.463003065715594,7.4815784,LOW
8.268860144875095,7.4302964,LOW
7.06720258701373,7.8317685,LOW
8.571447693031736,8.204422,LOW
6.094766584582565,8.548913,LOW
10.277947731817717,8.403484,LOW
10.898833347365274,8.948729,LOW
8.86831796017389,9.37113,LOW
8.051396021457567,9.45986,LOW
7.864674275819926,9.305494,LOW
9.676332556208077,9.231041,LOW
9.809870633812544,9.519109,LOW
10.482501206254149,9.8463955,LOW
8.45159072176433,9.893475,LOW
7.762564945932145,9.498407,LOW
7.966025719831618,9.263721,LOW
7.723802444211147,9.114137,LOW
5.366534906291036,8.814772,LOW
19.441913121389458,8.2758255,LOW
15.465557827966649,20.892984,MEDIUM
18.441985333723554,17.609118,MEDIUM
17.392179870509196,18.146322,MEDIUM
15.605750834612246,17.974146,MEDIUM
14.97252466308991,17.287207,MEDIUM
16.253788032331844,16.324303,MEDIUM
14.878121795753383,16.400011,MEDIUM
17.012703377213022,16.052284,MEDIUM
14.90429453008507,16.5273,MEDIUM
16.081579576342268,16.131876,MEDIUM
16.14407046730109,16.419994,MEDIUM
18.14415938388524,16.510815,MEDIUM
17.24032444152554,17.289839,MEDIUM
17.976040106786165,17.504805,MEDIUM
17.43489839308584,18.132526,MEDIUM
19.895720994631613,18.122574,MEDIUM
19.725054159253084,18.984709,MEDIUM
17.663722140789027,19.335594,MEDIUM
19.141638208601982,18.948206,MEDIUM
18.101035376605772,19.096066,MEDIUM
17.862781491380233,18.76877,MEDIUM
19.71463770863342,18.514729,MEDIUM
18.78347346822309,18.90873,MEDIUM
16.42083060635855,18.920593,MEDIUM
18.507255947992867,18.13377,MEDIUM
17.887473426922394,18.2381,MEDIUM
16.91900172671773,18.212132,MEDIUM
15.39512051952024,17.723042,MEDIUM
17.5237203848057,16.897322,MEDIUM
18.91529036786897,17.202736,MEDIUM
18.39729491248781,17.39624,MEDIUM
18.953707444350865,17.503752,MEDIUM
17.81541101188661,18.081556,MEDIUM
20.31358015874028,18.22755,MEDIUM
17.995998445162876,19.107937,MEDIUM
18.185909992327893,18.713844,MEDIUM
19.344342304024174,18.435184,MEDIUM
18.21635297441366,18.671562,MEDIUM
20.434762994103863,18.656796,MEDIUM
19.98956553487793,19.340584,MEDIUM
19.510346015401865,19.698883,MEDIUM
18.84601494766899,19.692501,MEDIUM
20.926117215234598,19.3191,MEDIUM
17.987484157977704,19.880775,MEDIUM
21.883178734920456,19.28625,MEDIUM
20.48406605690714,20.166897,MEDIUM
24.66496520607638,20.280437,MEDIUM
21.2163988086355,22.53193,MEDIUM
18.82867363949061,22.135231,MEDIUM
18.12319207954609,21.154425,MEDIUM
21.887141072367378,19.670841,MEDIUM
22.106062055127175,20.027195,MEDIUM
20.98908012869282,20.73561,MEDIUM
20.819035420116705,20.987213,MEDIUM
20.36298175595391,20.982054,MEDIUM
20.154598460163566,20.714575,MEDIUM
18.956820756577073,20.307549,MEDIUM
21.04005974298796,19.560394,MEDIUM
17.43130490143799,19.83236,MEDIUM
9.907904475435084,18.915161,MEDIUM
11.169357309930302,6.6437507,LOW
9.225005727777631,9.0893955,LOW
10.59476231756288,8.394079,LOW
9.697974511241796,9.166201,LOW
9.093882081284526,10.207901,MEDIUM
8.154117858019255,10.177193,MEDIUM
6.0222368211572705,9.772297,LOW
8.471770027239153,8.843611,LOW
9.276283984905257,8.699137,LOW
8.656945424727374,9.182786,LOW
10.319977103157214,9.036539,LOW
9.117134361450649,9.381678,LOW
8.54124100532518,9.333912,LOW
10.672268234614808,9.341303,LOW
10.05095815683372,9.996473,LOW
10.291124874617937,10.221819,MEDIUM
10.87848201164065,10.348412,MEDIUM
9.84790620682952,10.511238,MEDIUM
9.854456613886047,10.499523,MEDIUM
10.548130186779899,10.444752,MEDIUM
11.80179948612384,10.563494,MEDIUM
10.591443759716517,10.804947,MEDIUM
10.710677380264391,10.831131,MEDIUM
12.377828648216727,10.787161,MEDIUM
8.298922866128699,11.144445,MEDIUM
11.234316424661053,10.757553,MEDIUM
9.347290450548162,10.707361,MEDIUM
8.439461294080653,10.556997,MEDIUM
8.835856145895537,10.2434635,MEDIUM
5.185793922923799,9.960474,LOW
7.701951890116943,8.794237,LOW
2.938816465871363,8.525192,LOW
4.50336954649291,5.6101427,LOW
3.3560074692380084,5.1920376,LOW
3.0903308189638166,4.769142,LOW
4.395302572225971,4.3628545,LOW
1.5617579033344091,4.4037957,LOW
6.911627702265534,3.728199,LOW
5.909982792916109,4.576695,LOW
4.872964163477831,5.083947,LOW
6.659333483016437,5.3111496,LOW
5.7387275896027825,5.621602,LOW
6.226021409240462,5.904659,LOW
5.207795479071627,6.3323402,LOW
8.234172002451302,6.4206376,LOW
6.400198426008543,6.9424143,LOW
6.814119834275946,7.0483828,LOW
5.423159988561945,7.148604,LOW
7.99359415400218,6.8463445,LOW
9.011091475609597,7.289618,LOW
7.253964683181126,7.793881,LOW
7.771825416005953,7.9730754,LOW
4.9012410807852405,7.8363204,LOW
7.634012325250737,7.330848,LOW
4.681992494454984,7.628487,LOW
5.586081627557399,6.9005384,LOW
4.360826878829228,6.644303,LOW
6.150761178687438,6.0332346,LOW
5.1531240675684815,6.069303,LOW
0.0,5.9421697,LOW
0.0,3.2152174,LOW
0.0,1.4333006,LOW
0.0,1.145223,LOW
0.0,1.0320232,LOW
0.0,0.9308013,LOW
0.0,0.737489,LOW
0.0,0.7338306,LOW
0.0,0.74772954,LOW
0.0,0.73669827,LOW
0.0,0.71566343,LOW
0.0,0.73525023,LOW
0.0,0.77513266,LOW
0.0,0.7736623,LOW
0.0,0.76342213,LOW
0.0,0.76154625,LOW
0.0,0.75871587,LOW
0.1460924594522428,0.7429466,LOW
0.0,0.8900647,LOW
0.0,0.9117861,LOW
0.0,0.89114904,LOW
0.0,0.88157797,LOW
0.0,0.86730576,LOW
0.0,0.8815713,LOW
0.0,0.84752846,LOW
0.0,0.7547233,LOW
0.0,0.76678336,LOW
0.0,0.75234056,LOW
0.0,0.81329834,LOW
0.0,0.77058697,LOW
12.893732886233156,0.751346,LOW
16.818409547881117,13.161934,MEDIUM
13.875815677863898,13.399399,MEDIUM
13.262729745549123,13.253868,MEDIUM
16.344571611973038,12.999668,MEDIUM
15.99293830835325,13.696745,MEDIUM
14.619033742876375,14.837988,MEDIUM
12.667257758461234,15.511759,MEDIUM
13.935465947947558,14.667868,MEDIUM
14.254213257713483,14.564596,MEDIUM
14.573505369846076,14.462687,MEDIUM
15.50238433898262,14.555695,MEDIUM
15.339893880386557,15.10261,MEDIUM
17.669611859089372,15.377804,MEDIUM
17.460290874577282,16.288757,MEDIUM
16.642677130061116,16.756975,MEDIUM
15.919316363312154,17.04028,MEDIUM
20.30018614466678,16.771181,MEDIUM
15.550164278533256,18.232803,MEDIUM
18.94223686178472,17.326838,MEDIUM
19.36505080998536,17.97101,MEDIUM
17.049734819427442,18.49546,MEDIUM
18.496846237177152,18.05965,MEDIUM
17.08451789523459,18.091057,MEDIUM
17.390348795179,17.764381,MEDIUM
17.041802726958178,17.53244,MEDIUM
12.36385012867951,17.39412,MEDIUM
16.281540879573548,14.661007,MEDIUM
17.3289867833672,15.445866,MEDIUM
15.026000822372392,15.928341,MEDIUM
14.75733668252927,15.765495,MEDIUM
12.102762625703612,15.45351,MEDIUM
13.02920218341275,14.293798,MEDIUM
11.185377913024912,13.756441,MEDIUM
10.44568974414347,12.784302,MEDIUM
10.837509629452036,11.684378,MEDIUM
12.55906661614046,11.301779,MEDIUM
12.394471032360268,11.7982235,MEDIUM
8.224817911081185,12.070082,MEDIUM
11.361227390514767,10.934929,MEDIUM
10.631938423561326,10.849804,MEDIUM
10.773699176551329,10.911015,MEDIUM
14.046903994151496,10.940016,MEDIUM
14.29839141112226,12.196501,MEDIUM
14.841531048637146,12.740202,MEDIUM
15.143915219308608,13.730444,MEDIUM
15.01665402325553,14.340775,MEDIUM
14.986760123348375,14.929127,MEDIUM
13.499427310509704,15.226858,MEDIUM
14.10564030208365,14.844406,MEDIUM
16.59595753154162,14.708944,MEDIUM
14.302741961708593,15.304344,MEDIUM
15.90980745168404,15.192209,MEDIUM
11.537104903688796,15.656731,MEDIUM
15.058841439957046,14.355299,MEDIUM
15.605079431008505,14.600067,MEDIUM
9.982816481181924,14.726358,MEDIUM
12.174286741286178,13.289623,MEDIUM
14.854161856575601,12.767239,MEDIUM
13.131084273485442,13.271442,MEDIUM
24.299647732941104,13.323454,MEDIUM
20.797831354906805,22.110168,MEDIUM
21.360124106822894,21.25915,MEDIUM
20.558987005979525,21.23785,MEDIUM
22.695357752824695,20.945278,MEDIUM
21.07075464380567,21.410965,MEDIUM
20.021058706930564,20.992731,MEDIUM
20.841310296338925,20.433018,MEDIUM
21.273112756795484,20.216915,MEDIUM
21.58935555697623,20.441776,MEDIUM
21.795109379039022,20.734077,MEDIUM
23.129838988064364,21.092941,MEDIUM
22.05332508412597,21.926529,MEDIUM
22.952848304433484,22.063599,MEDIUM
23.083815401122287,22.312271,MEDIUM
22.760486212989484,22.508533,MEDIUM
24.433904380180415,22.459997,MEDIUM
25.152431750522016,22.938442,MEDIUM
22.915084711882116,23.766567,MEDIUM
24.782898290092447,23.457588,MEDIUM
25.624978661042874,23.665436,MEDIUM
25.18548755140956,24.282597,MEDIUM
22.77604340121028,24.600027,MEDIUM
24.85559752666375,23.70679,MEDIUM
22.01728627732244,23.764961,MEDIUM
19.563083886324005,22.823284,MEDIUM
22.898437797365375,20.386593,MEDIUM
23.559356019239157,20.80314,MEDIUM
22.672527261149458,21.59547,MEDIUM
19.28035856351765,21.987438,MEDIUM
10.603357619593606,21.011236,MEDIUM
13.32868026224105,8.916399,LOW
14.492756540229806,10.929682,MEDIUM
11.9918930354477,12.073013,MEDIUM
7.594340180294271,12.461502,MEDIUM
9.91502439668852,8.235748,LOW
10.060780137661562,9.596697,LOW
9.807782117531374,10.356985,MEDIUM
11.75199982309792,10.316528,MEDIUM
10.00000917009779,10.809753,MEDIUM
11.724436346168039,10.539888,MEDIUM
12.477867953147516,10.724897,MEDIUM
9.644959023304352,11.345919,MEDIUM
11.604707422045013,11.021452,MEDIUM
10.16828258139526,11.331175,MEDIUM
15.561510575118456,11.124868,MEDIUM
10.366919451112093,13.286087,MEDIUM
12.422861619285676,12.26174,MEDIUM
13.756017243475394,12.493921,MEDIUM
13.149682449075575,12.677521,MEDIUM
13.447828035670367,12.999708,MEDIUM
13.004565262430024,13.293173,MEDIUM
12.173657045552421,13.330696,MEDIUM
10.620694191979512,13.113897,MEDIUM
12.005720049483717,12.318813,MEDIUM
11.244641563139613,12.142933,MEDIUM
12.846139147985141,11.844551,MEDIUM
13.218850419631924,12.275032,MEDIUM
12.7039158929056,12.49304,MEDIUM
12.883577597975782,12.5521965,MEDIUM
5.003741290592418,12.773323,MEDIUM
6.233994362347845,6.7595115,LOW
5.15534087850296,5.7853794,LOW
6.084203318020974,5.288727,LOW
4.252598294742588,5.4503307,LOW
1.8715618827024496,5.6452613,LOW
4.343466578490544,4.8307896,LOW
4.232734451690197,4.581425,LOW
5.3024307462396685,4.530342,LOW
6.417409447586504,4.759901,LOW
4.7548127911599565,4.992209,LOW
9.298187718522982,5.0409794,LOW
6.825804893600351,6.248676,LOW
4.468689222429052,6.8499703,LOW
6.198266399179147,6.5659657,LOW
6.588021735408508,6.628277,LOW
9.76291103734266,6.8271966,LOW
7.764584368839733,7.696886,LOW
9.342153560368683,7.7696633,LOW
5.938140756107659,8.060136,LOW
6.715720413438962,7.819923,LOW
6.719165411777611,8.140314,LOW
6.833369562946967,8.097578,LOW
7.506383578976713,7.912063,LOW
7.664352852919544,7.774863,LOW
4.716793122994929,7.5698323,LOW
4.688837966415868,6.9965043,LOW
5.910855862098492,6.4896755,LOW
3.949906364106253,6.4839463,LOW
2.3692220030977094,5.91759,LOW
38.21529510031869,4.8947315,LOW
39.40907262348717,36.993702,HIGH
37.28269038103011,36.853104,HIGH
37.15310309103028,37.080414,HIGH
38.29695642998941,36.62038,HIGH
35.657016157748366,36.5225,HIGH
35.72988030008423,36.17101,HIGH
37.85926029597813,34.55447,HIGH
38.26000618232959,33.992447,HIGH
36.29113578750368,34.99101,HIGH
38.10423780954974,35.17598,HIGH
39.805147976751066,36.286213,HIGH
36.728457094796404,38.06616,HIGH
38.05302127190739,37.587902,HIGH
42.106925080432134,37.63827,HIGH
39.407575793940964,39.11826,HIGH
41.36244282248745,39.93645,HIGH
41.06805883811073,40.65624,HIGH
40.8710767759118,40.877712,HIGH
39.48532617792979,41.191383,HIGH
39.748511793064374,40.51719,HIGH
40.11331392713904,38.832134,HIGH
41.00786663046336,38.80662,HIGH
40.41194588011823,38.27302,HIGH
37.69152801979574,37.738144,HIGH
42.36393191699694,36.420605,HIGH
40.271414993188976,38.559616,HIGH
38.93461617211832,37.89988,HIGH
37.93745972078348,37.869778,HIGH
36.723346666886066,37.07172,HIGH
12.949366839054322,36.034184,HIGH
12.704597914714878,9.0553875,LOW
12.178455803547317,12.155914,MEDIUM
11.937437696311735,12.408407,MEDIUM
14.27629708962666,12.058472,MEDIUM
13.442424730849918,12.406914,MEDIUM
10.43524185977884,12.96018,MEDIUM
8.940753732567584,12.445011,MEDIUM
13.49557125389985,10.926493,MEDIUM
10.14232788181967,12.005276,MEDIUM
9.131225615126118,11.304676,MEDIUM
12.598965711529234,10.803379,MEDIUM
14.780168555077077,11.256752,MEDIUM
14.83663022177164,12.620739,MEDIUM
12.30010462858781,13.405228,MEDIUM
11.614155221738523,13.454811,MEDIUM
14.12703622346033,12.981409,MEDIUM
15.86804431215926,13.575731,MEDIUM
14.837191003380502,14.314863,MEDIUM
14.926133097847034,14.5969925,MEDIUM
16.313288906463345,14.926361,MEDIUM
14.418229564323115,15.46279,MEDIUM
10.832915170815163,15.324278,MEDIUM
16.385455749212344,13.792126,MEDIUM
13.777666189011189,15.060835,MEDIUM
11.665058077603863,14.514633,MEDIUM
11.43549972204258,13.620899,MEDIUM
14.155425427787765,12.740715,MEDIUM
12.624309281591325,13.167942,MEDIUM
10.761098405274886,12.920868,MEDIUM
14.016453612495921,12.439692,MEDIUM
15.163846272164623,12.972366,MEDIUM
15.076052947548106,13.769857,MEDIUM
14.609620104974358,14.267246,MEDIUM
13.583812474771936,14.606331,MEDIUM
12.686215352767093,14.381527,MEDIUM
11.355034853058598,13.899534,MEDIUM
14.823875439167612,13.067871,MEDIUM
13.034893222570304,13.747967,MEDIUM
13.706778520809213,13.450949,MEDIUM
14.386928639121168,13.6618805,MEDIUM
13.52766517394282,13.849335,MEDIUM
13.642442747608678,13.948561,MEDIUM
15.396150453757734,13.973459,MEDIUM
15.58596396319275,14.563072,MEDIUM
16.01459094169936,15.112993,MEDIUM
14.71140474801824,15.544596,MEDIUM
17.26239232207989,15.529282,MEDIUM
16.17243367360847,16.175476,MEDIUM
16.58661765315614,16.20753,MEDIUM
16.90068235230016,16.466045,MEDIUM
15.484278423757468,16.554636,MEDIUM
15.530252378196698,16.300575,MEDIUM
17.142036488255034,15.994308,MEDIUM
16.768776043025145,16.30702,MEDIUM
11.603595613159525,16.406927,MEDIUM
15.221507288342114,14.721054,MEDIUM
14.429803394627868,14.709335,MEDIUM
14.30167624115936,14.5363865,MEDIUM
13.702620186071297,14.440157,MEDIUM
30.17920586349564,14.193254,MEDIUM
32.41102800854974,29.810703,HIGH
30.471640687014563,30.471676,HIGH
29.799009462922506,30.312243,HIGH
30.86208923566553,30.078,HIGH
29.10397193933871,30.207966,HIGH
30.12489806969863,30.044827,HIGH
31.40912238097639,29.00293,HIGH
30.374779692419633,28.968254,HIGH
29.52927939066572,29.094563,HIGH
30.58114029984595,28.593023,HIGH
31.51099473167641,28.845224,HIGH
34.41695906632754,29.86496,HIGH
33.412945041748365,31.87249,HIGH
33.030165808868475,32.847603,HIGH
34.787485506830805,33.362736,HIGH
33.87477640145789,33.83279,HIGH
32.26962565607707,34.01875,HIGH
32.483102406607735,33.534954,HIGH
32.43598146955273,32.66748,HIGH
32.86243258922025,32.35677,HIGH
31.58983077662315,32.21447,HIGH
30.90234817579441,31.30444,HIGH
31.312454778096374,29.840906,HIGH
30.024964185468043,29.735783,HIGH
30.917623312282515,28.467945,HIGH
32.173681641442926,28.048782,HIGH
32.95545461489569,28.935163,HIGH
29.606200038770368,30.718338,HIGH
28.79153313842673,29.880428,HIGH
21.086359521335645,28.70744,HIGH
25.277054670565377,20.536907,MEDIUM
25.45056710810551,21.18677,MEDIUM
21.900750375565686,22.811655,MEDIUM
22.12298608456586,21.944439,MEDIUM
20.402056663968295,21.415993,MEDIUM
21.427451711035886,20.920599,MEDIUM
21.76389510771499,20.619625,MEDIUM
20.636055545088773,20.420937,MEDIUM
22.477890770281046,20.519648,MEDIUM
21.126478872281425,21.068201,MEDIUM
21.56415453870684,21.11792,MEDIUM
22.216520396857213,21.217741,MEDIUM
21.631996428649295,21.407581,MEDIUM
23.351978246414205,21.54994,MEDIUM
24.574944656445666,22.214844,MEDIUM
24.931824638729875,23.112068,MEDIUM
23.54397736469273,23.780521,MEDIUM
22.33767843009015,23.637949,MEDIUM
24.68402075067631,23.16029,MEDIUM
23.366223224454284,23.338007,MEDIUM
22.117739291307053,23.096935,MEDIUM
25.3042924530519,22.402678,MEDIUM
23.056789749530914,23.118803,MEDIUM
21.719893999783686,23.03083,MEDIUM
22.71339051737158,22.478481,MEDIUM
21.892208947949822,21.999733,MEDIUM
21.418412881384448,21.810883,MEDIUM
19.059535148379954,21.34813,MEDIUM
22.24032255383639,20.074097,MEDIUM
3.978647661494705,20.296112,MEDIUM
3.4170951653986332,3.5735545,LOW
0.13352010622402055,2.9499168,LOW
3.662960775013145,1.3195153,LOW
1.7793235507138796,1.2705086,LOW
3.6913844410172487,1.1641126,LOW
5.0421016261211555,2.160685,LOW
2.9542496532036076,3.2870655,LOW
2.0161572027610806,3.0823474,LOW
3.168226313312415,3.071786,LOW
3.9620092613658002,3.1772287,LOW
3.7557601165676893,3.5457215,LOW
1.7593045933744698,3.7703433,LOW
4.202830682426729,3.1875856,LOW
3.634365883348366,3.2627685,LOW
3.691215746316791,3.5425117,LOW
2.766516087924428,3.7477405,LOW
4.649458604537459,3.473963,LOW
6.645359756526618,3.6842194,LOW
4.289820981317677,4.5401163,LOW
6.439981955261629,4.913763,LOW
4.929881259169779,5.2560654,LOW
6.321262960378553,5.3427477,LOW
5.468850276312354,5.8903165,LOW
4.787727670109977,6.117729,LOW
2.4923730554039913,5.959226,LOW
2.4381668484969623,5.1700783,LOW
0.9324425257999067,4.347686,LOW
3.059212575747985,3.5649507,LOW
1.6803526494723844,3.2826712,LOW
4.382987125162228,2.7498837,LOW
4.094004995041243,2.7607856,LOW
5.918812635315435,3.004821,LOW
3.600784862490742,3.7569025,LOW
2.061674430066555,4.0281425,LOW
4.584201541645921,3.8492675,LOW
4.446319943022446,4.154875,LOW
4.3057493060230545,4.481354,LOW
4.6513622160899315,4.6281495,LOW
4.207881077806649,4.5013037,LOW
5.209456007368907,4.4616804,LOW
2.112423886897085,4.8940287,LOW
3.8666956201173925,4.628495,LOW
4.179821558939932,4.3612103,LOW
6.108334000867483,4.3879776,LOW
5.331172408978375,4.856541,LOW
2.579105820877202,5.14021,LOW
6.778766861092369,4.603207,LOW
6.1798630452324765,5.1152678,LOW
6.496184735028562,5.846205,LOW
5.817135526504856,6.2930183,LOW
4.481523112968436,6.2956047,LOW
6.351617679066921,6.021968,LOW
5.789958082818387,6.2168527,LOW
7.664530797647027,6.42587,LOW
6.425787039103084,6.676895,LOW
4.64274314409465,6.7055764,LOW
2.3912744867021085,6.3154187,LOW
0.3752129871431009,5.2983027,LOW
1.2048823819048753,3.7506897,LOW
1.0224644340357987,2.8514557,LOW
3.6105064308529755,2.513054,LOW
2.5245661788313516,2.583529,LOW
3.7675685599115045,2.2586532,LOW
0.0,2.296585,LOW
2.775955327860215,1.9527699,LOW
2.751800890660382,2.300171,LOW
0.44227816173767387,2.4476502,LOW
2.0151956496193915,2.175807,LOW
0.0,1.9553648,LOW
0.0,1.5690714,LOW
1.4196659562808716,1.5034889,LOW
4.968913536165868,1.5156547,LOW
4.148878001772077,1.846624,LOW
2.3897326821885194,2.1005545,LOW
1.4707436809768115,1.9781141,LOW
5.027905336382279,2.0011358,LOW
5.989413793524756,3.2204251,LOW
2.1875964122809304,4.33513,LOW
3.0072727910895924,4.118224,LOW
6.339852087475386,3.5152888,LOW
4.765346412121486,4.2234364,LOW
2.9708258240130494,4.862112,LOW
5.818393246044511,4.635105,LOW
3.4608616570084347,4.568334,LOW
1.628599250940212,4.6191673,LOW
4.052394689001428,4.147395,LOW
0.0,4.0370684,LOW
2.116949621493765,3.0782294,LOW
2.3026214684496704,2.8206234,LOW
31.950869569270097,2.4360127,LOW
32.149751203370826,33.34046,HIGH
28.74075453102343,30.588923,HIGH
29.89262008621926,30.280159,HIGH
33.15749154234454,29.868996,HIGH
26.475163639883853,30.429447,HIGH
29.34557130312075,28.741482,HIGH
28.97574238600564,27.461742,HIGH
29.231699851063627,27.401546,HIGH
29.502470424768944,28.12025,HIGH
32.410742758491864,27.934193,HIGH
30.075620180647576,30.004936,HIGH
31.474459811465834,30.07949,HIGH
31.794302660592965,30.989943,HIGH
32.058668507947075,31.537922,HIGH
32.976061118030074,31.955818,HIGH
32.75249129851095,32.26646,HIGH
33.153015753385,32.484905,HIGH
34.63941265907871,32.569515,HIGH
33.352069276977815,32.522488,HIGH
32.097746977368665,32.453682,HIGH
32.191742499140446,31.811481,HIGH
32.53320482018489,31.12603,HIGH
31.529224278914935,31.194918,HIGH
30.744806567551347,30.67958,HIGH
32.6244640332834,29.84143,HIGH
27.256626609887505,30.383356,HIGH
29.906046638435733,27.92088,HIGH
30.7813671873381,27.65049,HIGH
29.341270775091417,27.439888,HIGH
13.079515860204253,27.71142,HIGH
11.261978622844808,11.347815,MEDIUM
14.10440898661671,10.698639,MEDIUM
11.03358317365005,13.071354,MEDIUM
9.72413484818944,12.2922325,MEDIUM
11.60141742258507,10.786476,MEDIUM
11.687531409462013,10.981443,MEDIUM
10.388152431071198,11.830681,MEDIUM
12.43391542570611,11.520159,MEDIUM
10.138412817992801,11.950422,MEDIUM
12.820362924312416,11.370821,MEDIUM
11.681173887313617,12.036945,MEDIUM
13.762793858730785,12.103611,MEDIUM
14.06078456328122,12.972824,MEDIUM
16.25061765293704,13.422504,MEDIUM
13.925109193366815,14.762375,MEDIUM
14.971710601175726,14.778473,MEDIUM
11.930150043301435,15.31661,MEDIUM
17.206152739471747,14.292746,MEDIUM
12.888170339136934,16.146675,MEDIUM
13.52932223513665,14.951149,MEDIUM
14.923680018373604,14.769575,MEDIUM
16.031612801549763,14.853842,MEDIUM
15.822296615022445,15.579937,MEDIUM
12.485143183539241,15.714262,MEDIUM
14.341764096786742,14.967686,MEDIUM
13.57612327270089,14.971718,MEDIUM
11.68555556754019,14.495415,MEDIUM
13.415248446606569,13.662357,MEDIUM
9.306720477054188,13.461206,MEDIUM
28.927036128331423,12.184841,MEDIUM
32.5224204528794,29.172655,HIGH
33.04085026585262,29.995876,HIGH
34.27611876231405,31.25338,HIGH
30.203864577593524,31.918177,HIGH
29.513361923829834,30.78753,HIGH
29.214461457089676,30.291256,HIGH
28.45614582230869,29.169815,HIGH
31.211466633923493,27.579983,HIGH
28.442441785365183,27.853552,HIGH
29.8036970909888,27.384762,HIGH
30.85722812402862,28.589842,HIGH
29.86336121583356,29.169529,HIGH
32.31601587570311,29.537687,HIGH
31.567222997319735,30.93454,HIGH
34.762771104824665,31.298485,HIGH
32.77133163662454,32.924477,HIGH
33.39275846725226,32.78841,HIGH
33.49603995714214,32.865154,HIGH
33.436784841305666,32.700993,HIGH
32.77185388468072,32.719917,HIGH
33.76768325924939,32.325497,HIGH
34.08087289565515,32.0578,HIGH
32.23239252991123,33.002182,HIGH
31.3546436350899,32.33436,HIGH
32.478743445319594,31.17114,HIGH
30.63319204020361,30.683273,HIGH
29.4166934365998,29.396097,HIGH
29.13079808766811,27.754128,HIGH
32.42557375679015,26.931911,HIGH
16.20770085907982,28.949326,HIGH
12.73432418775021,14.529152,MEDIUM
15.818681252488616,12.814583,MEDIUM
16.263257469310464,14.617603,MEDIUM
14.624866139863967,14.969454,MEDIUM
14.6066773239011,14.354418,MEDIUM
16.56081145326069,14.881485,MEDIUM
14.014261667513486,15.928434,MEDIUM
15.0995249733169,15.398386,MEDIUM
16.379627502876474,15.29208,MEDIUM
15.51656065438399,15.709133,MEDIUM
16.97725453071868,15.768696,MEDIUM
17.494169719881864,16.249779,MEDIUM
16.570085342951632,16.72524,MEDIUM
15.52661325068188,16.744326,MEDIUM
15.82506966722586,16.385353,MEDIUM
16.33852255455351,16.254555,MEDIUM
18.7612425454019,16.354301,MEDIUM
16.133224758940443,17.069412,MEDIUM
16.32049929236096,16.957596,MEDIUM
17.404776371184745,16.757671,MEDIUM
18.30133049329681,16.97562,MEDIUM
18.291738924202598,17.46487,MEDIUM
16.719139359358316,17.749624,MEDIUM
20.45728704140177,17.546711,MEDIUM
14.103776072165303,18.510445,MEDIUM
15.84187023394642,16.900692,MEDIUM
18.015926828149396,16.104635,MEDIUM
14.712124651036603,16.434008,MEDIUM
16.7236428943652,16.078512,MEDIUM
5.616212870007679,16.225353,MEDIUM
5.0233829295305,4.9066296,LOW
7.468622427366276,4.7335677,LOW
3.0379032016856797,5.2536306,LOW
2.2757285588508633,4.523219,LOW
2.970527142362686,3.3547919,LOW
1.8389807107217777,3.5872288,LOW
5.212320162915971,3.631281,LOW
1.5686702728111168,4.0571632,LOW
6.239804700772471,3.344748,LOW
4.291622442129645,3.91681,LOW
2.5154697820374086,4.2335534,LOW
2.7598208459695854,4.0933747,LOW
4.698422795211307,3.785255,LOW
5.704162614433534,3.9876723,LOW
3.9284835965329066,4.6288266,LOW
6.977316511565572,4.6170645,LOW
6.16875483828486,5.020941,LOW
9.063795881849636,5.512947,LOW
6.214628981518844,6.8005786,LOW
6.8538008808562445,7.013472,LOW
6.721783110665102,7.1317725,LOW
5.613555448438257,7.191728,LOW
4.816036937738321,7.256896,LOW
3.767719173849004,6.753137,LOW
6.267675018188147,5.860505,LOW
3.610867647762843,5.9092383,LOW
4.747539584038705,5.517906,LOW
3.5926866305313396,5.242322,LOW
4.587610636191307,4.8357725,LOW
6.92195294472677,4.752076,LOW
6.841409842968736,5.288346,LOW
5.085097310524304,5.8461237,LOW
3.4496804252250524,5.8797317,LOW
4.079821916784136,5.3703036,LOW
3.3720373408946713,5.126487,LOW
3.596369420632568,4.785267,LOW
3.0551515594807626,4.5052247,LOW
5.9981529349557725,4.102785,LOW
7.329716473679547,4.41113,LOW
4.14620586044181,5.260159,LOW
5.629635573890336,5.366151,LOW
6.612729805496466,5.427329,LOW
5.829973055253642,5.9534106,LOW
3.5005080653258362,6.3571897,LOW
8.819020938912264,5.8700175,LOW
7.669446864088286,6.5934997,LOW
5.116268397898075,7.0426936,LOW
7.907676989261978,6.982507,LOW
5.926609734260284,7.1204553,LOW
6.838769775572448,7.2161937,LOW
6.669179733357009,7.230228,LOW
10.37503692650692,7.351153,LOW
5.1767225737325635,8.098995,LOW
5.561855261648768,7.2214265,LOW
5.706157714611348,6.986068,LOW
2.6208007282122736,6.86297,LOW
6.107156083901063,5.494458,LOW
3.1597497129555023,5.6892047,LOW
3.4984526805163148,5.1640987,LOW
2.998782739055038,4.6747513,LOW
3.08238127676956,4.3342853,LOW
2.392954293977949,3.9235659,LOW
0.0,3.7393723,LOW
1.813173780733747,2.461699,LOW
1.6270312044008577,2.2962115,LOW
0.7650875587113593,2.0914354,LOW
0.12590882465076803,1.7429684,LOW
0.418102820621284,1.4981631,LOW
1.266872049934399,1.3676261,LOW
0.41015307561064773,1.4818017,LOW
3.519128960902826,1.4934224,LOW
2.7833475590812764,1.6183791,LOW
1.4870518649892634,1.7256029,LOW
5.5057408476170995,1.8071715,LOW
3.125523244129335,2.7942166,LOW
0.37359253618458865,3.072258,LOW
3.9258468396583552,2.7867386,LOW
0.6959438394481374,3.036456,LOW
5.760704622516246,2.7450433,LOW
4.618679392919623,3.7255874,LOW
2.6455099936318227,3.7539597,LOW
4.921212079047304,3.5054827,LOW
3.3316913731437623,3.8124244,LOW
3.224285934358349,4.0059824,LOW
4.536661785723467,4.0498257,LOW
1.8481160431738477,4.1912856,LOW
0.0,3.6950054,LOW
1.6098659626223544,2.6033144,LOW
1.431395428923583,2.3128047,LOW
16.850284891614685,2.0843945,LOW
18.929016019622523,17.957703,MEDIUM
19.13830182523346,17.64482,MEDIUM
17.82419006760618,18.003817,MEDIUM
15.790378702832548,18.174723,MEDIUM
15.22605004025602,17.649014,MEDIUM
17.122333549828873,17.079678,MEDIUM
16.860246383644153,16.83138,MEDIUM
15.608384612245835,16.80608,MEDIUM
17.580333903737802,16.512573,MEDIUM
18.896332618286593,17.106743,MEDIUM
16.49843472664022,18.081633,MEDIUM
18.35724417902789,17.783848,MEDIUM
19.066706499386747,18.142075,MEDIUM
20.212947303414847,18.727638,MEDIUM
21.616075413676164,19.392416,MEDIUM
21.25410946630094,20.263397,MEDIUM
18.584353008524396,20.844227,MEDIUM
20.942354811720598,20.288727,MEDIUM
22.778025072262984,20.59341,MEDIUM
19.443081865089717,21.377077,MEDIUM
18.489015338057833,20.626976,MEDIUM
18.122451517478233,19.743406,MEDIUM
19.84048141777617,18.918703,MEDIUM
18.038352974559483,19.136368,MEDIUM
15.944431099771766,18.62582,MEDIUM
17.837484011473606,17.761793,MEDIUM
18.048369467778116,17.708294,MEDIUM
16.433911997835708,17.805159,MEDIUM
20.136978080063656,17.316788,MEDIUM
24.88295139814413,18.614624,MEDIUM
26.867338087819974,21.405544,MEDIUM
26.578051051856825,24.220032,MEDIUM
26.47725182308639,24.949423,MEDIUM
24.416132108288412,25.218334,HIGH
24.759593726363676,24.932209,MEDIUM
28.47012010250515,24.65309,MEDIUM
25.688777483662946,25.824757,HIGH
23.54726752424895,25.400703,HIGH
24.556158593570657,24.61188,MEDIUM
24.615145943600034,24.185081,MEDIUM
27.534811901480424,24.254715,MEDIUM
25.431807581484765,25.559238,HIGH
27.675191964662623,25.414753,HIGH
27.369044738953328,26.18401,HIGH
28.675383838094227,26.372444,HIGH
31.203679792992766,27.12362,HIGH
28.25251458549412,28.783012,HIGH
29.485918535195797,28.764454,HIGH
30.7433467230807,29.322845,HIGH
30.033325711871,29.675201,HIGH
25.222266818363558,29.159096,HIGH
27.662435288359738,26.647858,HIGH
26.21262337376657,26.165197,HIGH
29.18239985857314,25.81511,HIGH
27.306226125915643,26.54783,HIGH
25.98022844324788,26.019968,HIGH
27.77367383445658,25.690163,HIGH
27.25524239321502,26.086754,HIGH
26.622104812196284,25.773752,HIGH
0.0,25.94168,HIGH
0.0,-0.044712067,LOW
0.0,-0.10786235,LOW
0.0,0.33912063,LOW
0.0,0.2883886,LOW
0.0,0.3690387,LOW
0.0,0.6515285,LOW
0.0,0.72507465,LOW
0.0,0.7126112,LOW
0.0,0.7614155,LOW
0.0,0.7548871,LOW
0.0,0.72166586,LOW
0.0,0.66444397,LOW
0.0,0.7235769,LOW
0.0,0.65710294,LOW
0.0,0.6332967,LOW
0.0,0.6368003,LOW
0.0,0.6649951,LOW
0.0,0.64366066,LOW
0.0,0.62827337,LOW
0.0,0.67210186,LOW
0.0,0.76908743,LOW
0.0,0.6881782,LOW
0.0,0.72199273,LOW
0.0,0.7077954,LOW
0.0,0.7689959,LOW
0.0,0.6488693,LOW
0.0,0.7471211,LOW
0.0,0.75317967,LOW
0.0,0.7910093,LOW
14.323090920048248,0.7282529,LOW
14.580109429642627,15.77486,MEDIUM
11.997477987351637,12.614576,MEDIUM
11.48325689094286,11.8210945,MEDIUM
14.913348813480095,11.662827,MEDIUM
12.564512028685066,11.532415,MEDIUM
12.16989919355896,12.042534,MEDIUM
11.721926628972982,13.031517,MEDIUM
14.092660378489015,12.681555,MEDIUM
12.812385229077876,13.188671,MEDIUM
13.378038523212776,13.097507,MEDIUM
13.646417112304416,13.296682,MEDIUM
13.841849318931077,13.344896,MEDIUM
15.72077304249512,13.672668,MEDIUM
15.088730201427733,14.317526,MEDIUM
14.904918979846427,14.829428,MEDIUM
16.3146950713893,15.114317,MEDIUM
16.1357201330416,15.67321,MEDIUM
15.912883733810874,16.014387,MEDIUM
16.647418528960024,16.045588,MEDIUM
16.532911870925535,16.301937,MEDIUM
15.609057780531131,16.433641,MEDIUM
16.611310646856673,16.189795,MEDIUM
15.862090989582562,16.315178,MEDIUM
14.657958323588343,16.21164,MEDIUM
14.853432002527882,15.765581,MEDIUM
11.901865803434008,15.464582,MEDIUM
14.450114958318057,14.232723,MEDIUM
13.859173158035851,14.112757,MEDIUM
12.011788405003816,14.034044,MEDIUM
12.378079912401924,13.499056,MEDIUM
11.826037520829484,13.997944,MEDIUM
11.964041463053594,13.808002,MEDIUM
13.317877128860264,13.63307,MEDIUM
11.349714702374804,13.609285,MEDIUM
12.21630014318296,12.936029,MEDIUM
12.268972009652744,12.854212,MEDIUM
13.01724124047613,12.789717,MEDIUM
11.250812041468404,12.955185,MEDIUM
13.05568897684676,12.694435,MEDIUM
12.369125561738539,13.029808,MEDIUM
11.899852751332977,13.009256,MEDIUM
15.915112762384627,12.874739,MEDIUM
14.901939251925869,14.011093,MEDIUM
17.46968672905163,14.59149,MEDIUM
18.11627484013391,16.043962,MEDIUM
14.601986345253307,16.820824,MEDIUM
16.657743545115352,16.531162,MEDIUM
15.590135206079818,16.657417,MEDIUM
14.89266698866368,16.506754,MEDIUM
17.351707379645816,16.185972,MEDIUM
19.352597211770107,16.559898,MEDIUM
15.752323898393856,17.693953,MEDIUM
15.02675971726567,17.22536,MEDIUM
12.459006859970824,16.47901,MEDIUM
13.084467127323498,15.174446,MEDIUM
15.895805979254604,14.347305,MEDIUM
13.090084378642985,14.863567,MEDIUM
14.384230740744512,14.393015,MEDIUM
17.119994250297534,14.650589,MEDIUM
16.07471079894222,15.6710205,MEDIUM
15.849931861902483,16.016964,MEDIUM
14.920337942823311,16.20995,MEDIUM
16.466677619602656,15.988007,MEDIUM
17.7339479977977,16.27305,MEDIUM
16.467786118058548,16.783953,MEDIUM
18.274572290422697,16.750057,MEDIUM
15.566110221557222,17.244352,MEDIUM
16.099376188407717,16.830902,MEDIUM
17.40201299327964,16.549273,MEDIUM
16.920350449909193,16.726402,MEDIUM
14.91432280675198,16.875536,MEDIUM
14.239270416005564,16.346254,MEDIUM
18.16640721035104,15.646254,MEDIUM
19.776237236598366,16.779276,MEDIUM
15.688816517459205,17.778688,MEDIUM
15.5184335439064,17.349724,MEDIUM
19.744387111364514,16.869484,MEDIUM
18.082164704774563,18.003227,MEDIUM
18.531199652827254,18.059052,MEDIUM
18.195173023742118,18.277103,MEDIUM
18.371998079471638,18.341942,MEDIUM
17.81403346147487,18.576271,MEDIUM
19.415612076048514,18.253899,MEDIUM
18.822225468087638,18.601692,MEDIUM
19.06722343906077,18.570063,MEDIUM
18.454292511625404,18.728397,MEDIUM
18.21456504828987,18.700184,MEDIUM
16.7087726743133,18.415766,MEDIUM
15.156007493566234,17.691143,MEDIUM
18.481633327155556,16.622337,MEDIUM
17.289410980255056,16.538881,MEDIUM
15.652162653360232,16.504906,MEDIUM
15.248367536927901,16.190407,MEDIUM
15.508997752178274,15.8373375,MEDIUM
14.260991592415868,15.891415,MEDIUM
15.973103648240894,15.403646,MEDIUM
16.6930895835172,15.6753235,MEDIUM
16.7231139143801,16.046791,MEDIUM
13.932084674966585,16.263475,MEDIUM
18.378177123518295,15.535189,MEDIUM
19.103690619089043,16.697378,MEDIUM
18.159012105754055,17.407621,MEDIUM
17.696723771698736,17.893944,MEDIUM
17.707657227353923,17.930527,MEDIUM
17.143025254150174,17.923983,MEDIUM
18.782835464360474,17.570179,MEDIUM
18.164771653792272,17.772614,MEDIUM
18.881648610185128,17.963741,MEDIUM
18.252028580242996,18.270649,MEDIUM
19.91958775041623,18.236055,MEDIUM
21.521932899452025,18.837374,MEDIUM
20.019538728332215,19.756691,MEDIUM
19.213448286888983,19.850122,MEDIUM
18.36288765605074,19.515005,MEDIUM
16.94280769849278,18.724922,MEDIUM
14.41533858636989,17.795227,MEDIUM
16.226001572728425,15.829542,MEDIUM
16.310981660663302,15.572302,MEDIUM
16.59991174184024,15.839783,MEDIUM
14.517635231097362,16.103363,MEDIUM
14.281558180797177,15.922173,MEDIUM
15.711909790517945,15.558847,MEDIUM
14.044850136796102,15.73737,MEDIUM
12.037462743833714,15.1701355,MEDIUM
12.13347002828224,14.049168,MEDIUM
13.335227786178118,13.402412,MEDIUM
11.79684480348564,13.363665,MEDIUM
10.903874888531277,12.859503,MEDIUM
14.087415217027027,12.263874,MEDIUM
12.26329524633594,13.025478,MEDIUM
16.78865167129632,12.907791,MEDIUM
14.264714143068778,14.445164,MEDIUM
14.32256552961669,14.551331,MEDIUM
16.886338659063348,14.843765,MEDIUM
16.490521131342277,15.72427,MEDIUM
13.22159473670477,16.232512,MEDIUM
14.976439819380396,15.405529,MEDIUM
15.520153915268704,15.408009,MEDIUM
17.090584007395275,15.530088,MEDIUM
18.899289672244212,16.023394,MEDIUM
17.071089638991946,16.945711,MEDIUM
17.42769199931905,17.257359,MEDIUM
18.43150790757548,17.446611,MEDIUM
16.753887647065316,17.805145,MEDIUM
16.515680943793157,17.561588,MEDIUM
13.625705760151165,16.95254,MEDIUM
12.25960293646396,15.731512,MEDIUM
13.169995093975796,14.336185,MEDIUM
13.50587008891471,13.665861,MEDIUM
13.687179670307657,13.523529,MEDIUM
15.419043713193414,14.413868,MEDIUM
15.41336614268619,15.436495,MEDIUM
13.09600852551583,15.91534,MEDIUM
14.291980546930404,15.325514,MEDIUM
15.009102966133966,15.294828,MEDIUM
12.38318695163446,15.295504,MEDIUM
14.61801490323447,14.354532,MEDIUM
13.75263086244992,14.764776,MEDIUM
15.302493125032003,14.701471,MEDIUM
14.602920774815015,15.194931,MEDIUM
16.673693606001763,15.170475,MEDIUM
13.81471926777304,16.02528,MEDIUM
15.636199637080178,15.528702,MEDIUM
15.790313848026907,15.947599,MEDIUM
15.44495955865391,16.154894,MEDIUM
15.704981769487764,16.129173,MEDIUM
15.616615931243157,16.19269,MEDIUM
16.169747198592038,16.233446,MEDIUM
15.364575812396064,16.376965,MEDIUM
16.468517561457958,16.235722,MEDIUM
18.144923969490506,16.565273,MEDIUM
16.522678195720772,17.179953,MEDIUM
16.27425324926618,17.0651,MEDIUM
11.494162909045281,17.147747,MEDIUM
15.388110145955633,14.403147,MEDIUM
14.98338530702461,15.359915,MEDIUM
14.439676624219029,14.865868,MEDIUM
13.485412510106455,14.793631,MEDIUM
11.521810471939773,14.710787,MEDIUM
28.248161219567606,13.865654,MEDIUM
25.91048077978408,27.157373,HIGH
27.91049947510284,25.308517,HIGH
25.310925798576207,26.674608,HIGH
26.82613420213368,25.607365,HIGH
24.623399075803725,25.731335,HIGH
27.610850925413096,24.668701,MEDIUM
28.154363324260448,25.332985,HIGH
24.405763007940635,25.89235,HIGH
24.57603957675051,25.310516,HIGH
27.472836554295217,24.629492,MEDIUM
27.28672897166375,25.411953,HIGH
25.855412062976647,25.827534,HIGH
26.670544100509332,25.675028,HIGH
29.829851929675716,26.020073,HIGH
24.709321930681778,27.550459,HIGH
30.151837563710107,26.251453,HIGH
28.196043196685203,28.067753,HIGH
27.806410995591705,27.845764,HIGH
30.08280986257563,27.742722,HIGH
28.948047611501785,28.071035,HIGH
30.378788856787985,28.142933,HIGH
29.05364603099812,28.681248,HIGH
28.434881394933974,28.665253,HIGH
24.542829062459205,28.421476,HIGH
26.409782894776093,25.078995,HIGH
24.573946562007222,25.222448,HIGH
27.175739085545874,24.299437,MEDIUM
27.988113705207738,24.619091,MEDIUM
26.218085985314993,25.379498,HIGH
4.955130946234872,25.734968,HIGH
6.436148825085294,4.463166,LOW
3.189087818263193,4.681404,LOW
1.4686559659534577,3.9450405,LOW
2.821587307991045,2.3742979,LOW
2.854217349459798,1.3362495,LOW
2.907219591864333,1.709293,LOW
4.2450270170421565,3.3920944,LOW
4.2883230720270475,3.317152,LOW
3.469795232724316,3.2522955,LOW
2.934432446322216,3.5181165,LOW
4.903049789723452,3.5522919,LOW
2.202969885417968,3.9611037,LOW
5.339371540851417,3.880105,LOW
5.707112131336061,4.3096695,LOW
6.663431666590899,4.72264,LOW
4.588280698624626,5.387414,LOW
6.506744473059491,5.5389853,LOW
6.6119509821412485,5.9077024,LOW
3.822992062381667,6.2925496,LOW
6.360538234778705,6.165842,LOW
9.137134270925992,6.257574,LOW
5.1170325399483545,6.975674,LOW
4.045111656280856,6.803951,LOW
4.779793109017692,6.1467113,LOW
5.887511016905901,5.8568616,LOW
3.0928539472297985,6.0734696,LOW
0.35825726555021653,5.4996967,LOW
2.621773325041991,3.9340417,LOW
2.345964937456012,3.454173,LOW
30.056315680546717,3.1561904,LOW
33.24400339621742,31.0327,HIGH
32.3461461178038,30.407873,HIGH
30.417223898502474,31.057734,HIGH
30.319976147107607,30.456081,HIGH
30.63143093809028,29.959835,HIGH
32.029051145337,29.600391,HIGH
31.623710231902777,29.23813,HIGH
30.528452378677436,29.670456,HIGH
31.572157569319597,30.212605,HIGH
32.64622558660646,30.561806,HIGH
31.44180921074703,31.0775,HIGH
30.76511501214346,30.962486,HIGH
32.60829353600336,30.211987,HIGH
32.26456020922507,31.140055,HIGH
32.48437011534699,31.426601,HIGH
35.432226444194505,31.476746,HIGH
36.12491142158305,32.940395,HIGH
34.21440886710631,34.45145,HIGH
33.39713955196229,34.35664,HIGH
32.3838833184105,33.68359,HIGH
37.009512152503085,33.270496,HIGH
32.67815731877309,34.30253,HIGH
31.70890820644052,32.69925,HIGH
31.824047540126802,31.481583,HIGH
33.8241574275141,30.789078,HIGH
36.84029056526007,30.756119,HIGH
29.98751365656566,32.03178,HIGH
33.22341836098625,30.552837,HIGH
31.998764533581674,31.68502,HIGH
0.0,31.334013,HIGH
0.0,0.6324419,LOW
0.0,0.10220599,LOW
0.0,0.08676052,LOW
0.0,0.17980587,LOW
0.0,0.24787164,LOW
0.0,0.49973917,LOW
0.0,0.76336074,LOW
0.0,0.77148604,LOW
0.0,0.740924,LOW
0.0,0.73613346,LOW
0.0,0.7700118,LOW
0.0,0.6843213,LOW
0.0,0.71083915,LOW
0.0,0.7923807,LOW
0.0,0.6842692,LOW
0.0,0.73522246,LOW
0.0,0.77264595,LOW
0.0,0.6812848,LOW
0.0,0.7378756,LOW
0.0,0.76799345,LOW
0.0,0.724102,LOW
0.0,0.7059605,LOW
0.0,0.74989295,LOW
0.0,0.78145075,LOW
0.0,0.79444444,LOW
0.0,0.731568,LOW
0.0,0.75551987,LOW
0.0,0.71769404,LOW
0.0,0.708223,LOW
23.65365733132233,0.7161288,LOW
23.303774141666672,25.893782,HIGH
22.40900102564149,22.062424,MEDIUM
21.614728787477425,21.742598,MEDIUM
20.620146205236516,21.946629,MEDIUM
21.109213624604386,21.40185,MEDIUM
19.46258788904179,21.077518,MEDIUM
21.554521271424733,20.050102,MEDIUM
21.718251898211598,20.513412,MEDIUM
22.66169304981885,20.841797,MEDIUM
23.984360975118108,21.569801,MEDIUM
21.096932485890278,22.456234,MEDIUM
23.131087395282503,22.22271,MEDIUM
21.47269766304331,22.502356,MEDIUM
23.038984741130708,22.023296,MEDIUM
26.30273741582496,22.277794,MEDIUM
25.904916997580564,23.891441,MEDIUM
26.969423800681888,24.850426,MEDIUM
26.173811427739818,25.642712,HIGH
23.7971246332649,25.627483,HIGH
23.579937145715874,24.882116,MEDIUM
24.71237383703553,23.943363,MEDIUM
26.01186974616165,23.653316,MEDIUM
25.452618712459408,24.230227,MEDIUM
24.20783058286763,24.51188,MEDIUM
19.499840020329394,24.373125,MEDIUM
23.1802667896915,20.582905,MEDIUM
23.323122241983704,21.716793,MEDIUM
22.76871024853714,21.924545,MEDIUM
20.233945296588693,21.990385,MEDIUM
23.31515242494943,21.308702,MEDIUM
20.89233451772107,21.201504,MEDIUM
23.516615458916164,20.503965,MEDIUM
23.63078652317892,21.326088,MEDIUM
22.521098199566975,21.975811,MEDIUM
20.011727059541375,22.339998,MEDIUM
18.831771007280267,21.485428,MEDIUM
21.569413929533376,19.98352,MEDIUM
22.271229902542412,19.888908,MEDIUM
20.335087439487037,20.5615,MEDIUM
21.471823337451184,20.643682,MEDIUM
22.888817485175892,20.803555,MEDIUM
24.128927156954628,21.507763,MEDIUM
22.12217854205836,22.682076,MEDIUM
22.892972077671722,22.575756,MEDIUM
24.835901163531577,22.56672,MEDIUM
23.79874309815399,23.224085,MEDIUM
25.080787620605395,23.515179,MEDIUM
24.7699484168089,23.971954,MEDIUM
24.240542063429118,24.211147,MEDIUM
25.380862455531464,24.039448,MEDIUM
24.212247291389208,24.139763,MEDIUM
24.84773044348701,24.096703,MEDIUM
24.084041879948288,24.054356,MEDIUM
23.073156637926736,23.806334,MEDIUM
23.50116792975283,23.280466,MEDIUM
24.199238339392966,22.886395,MEDIUM
22.05770330449328,22.998917,MEDIUM
23.669267460066568,22.519672,MEDIUM
23.597985342177935,22.607567,MEDIUM
22.430132787785233,22.791233,MEDIUM
19.478115315845656,22.63653,MEDIUM
22.555485568880393,20.774733,MEDIUM
18.278860512900792,20.978874,MEDIUM
18.5690389703636,19.931005,MEDIUM
19.840375700708986,18.507652,MEDIUM
22.660587129171184,18.454983,MEDIUM
19.071931356219515,20.226423,MEDIUM
19.982329081103217,19.98116,MEDIUM
21.601833320878878,19.78278,MEDIUM
22.672644507948743,20.178152,MEDIUM
20.5411088984306,21.147194,MEDIUM
20.817388419631335,20.942734,MEDIUM
21.399886464778913,20.856884,MEDIUM
23.737288667946725,21.042637,MEDIUM
21.504171358523298,21.980808,MEDIUM
22.271043883739424,21.847954,MEDIUM
25.37224372761701,21.916384,MEDIUM
23.283109142711027,23.113512,MEDIUM
22.731976039062072,23.169764,MEDIUM
24.77020178161349,22.849672,MEDIUM
24.928894253676802,23.31865,MEDIUM
23.016110754353356,23.832403,MEDIUM
23.148641869328937,23.299162,MEDIUM
19.534615148745626,22.908777,MEDIUM
22.38171211985721,21.170143,MEDIUM
23.735585654505428,20.892027,MEDIUM
18.489615272669273,21.53309,MEDIUM
21.459580943695734,20.6282,MEDIUM
21.15076042539292,20.123253,MEDIUM
19.845218443114092,20.363419,MEDIUM
16.36980135134033,20.82185,MEDIUM
15.169359883772401,17.322989,MEDIUM
17.701334966532137,15.47422,MEDIUM
18.11218868469787,16.795618,MEDIUM
16.480651946560116,17.095936,MEDIUM
15.7104886931707,17.129885,MEDIUM
14.567429073291578,16.631432,MEDIUM
16.298814785259125,16.085049,MEDIUM
14.942190556187505,16.193062,MEDIUM
15.159024417245456,15.822149,MEDIUM
15.732942757467065,15.762642,MEDIUM
15.715159750354747,15.932245,MEDIUM
19.17132750493485,16.169891,MEDIUM
18.548546964457852,17.145618,MEDIUM
17.63280162484633,17.890434,MEDIUM
19.303864433358182,18.195223,MEDIUM
17.848945469450562,18.781143,MEDIUM
19.785730999886088,18.61542,MEDIUM
18.49576132999786,19.019596,MEDIUM
21.365469435553067,18.79736,MEDIUM
19.87419242997465,19.680712,MEDIUM
18.068285479596916,19.743397,MEDIUM
19.399726527065383,19.24888,MEDIUM
17.353432703195523,18.970001,MEDIUM
16.996774941691854,18.319126,MEDIUM
17.793585476928875,17.742176,MEDIUM
16.639846111403447,17.426283,MEDIUM
17.22634290862078,17.246468,MEDIUM
16.451294516601507,17.281076,MEDIUM
26.991233147350115,17.009197,MEDIUM
26.106877871895325,24.129238,MEDIUM
26.148160060499457,25.093815,HIGH
26.496017062525915,25.529821,HIGH
27.198447230446778,25.748299,HIGH
26.54834547888795,26.17147,HIGH
28.04560578006782,25.834126,HIGH
24.963120362223886,26.383392,HIGH
24.48456055998004,25.756994,HIGH
27.614341044997655,24.769884,MEDIUM
26.151654404004496,25.091888,HIGH
27.75976434516094,25.237633,HIGH
27.407216386252305,25.891832,HIGH
25.63503558407568,26.355225,HIGH
29.25410987535116,26.139889,HIGH
26.604730053792238,26.93499,HIGH
30.336322993960323,26.726624,HIGH
30.112323177335732,28.122864,HIGH
28.318950336994014,28.790642,HIGH
30.32353036325059,28.860851,HIGH
31.573467886648565,29.285126,HIGH
30.54025623969635,29.839132,HIGH
28.355783459812034,29.719454,HIGH
29.441503310956573,28.695759,HIGH
26.834094008729224,28.312199,HIGH
28.012002163706953,27.198162,HIGH
28.626161406136713,26.363987,HIGH
25.98061441101624,26.24528,HIGH
26.543599338458225,25.871838,HIGH
27.439051816649055,25.468899,HIGH
15.502716801039739,25.610907,HIGH
13.57894851456005,13.8617935,MEDIUM
10.922655721743936,12.704973,MEDIUM
14.7819961950577,12.584816,MEDIUM
16.671544799097354,13.811945,MEDIUM
14.146429345521915,14.168844,MEDIUM
13.551201714907023,14.571121,MEDIUM
11.260881061032503,14.556963,MEDIUM
13.763789558673377,13.547768,MEDIUM
12.183150153790406,13.747116,MEDIUM
16.01560270085708,13.265209,MEDIUM
13.726838467850888,14.203949,MEDIUM
14.440840987264547,14.121557,MEDIUM
14.715400126579302,14.433195,MEDIUM
15.07245258547913,14.66007,MEDIUM
18.46959634151628,15.087494,MEDIUM
19.330506573147353,16.382252,MEDIUM
16.924544604335605,17.45739,MEDIUM
17.067039017453748,17.621878,MEDIUM
17.378389800395045,17.565176,MEDIUM
19.47803758878675,17.397936,MEDIUM
17.69899527078555,18.17846,MEDIUM
17.77072017740616,17.998411,MEDIUM
16.115950378199322,17.856895,MEDIUM
16.216481947438552,17.148972,MEDIUM
14.986485541091055,16.593447,MEDIUM
17.339295392799336,15.853077,MEDIUM
14.747033528617214,16.294535,MEDIUM
13.926076059143613,15.780611,MEDIUM
12.25668646244246,15.281172,MEDIUM
36.62337178298962,14.14381,MEDIUM
32.63217854635231,37.157078,HIGH
33.07106522263993,33.070854,HIGH
33.66354807902873,32.90167,HIGH
34.47870981259049,32.777042,HIGH
27.569996112272023,32.890217,HIGH
34.25393398086728,30.93119,HIGH
30.741219862334617,29.338064,HIGH
31.681577276290838,29.059286,HIGH
32.76069049253095,29.855888,HIGH
32.78487831102396,31.035398,HIGH
34.34676940885987,31.888618,HIGH
36.723024184932,32.889317,HIGH
32.91763416056978,34.079014,HIGH
33.19880089161282,34.328003,HIGH
33.279875334159584,34.21491,HIGH
37.7066736186158,33.748096,HIGH
34.886453217434266,35.274696,HIGH
36.29247912096006,35.146965,HIGH
34.63477054820373,34.838917,HIGH
35.90000655421841,34.998615,HIGH
37.16041158630734,34.949722,HIGH
32.98198260086132,35.020893,HIGH
34.602009372339964,32.753277,HIGH
36.22471663194393,33.53444,HIGH
35.23336271024814,33.105797,HIGH
36.497424045525875,33.063004,HIGH
32.95308620409628,32.864273,HIGH
31.246302558841705,31.774559,HIGH
32.63283782803996,30.607897,HIGH
20.55919430986814,29.346292,HIGH
17.633747257328473,20.007889,MEDIUM
15.744020455778827,18.177315,MEDIUM
12.872099514752758,16.88399,MEDIUM
18.706496115321425,15.176905,MEDIUM
16.533427357365863,16.762463,MEDIUM
18.328214965070746,16.394297,MEDIUM
16.17540366804671,17.162455,MEDIUM
15.610781108728574,16.883759,MEDIUM
16.031054825033404,16.538286,MEDIUM
17.093220144311793,16.233286,MEDIUM
18.153048906348392,16.492569,MEDIUM
18.99553936134108,17.091768,MEDIUM
16.365222388285268,17.961893,MEDIUM
16.912824170552838,17.587019,MEDIUM
19.16422004495174,17.348877,MEDIUM
19.54866464067318,17.992006,MEDIUM
20.186485260912157,18.60456,MEDIUM
19.895451335586046,19.277214,MEDIUM
18.632208545999436,19.544165,MEDIUM
19.258042924310324,19.155495,MEDIUM
18.561704118627354,18.917467,MEDIUM
20.60546001562613,18.52751,MEDIUM
18.966634586589954,19.148577,MEDIUM
19.692799572416728,18.947563,MEDIUM
18.69062057349083,19.13429,MEDIUM
19.12738519479563,18.803207,MEDIUM
16.9398789430545,18.828407,MEDIUM
16.535889615739418,17.908295,MEDIUM
17.09386790708397,17.230183,MEDIUM
23.725035636950647,16.913435,MEDIUM
21.987417291875992,20.92701,MEDIUM
22.438927669331616,21.544777,MEDIUM
20.12529402984428,22.118387,MEDIUM
21.382168489892997,21.606339,MEDIUM
21.825586149729258,21.402748,MEDIUM
19.900335486334935,21.094135,MEDIUM
18.038528030066036,20.432686,MEDIUM
19.734134570276538,19.07441,MEDIUM
23.347412739334587,18.739794,MEDIUM
23.284496303567956,20.787,MEDIUM
21.018569973084954,21.99296,MEDIUM
23.852447868965836,21.624374,MEDIUM
25.859015954279993,22.39889,MEDIUM
21.63058228081493,23.831793,MEDIUM
24.038720643353678,23.223839,MEDIUM
24.351721888750767,23.267624,MEDIUM
23.473267724937212,23.540306,MEDIUM
27.665436520234323,23.541943,MEDIUM
24.913558969323987,25.096292,HIGH
24.015234287535513,24.875324,MEDIUM
21.893668292500823,24.62841,MEDIUM
24.65459206893891,23.236889,MEDIUM
21.62177258548992,23.228058,MEDIUM
21.432456731386587,22.030933,MEDIUM
21.81254635498771,21.426365,MEDIUM
21.3801532918678,21.114315,MEDIUM
22.418250792317686,21.038044,MEDIUM
23.53567453712144,21.287426,MEDIUM
20.851782391363347,21.988642,MEDIUM
19.015607948267558,21.529316,MEDIUM
21.412336792547826,20.913237,MEDIUM
21.881486363968136,21.311985,MEDIUM
20.257132860083516,21.674294,MEDIUM
19.06746883120918,21.29507,MEDIUM
17.89757923601203,20.319363,MEDIUM
18.52852568727914,19.146494,MEDIUM
18.990968567580623,18.571484,MEDIUM
19.699514701259446,18.44917,MEDIUM
18.633579731099125,19.035723,MEDIUM
20.026845284457806,19.126991,MEDIUM
20.868433969868097,19.443523,MEDIUM
19.47469027867102,19.905195,MEDIUM
18.734633077400442,19.841373,MEDIUM
22.34135326319514,19.402985,MEDIUM
22.386550504315935,20.656048,MEDIUM
19.761482699040034,21.464512,MEDIUM
23.922815378886792,21.20551,MEDIUM
23.212523361858516,22.365973,MEDIUM
23.05824619695786,22.6418,MEDIUM
22.573248432384048,22.977558,MEDIUM
22.354234406001094,22.711351,MEDIUM
19.318330023009622,22.591476,MEDIUM
21.632043006858545,21.313969,MEDIUM
18.54914155966359,20.926155,MEDIUM
18.930438842717766,19.592728,MEDIUM
20.808919882751304,19.098934,MEDIUM
19.50453819562614,19.397114,MEDIUM
16.416096371021283,19.383924,MEDIUM
17.696445744559014,18.250118,MEDIUM
5.487635195265443,17.765877,MEDIUM
2.0227407883831345,3.4739873,LOW
3.685309953892973,2.5531468,LOW
2.1714323328109586,1.5218374,LOW
5.225844716682468,1.612785,LOW
3.3289391035273783,2.7965639,LOW
4.696052431671979,3.6938207,LOW
1.1217748683641862,4.075482,LOW
2.951294920906977,3.4524345,LOW
4.752083483162154,3.4318075,LOW
3.9305132815277286,3.83186,LOW
4.846689811115747,4.0144863,LOW
7.976532934954402,4.0673285,LOW
6.794490254359761,4.8964767,LOW
5.959549016827271,5.8184433,LOW
4.3278979106864846,6.3700676,LOW
4.882358727874458,6.029821,LOW
5.219986580958378,5.855345,LOW
9.000614945358233,5.9489655,LOW
5.563522208749272,6.8363867,LOW
3.9478319131650252,6.623757,LOW
8.531043347796679,6.0088215,LOW
6.420277362162329,6.680781,LOW
6.984596130091247,7.033726,LOW
1.888913786647242,7.1864667,LOW
6.477857197462648,5.682051,LOW
3.636127608126248,5.812834,LOW
4.1494352204800835,5.45296,LOW
4.007521730026296,5.180593,LOW
3.126651111162535,4.9072304,LOW
16.898840579725565,4.389389,LOW
13.388732590089791,16.960136,MEDIUM
14.228776510322374,15.236782,MEDIUM
10.833441198045154,14.374153,MEDIUM
14.55852785485705,13.273775,MEDIUM
12.78226094145915,13.658411,MEDIUM
13.026854866713625,13.366814,MEDIUM
11.683080793616018,13.288084,MEDIUM
13.427810595481771,12.838915,MEDIUM
12.600823415591483,13.118824,MEDIUM
14.885624280954733,12.965904,MEDIUM
13.25621934214473,13.56008,MEDIUM
13.419824332476496,13.522594,MEDIUM
12.218915530227791,13.763863,MEDIUM
11.988409455551075,13.40513,MEDIUM
15.191402157183674,13.121782,MEDIUM
14.678780196294511,13.789259,MEDIUM
13.68288444032137,14.091461,MEDIUM
15.012534535040324,14.199238,MEDIUM
17.70237759193453,14.5787945,MEDIUM
16.4136933328913,15.870806,MEDIUM
15.731317521236159,16.186714,MEDIUM
11.421559923397314,16.2067,MEDIUM
13.557756888058304,14.602112,MEDIUM
14.204025226477551,13.984137,MEDIUM
14.210357899108594,13.83424,MEDIUM
14.131055322203125,13.793955,MEDIUM
10.881940113210764,13.996595,MEDIUM
13.436520808006245,13.255541,MEDIUM
13.079111435232987,13.272011,MEDIUM
26.4118018044728,13.279512,MEDIUM
26.13372568321187,25.706547,HIGH
24.814703168302117,24.80505,MEDIUM
25.981527770169382,24.801065,MEDIUM
27.22347708228486,25.020359,HIGH
24.399424188269148,25.855545,HIGH
27.01277668025658,25.41304,HIGH
25.29655703658031,25.535362,HIGH
26.023123505803984,25.198097,HIGH
24.779982979411685,25.382797,HIGH
24.887776229934428,24.958221,MEDIUM
27.038260461398295,24.480274,MEDIUM
25.578295037265423,25.19967,HIGH
28.01490484795727,24.921795,MEDIUM
26.381215596611135,26.124199,HIGH
29.030870562732897,25.866665,HIGH
27.847599871066905,27.059885,HIGH
25.55307478619484,27.321053,HIGH
34.59037145526699,26.689127,HIGH
26.860398904020126,31.060204,HIGH
27.24254780906009,29.081821,HIGH
27.42241735449621,28.243114,HIGH
28.36688309199672,27.245647,HIGH
26.876948612094417,26.966278,HIGH
25.43853513214568,26.263737,HIGH
25.854038383782022,24.87999,MEDIUM
25.321299830206147,25.02967,HIGH
27.264998747046825,24.373362,MEDIUM
26.426807226334486,24.838661,MEDIUM
27.241357582605552,25.122425,HIGH
0.9235134674446659,25.803001,HIGH
0.5526167800797346,2.5336099,LOW
0.0,1.2517225,LOW
0.0,0.8179263,LOW
0.0,0.7046492,LOW
0.0,0.70080304,LOW
0.0,0.9434731,LOW
0.0,1.1338186,LOW
0.0,1.0675969,LOW
1.038625155892742,1.0455518,LOW
0.0,1.15704,LOW
0.0,1.1248446,LOW
2.1147565596668,1.0884533,LOW
0.32819497835419753,1.2427944,LOW
0.0,1.2881174,LOW
2.819310052264843,1.2875341,LOW
4.074937192866322,1.3729129,LOW
3.1590895158257,1.6259595,LOW
3.674338238659768,2.1051683,LOW
2.6696240523319474,2.2542632,LOW
1.0064968782514807,2.3509688,LOW
0.0,2.5897963,LOW
2.1789067407798726,2.32053,LOW
0.7069603603272956,2.2775106,LOW
1.0270444826390772,1.9359583,LOW
0.8903684473987177,1.6812478,LOW
0.0,1.5230045,LOW
0.0,1.4187603,LOW
0.0,1.3884023,LOW
0.0,1.288477,LOW
18.546050777076445,1.1970876,LOW
20.031309274317337,19.404911,MEDIUM
17.90134038523567,18.82484,MEDIUM
17.382881503755925,18.625727,MEDIUM
19.29726068827052,18.373297,MEDIUM
19.653826064220453,18.623688,MEDIUM
19.581303571330537,19.12238,MEDIUM
16.807580002135474,19.228539,MEDIUM
21.56088319873578,18.375938,MEDIUM
19.639962075212313,19.689835,MEDIUM
19.482923238219,19.57291,MEDIUM
20.56071266380288,19.638918,MEDIUM
17.140220600886067,19.962715,MEDIUM
19.374764239618994,19.111534,MEDIUM
20.156529179788492,19.035873,MEDIUM
21.144302569082544,19.250193,MEDIUM
22.563499084454016,20.15728,MEDIUM
22.97208403581113,21.215258,MEDIUM
23.0713130458412,22.043736,MEDIUM
20.31584705038258,22.509518,MEDIUM
23.554800138848428,21.71529,MEDIUM
20.914647127211214,22.506704,MEDIUM
22.324709254128823,21.733807,MEDIUM
21.30749990999498,21.857952,MEDIUM
20.780611608832913,21.396156,MEDIUM
18.79071772139151,21.225433,MEDIUM
21.698882798424897,20.165817,MEDIUM
17.617367256465954,20.40194,MEDIUM
20.051494609915494,19.176676,MEDIUM
18.563659254043593,19.113953,MEDIUM
23.7557902251731,18.707048,MEDIUM
25.525806930598257,21.097694,MEDIUM
23.903360951334967,23.123144,MEDIUM
19.081915233240736,23.527565,MEDIUM
21.714172163436793,21.548159,MEDIUM
23.645911428624494,21.343578,MEDIUM
24.69470720550887,21.579931,MEDIUM
20.355266861602487,22.780712,MEDIUM
21.728259383189027,21.986698,MEDIUM
23.813895133831394,21.824993,MEDIUM
24.0456566966486,22.31944,MEDIUM
25.41435692311056,22.955585,MEDIUM
23.624207113691643,23.996735,MEDIUM
25.264158188840913,23.948532,MEDIUM
23.026140597964748,24.345554,MEDIUM
25.505784630020614,23.732426,MEDIUM
25.828512027318872,24.301052,MEDIUM
25.54701252964711,24.608793,MEDIUM
25.861476105531246,24.818016,MEDIUM
27.78653320245157,25.04366,HIGH
26.15654902199136,26.082167,HIGH
23.85114535902317,25.98019,HIGH
23.304852874504082,25.07098,HIGH
29.030733186746602,24.01117,MEDIUM
24.378819265430163,25.75164,HIGH
22.934954350457303,24.833141,MEDIUM
22.920550326224518,23.783377,MEDIUM
27.599275900063088,22.891289,MEDIUM
20.158969120022718,24.541178,MEDIUM
22.117350957199218,22.766983,MEDIUM
27.38308113298215,21.84724,MEDIUM
27.971555821566124,24.51422,MEDIUM
28.236995105813612,26.496586,HIGH
26.183138101808467,27.619831,HIGH
26.38522167962018,27.257496,HIGH
26.56805188434904,26.60694,HIGH
27.439955131460643,25.994741,HIGH
25.999560442957307,25.430788,HIGH
27.01598698782749,25.107086,HIGH
26.50461110077747,25.291721,HIGH
27.87322825195007,25.47054,HIGH
29.502589376978648,26.319202,HIGH
26.543834562193798,27.36567,HIGH
28.871520895941877,26.802364,HIGH
26.884285354339212,27.716393,HIGH
30.125027031311706,27.22417,HIGH
32.25050870389582,28.221432,HIGH
28.57290460297845,29.967594,HIGH
28.180989427016154,29.785563,HIGH
31.5561548688356,28.99607,HIGH
29.688448791482628,29.736565,HIGH
31.30007778302248,29.4189,HIGH
29.337807146403065,29.760689,HIGH
31.45504352922717,29.215008,HIGH
28.065005620809835,30.30489,HIGH
29.818240680745255,28.681408,HIGH
27.41750548016708,27.761566,HIGH
26.59759846826288,26.556578,HIGH
27.83310248511434,25.16684,HIGH
27.443070091941014,25.373684,HIGH
0.5589156279914587,25.449512,HIGH
1.9028370882347687,2.3544805,LOW
0.0,1.3938125,LOW
1.4611992001744536,0.86641717,LOW
0.8510806564828126,0.8823577,LOW
0.5066391438361251,0.8474612,LOW
0.0,1.1625603,LOW
0.0,1.3730936,LOW
0.0,1.2395744,LOW
0.0,1.286036,LOW
1.0893191750793694,1.222482,LOW
1.7934032558519863,1.256924,LOW
1.8055115484636701,1.2747209,LOW
2.424744849387892,1.3515301,LOW
1.6521299644044714,1.433357,LOW
1.3289290235108613,1.438348,LOW
4.202134622485625,1.6311425,LOW
4.596897547862241,2.3159711,LOW
1.496410979508095,2.9346342,LOW
4.30466762928606,2.7373796,LOW
1.4593453825826455,3.0889745,LOW
1.9215072005690939,2.9357655,LOW
3.8693006126481198,2.986318,LOW
0.265317019166206,3.2233691,LOW
0.37897428402403754,2.4651258,LOW
0.7516424929621888,2.151411,LOW
0.532903974628308,1.7818948,LOW
0.0,1.6677642,LOW
2.592891119939944,1.570789,LOW
0.513963976090924,1.5306824,LOW
15.11157727810151,1.4716632,LOW
16.723989210330593,15.064543,MEDIUM
16.299662976981345,15.12451,MEDIUM
11.264052065342078,14.893717,MEDIUM
13.237262252227378,13.905802,MEDIUM
10.478101738409778,13.656633,MEDIUM
15.26551380235276,12.79077,MEDIUM
12.173985550520289,13.965721,MEDIUM
13.15745197578375,13.386005,MEDIUM
11.951597228872883,13.58247,MEDIUM
14.326982594422619,13.0179405,MEDIUM
14.012327255618795,13.788576,MEDIUM
14.736746523612648,13.827435,MEDIUM
14.237587903441487,14.346783,MEDIUM
16.728383004269663,14.480009,MEDIUM
15.514397283852896,15.64419,MEDIUM
14.37688226215022,15.800352,MEDIUM
17.035971750711532,15.759674,MEDIUM
14.939961753238208,16.352882,MEDIUM
18.237232593497662,16.112364,MEDIUM
14.74211359280034,16.771627,MEDIUM
14.00599066442677,16.306572,MEDIUM
16.988841961617027,15.715937,MEDIUM
15.047674761277886,16.191637,MEDIUM
15.189199962102517,15.964918,MEDIUM
14.531225328525153,15.728697,MEDIUM
14.509461512429755,15.486385,MEDIUM
13.731773314907601,15.3306675,MEDIUM
15.404348981190303,14.879543,MEDIUM
13.81723873942309,15.143127,MEDIUM
28.646156867986583,14.786385,MEDIUM
28.00096595580469,27.89592,HIGH
26.23027169484946,27.035389,HIGH
26.362229913882185,26.634619,HIGH
26.370438521666323,26.538912,HIGH
24.869340395772376,26.439476,HIGH
24.320938564035586,25.943428,HIGH
25.218040570865977,24.120533,MEDIUM
26.713104053173108,24.232216,MEDIUM
25.16804013307029,24.895357,MEDIUM
25.817735780356298,24.789076,MEDIUM
27.901981963247213,24.983559,MEDIUM
29.475618654688894,26.026764,HIGH
28.26096694322502,27.470797,HIGH
29.956835990308324,27.511007,HIGH
30.46844725057012,28.476303,HIGH
28.281384720024583,29.212448,HIGH
28.612182642427577,28.884842,HIGH
30.47087816117953,28.838861,HIGH
31.348052752805458,29.565832,HIGH
29.275611588881915,29.977072,HIGH
29.42056904535624,28.872314,HIGH
31.216104141140725,28.626572,HIGH
29.09200803117742,29.039112,HIGH
28.151863177321246,28.47579,HIGH
26.469337507315743,27.565817,HIGH
29.249711546148006,26.619225,HIGH
27.022575526055775,27.138596,HIGH
25.85878304361104,26.187794,HIGH
27.20485511072734,25.482063,HIGH
30.867140211040812,25.464184,HIGH
28.29347116772065,27.759563,HIGH
28.762570978970572,28.08516,HIGH
26.0419421147812,28.6879,HIGH
28.704779304007396,27.765594,HIGH
27.9640355655339,27.805841,HIGH
27.73210266999747,27.232773,HIGH
28.186045365153433,26.359701,HIGH
26.963619520417666,26.705145,HIGH
27.217975865814346,26.195423,HIGH
28.84662198189728,26.266432,HIGH
29.38195469028987,26.639904,HIGH
28.155334327954915,27.473831,HIGH
31.561334515609513,27.339382,HIGH
30.91152548315874,29.32937,HIGH
29.27100254521912,29.832396,HIGH
33.71423884926546,29.766846,HIGH
32.756318900484445,31.877249,HIGH
30.571603207127218,32.15473,HIGH
31.614245610368027,31.599792,HIGH
30.078988468170778,31.250063,HIGH
29.02190072523093,30.98938,HIGH
31.369361651088518,30.125647,HIGH
30.31217549573532,29.45819,HIGH
28.71413834453918,28.96457,HIGH
27.172841180543067,28.039185,HIGH
29.764457935582588,26.498476,HIGH
27.243582624638663,27.078108,HIGH
27.823503640145702,26.489952,HIGH
30.515620669693067,26.184666,HIGH
12.45500920812161,27.388275,HIGH
12.250954711399695,10.686403,MEDIUM
13.934949630315709,11.552383,MEDIUM
12.539276909409985,11.841145,MEDIUM
9.497092113445387,11.923325,MEDIUM
9.98354062872986,11.176529,MEDIUM
11.750918254332094,10.717527,MEDIUM
12.747814025843029,11.414436,MEDIUM
12.960926628393885,11.810297,MEDIUM
12.869138419042674,12.371071,MEDIUM
11.187221820233264,12.447159,MEDIUM
12.590859012794407,12.197525,MEDIUM
12.052763064788081,12.629051,MEDIUM
10.328324729530603,12.783424,MEDIUM
12.33470079840911,12.129711,MEDIUM
13.654771010574148,12.448074,MEDIUM
11.250765322740248,12.947357,MEDIUM
14.60092356141551,12.492943,MEDIUM
12.161664832719929,13.393711,MEDIUM
13.357634324290796,13.111511,MEDIUM
14.363031002833207,13.5276985,MEDIUM
15.465202564461114,13.797003,MEDIUM
13.712493531086244,14.48913,MEDIUM
13.46325891476624,14.353266,MEDIUM
9.252397939172786,14.3624,MEDIUM
13.337854887123177,12.799719,MEDIUM
12.615553409614895,13.100973,MEDIUM
11.531248138422246,12.584606,MEDIUM
10.649108315813017,12.373463,MEDIUM
9.725816976357441,12.037504,MEDIUM
9.325263105638387,11.265495,MEDIUM
5.075410752301384,10.719471,MEDIUM
7.703172986750335,7.782233,LOW
6.561727972865961,8.141842,LOW
7.624579047216876,8.218551,LOW
9.616678473616135,8.120083,LOW
7.035135206845972,8.352907,LOW
6.128330375769121,8.09247,LOW
8.013935901119893,7.725866,LOW
7.923979664651508,8.048233,LOW
4.475337248758139,8.293403,LOW
6.844764525738022,7.562857,LOW
7.498344072186262,7.465489,LOW
7.9503846770500655,7.452097,LOW
8.663683706115329,7.798653,LOW
7.351482727158757,8.100638,LOW
8.123376591669562,7.941146,LOW
11.00662369401296,8.161297,LOW
9.597556862219196,9.466593,LOW
9.791084199656346,9.639507,LOW
9.824252813825417,9.922365,LOW
8.581054695892895,10.036537,MEDIUM
7.4699406301013624,10.046297,MEDIUM
6.908987243706017,9.745619,LOW
8.997293842484183,9.095642,LOW
8.436409028687484,9.174866,LOW
3.4674489694650994,8.966604,LOW
7.262016280285719,7.407759,LOW
7.406409964097978,7.4439034,LOW
9.31614954801991,7.491833,LOW
1.0958749558754164,8.143002,LOW
3.2908925447048247,5.468463,LOW
0.9648778448854216,4.6366944,LOW
3.3799649733734345,3.8081045,LOW
1.0381174282417671,3.376952,LOW
0.2080917187396345,2.9772253,LOW
0.0,2.1983337,LOW
2.5303020964033305,1.6691284,LOW
0.0,1.793085,LOW
1.7182194170580996,1.6261468,LOW
3.44184747024039,1.5394994,LOW
6.22296330100345,1.6499858,LOW
2.983025016912494,2.6669757,LOW
3.265509677622669,2.8711877,LOW
5.627234410738593,2.9305391,LOW
3.160690235867465,3.7901256,LOW
3.871773335658638,4.4047284,LOW
4.532319186568612,4.464452,LOW
3.1280660714940254,4.3232913,LOW
5.12248988953197,4.162301,LOW
5.0870228147932455,4.5295773,LOW
2.891361692151225,4.689028,LOW
4.15856038915693,4.4553547,LOW
4.20916679784138,4.3184214,LOW
4.883521985741208,4.412899,LOW
3.1743810506927197,4.7300863,LOW
2.80409452693182,4.429427,LOW
2.9548751031407274,3.9396698,LOW
1.9481485639378135,3.7491882,LOW
3.8150032503884432,3.4923801,LOW
7.792909072916611,3.46463,LOW
10.872980321547,4.7994986,LOW
8.873705247520506,7.195377,LOW
10.388376016128586,7.7988105,LOW
7.284276102715065,8.651466,LOW
7.932896846828612,8.89381,LOW
6.979025597113893,9.305807,LOW
9.337283455387258,8.947753,LOW
5.889827334594571,9.165401,LOW
10.577562413858608,8.595153,LOW
9.555727701138208,9.422615,LOW
8.68467487177688,9.28945,LOW
8.56224499653139,9.42964,LOW
9.227324771077292,9.3825245,LOW
7.426483503084674,9.815659,LOW
9.587528064619802,9.405193,LOW
10.176052842630751,9.80373,LOW
12.41613042706684,9.983553,LOW
10.644972186102462,10.542856,MEDIUM
10.152895986428284,10.661385,MEDIUM
10.248092825067387,10.6893425,MEDIUM
13.949729171329821,10.691483,MEDIUM
7.428981710361484,12.195314,MEDIUM
11.53360321675554,10.836905,MEDIUM
10.821959114892117,11.0508175,MEDIUM
10.287045547855683,10.960249,MEDIUM
9.646384663886932,10.901257,MEDIUM
9.965147923023011,10.83605,MEDIUM
10.645804599851484,10.62372,MEDIUM
12.247501937531709,10.54368,MEDIUM
6.127391721235625,11.12018,MEDIUM
5.450824378132456,9.657774,LOW
1.4853064688062503,7.804507,LOW
3.295599647256026,4.028487,LOW
4.179893922405871,3.1199093,LOW
3.7559041183370816,3.6457825,LOW
3.4144518345032573,4.2601395,LOW
7.406275109165833,3.9888296,LOW
7.016673596693897,4.632638,LOW
4.082442172758208,5.4604344,LOW
6.794398313689522,5.767361,LOW
4.818888630806882,6.008033,LOW
7.5491204568944905,6.1149955,LOW
5.641479753690991,6.6627507,LOW
5.420301935485602,6.7379975,LOW
6.432657519147925,6.4486027,LOW
6.478088379155567,6.50201,LOW
7.879731058305291,6.7426395,LOW
7.539597944811582,7.0370135,LOW
5.836298117549289,7.2379756,LOW
9.047329681549892,7.207506,LOW
8.219207185394724,7.744581,LOW
7.448863291557878,8.120251,LOW
10.246754443958512,8.258298,LOW
6.541248664662941,9.007683,LOW
6.957027418806732,8.542659,LOW
7.448135325219429,8.302431,LOW
5.0920729872042525,8.347633,LOW
6.58569931634929,7.810177,LOW
2.3697571728133866,7.502403,LOW
11.42037896835264,5.9723783,LOW
11.017589907711328,8.344093,LOW
12.398180374673117,8.723293,LOW
9.123451597276407,9.391338,LOW
8.76691525483272,9.274853,LOW
10.999278530013498,9.505872,LOW
8.775768263085881,10.125814,MEDIUM
9.767364626895436,10.359684,MEDIUM
7.991592697416697,10.243181,MEDIUM
10.737447669333438,9.81793,LOW
9.107444110755607,10.113943,MEDIUM
12.346059837727566,10.061487,MEDIUM
11.667647347189156,10.648272,MEDIUM
11.461058847684612,10.751017,MEDIUM
12.939979774104497,11.084408,MEDIUM
12.157935583823125,11.674274,MEDIUM
13.633382576180516,12.205051,MEDIUM
11.626758243997354,12.810545,MEDIUM
15.31408948609707,12.708164,MEDIUM
13.56227211707385,13.783409,MEDIUM
12.898913129165077,13.688322,MEDIUM
13.513569054186014,13.76911,MEDIUM
11.880892732467668,13.697645,MEDIUM
12.679719295870225,13.284752,MEDIUM
15.140542953460663,13.020281,MEDIUM
13.589012877069186,13.648529,MEDIUM
12.32688804307178,13.680042,MEDIUM
9.320929374795401,13.473438,MEDIUM
12.900889906527983,12.046484,MEDIUM
8.86486583247223,12.280056,MEDIUM
5.523958866822733,10.899746,MEDIUM
3.7109057949096176,7.863293,LOW
4.362243669662215,4.077834,LOW
4.50018146170148,3.730165,LOW
1.739534330104643,4.189908,LOW
5.31876506020865,3.7714863,LOW
2.273372589850636,4.684267,LOW
3.7270318540128677,4.058445,LOW
2.32019670357745,3.9891114,LOW
5.7394856055556644,3.5192826,LOW
4.481435407863357,4.093405,LOW
4.155218259808178,4.41675,LOW
4.721419671198021,4.4333725,LOW
4.770179529212216,4.4883957,LOW
4.5207395437163935,4.800903,LOW
4.5152013700330755,5.0705357,LOW
7.073886229061367,5.086486,LOW
7.190723721326103,5.5742626,LOW
8.805216680782816,6.14781,LOW
9.152849859550477,6.906491,LOW
5.535457824644807,7.430837,LOW
7.335170636694587,7.5451946,LOW
4.203985701663086,7.8620515,LOW
4.474007278404953,7.0547915,LOW
7.244739465768635,6.2595854,LOW
5.371065236923521,6.799589,LOW
5.693204384040895,6.4745154,LOW
7.612623518944162,6.3346577,LOW
7.08510302612083,6.4866366,LOW
4.773565904325627,6.7532306,LOW
29.624772864398594,6.6027956,LOW
29.732633337528313,29.478394,HIGH
30.311480591274435,28.310549,HIGH
28.01169685401663,29.4562,HIGH
27.361245812648626,28.449873,HIGH
26.22593195797414,27.729906,HIGH
29.634803124906036,26.593363,HIGH
29.029025747040055,26.82588,HIGH
26.27848022220614,27.151688,HIGH
28.872996252155843,26.826994,HIGH
27.152467761977434,27.376541,HIGH
29.217897997196616,27.083311,HIGH
28.74068668062074,27.494213,HIGH
28.848936019008857,27.719257,HIGH
33.05247041940677,28.19411,HIGH
27.71725029275584,30.02342,HIGH
31.049198187372024,29.18092,HIGH
31.57791766195282,29.988476,HIGH
30.951978327662225,30.46984,HIGH
30.95345295148818,30.514555,HIGH
31.82828257163889,30.241632,HIGH
31.642839791820645,30.693346,HIGH
30.2662164841708,30.460258,HIGH
30.127632460937516,29.759134,HIGH
30.451302572788094,29.354504,HIGH
29.3062647141487,29.011845,HIGH
27.109839834128387,28.39392,HIGH
25.621783926263333,27.149605,HIGH
29.2474514770186,25.521072,HIGH
28.137186578700764,26.032467,HIGH
29.391905637679624,26.38528,HIGH
28.143081465862842,29.267357,HIGH
26.031318413177228,30.30011,HIGH
27.257906494894314,29.13705,HIGH
24.78070451297237,28.630878,HIGH
28.164192877023112,26.939901,HIGH
24.018267425678474,27.009449,HIGH
26.436376633649786,24.507778,MEDIUM
26.22458492185632,25.165298,HIGH
26.02669950907141,25.132465,HIGH
25.603580716361932,25.048843,HIGH
27.35892027104333,25.039772,HIGH
25.00834524788207,25.494051,HIGH
25.538618797630264,25.563595,HIGH
28.71217261253001,25.734867,HIGH
28.387796173260334,26.724049,HIGH
29.15233391365422,27.13778,HIGH
28.139719701458716,27.738388,HIGH
27.836497023111676,27.910349,HIGH
28.406027573324796,27.806698,HIGH
29.787440472323844,27.938265,HIGH
27.47367026755979,27.897741,HIGH
29.133586804509413,27.140247,HIGH
26.885019202817404,27.405642,HIGH
25.370501502059007,27.086857,HIGH
26.79950835670033,26.017796,HIGH
25.86483547118964,25.22113,HIGH
24.778822230915086,24.353584,MEDIUM
24.437196874019225,23.901161,MEDIUM
25.18595516121432,23.46203,MEDIUM
18.63854230582705,23.916695,MEDIUM
14.952492762579093,17.699646,MEDIUM
18.118278880384572,15.000862,MEDIUM
18.24915944333091,16.237432,MEDIUM
18.663618441293973,16.794916,MEDIUM
17.900201513627852,17.250498,MEDIUM
17.67102446271698,17.73467,MEDIUM
18.03593644349216,17.902027,MEDIUM
16.913152059398612,17.884438,MEDIUM
16.352401463723165,17.367964,MEDIUM
16.906244077762267,16.788618,MEDIUM
20.603165404592392,16.650444,MEDIUM
17.383884645076044,18.379326,MEDIUM
18.300731868981373,18.058342,MEDIUM
18.52483646143071,18.279667,MEDIUM
18.286274410213007,18.370424,MEDIUM
21.227154600150755,18.331585,MEDIUM
19.93097626934208,19.285328,MEDIUM
23.430465094682216,19.439999,MEDIUM
20.338360969883038,21.073433,MEDIUM
19.779813809878938,20.998749,MEDIUM
20.49348126358057,20.63855,MEDIUM
20.565637616477463,20.165422,MEDIUM
20.412879891281506,19.944767,MEDIUM
19.849749428432307,19.764019,MEDIUM
17.36830518900979,19.634562,MEDIUM
17.764708168251374,18.586226,MEDIUM
17.005732759113354,17.760841,MEDIUM
18.98881638727859,17.138449,MEDIUM
20.031105422707512,17.556997,MEDIUM
6.859732832102342,18.477398,MEDIUM
3.329425865902717,5.9444857,LOW
4.247863515330783,4.533657,LOW
2.4472291422762105,3.3749723,LOW
2.1808444711116124,2.2656846,LOW
2.5373055689915365,1.8072232,LOW
3.614853532157639,2.23493,LOW
3.0422114732766445,3.435054,LOW
2.1540144158817114,3.1457136,LOW
4.039416020801092,2.72888,LOW
3.799304419437453,2.9462266,LOW
6.036868640414422,3.2828956,LOW
4.9146216361884445,4.20589,LOW
3.3936147689011555,4.444312,LOW
4.866166978990632,4.427487,LOW
6.2889141371599155,4.659399,LOW
5.007748536049695,5.3250055,LOW
3.513052029900315,5.6214814,LOW
5.915777281141805,5.246497,LOW
6.102245777057574,5.2249093,LOW
4.332665132081445,5.7054935,LOW
4.23368887050399,5.7712235,LOW
6.516337188267025,5.403129,LOW
7.1437479307512355,5.5840125,LOW
3.222932620989422,6.194467,LOW
2.8890149118061395,5.802204,LOW
8.936630107011958,4.927253,LOW
2.2352624929278395,6.0948315,LOW
4.272605623070149,5.441407,LOW
4.317182159423018,5.0337915,LOW
37.728363500238565,4.8719463,LOW
34.74047948145008,36.462902,HIGH
35.518480688719826,34.218296,HIGH
36.389425548394776,34.788525,HIGH
35.384696484566064,35.011215,HIGH
35.36478037983689,34.350727,HIGH
34.67586903997507,34.253437,HIGH
34.69202523281536,32.13092,HIGH
34.31349308690944,33.51423,HIGH
34.24361847575114,32.921894,HIGH
34.801679389409955,33.034153,HIGH
36.556586098062766,33.725384,HIGH
35.96236655702973,34.700924,HIGH
35.08087414278323,35.02325,HIGH
36.860711145443226,35.012814,HIGH
36.470720571171235,35.292927,HIGH
35.68005631298219,35.499943,HIGH
36.27625146218266,35.750126,HIGH
37.324525569821546,35.72626,HIGH
38.57911359057966,36.413494,HIGH
39.14440567283595,37.305473,HIGH
34.920708764828746,38.047512,HIGH
35.28912669765801,36.768883,HIGH
37.917214266351735,35.635956,HIGH
35.58259605227492,35.61288,HIGH
35.724665005816696,33.523045,HIGH
35.34454090154504,32.592934,HIGH
34.81462499734915,32.077747,HIGH
32.829374022961986,33.39659,HIGH
33.9939721356722,32.137577,HIGH
17.280414001402086,30.892414,HIGH
15.37781913093891,16.283987,MEDIUM
15.280509984488369,15.755795,MEDIUM
15.459475215095257,15.7080345,MEDIUM
17.134518400517194,15.474985,MEDIUM
13.562881328829416,15.530397,MEDIUM
15.420216120695361,15.017319,MEDIUM
13.664501754015914,15.705429,MEDIUM
15.634617163489656,15.098188,MEDIUM
15.661810866320003,15.429031,MEDIUM
13.857757565041721,15.607182,MEDIUM
13.830946826076968,15.380583,MEDIUM
17.573328679302627,15.035692,MEDIUM
15.170631919334188,16.262241,MEDIUM
17.93471611586581,15.868601,MEDIUM
18.449532809630306,16.637402,MEDIUM
19.981735715126987,17.400461,MEDIUM
20.525156180761293,18.667175,MEDIUM
15.855031501842541,19.392576,MEDIUM
16.997878633728853,18.259134,MEDIUM
18.86948487723818,17.442812,MEDIUM
14.71845217452854,17.722502,MEDIUM
15.746865270499777,16.736115,MEDIUM
18.868427769848978,15.981726,MEDIUM
17.06591583451626,17.01151,MEDIUM
16.29759059964168,17.273771,MEDIUM
14.60278261286345,16.940548,MEDIUM
16.38028284326885,16.079021,MEDIUM
16.80685355208831,16.279146,MEDIUM
15.890165554957543,16.284996,MEDIUM
30.273046254624816,16.261944,MEDIUM
32.18081570556648,27.907663,HIGH
28.534496517705087,30.582062,HIGH
27.155092303461473,29.518894,HIGH
27.529642112046464,28.534113,HIGH
30.7128218663619,27.822844,HIGH
27.282803394059137,28.124298,HIGH
28.18584336612317,27.086504,HIGH
30.795079060228762,27.35828,HIGH
27.151305472221466,28.446045,HIGH
26.684648547104878,27.831402,HIGH
32.03142877781626,26.843384,HIGH
30.00462695064659,28.795074,HIGH
30.501030198208355,29.082926,HIGH
30.34088712386083,29.364204,HIGH
30.714785794340845,29.863403,HIGH
34.94316122471712,30.11096,HIGH
30.877097826764206,31.610771,HIGH
32.439743524699026,31.340424,HIGH
31.452403710268964,31.72976,HIGH
32.758303348815204,31.302984,HIGH
31.185017328391094,31.42018,HIGH
29.655088357363276,30.729656,HIGH
29.207933894380083,29.893717,HIGH
30.250313233561414,28.996914,HIGH
32.2939830991749,28.732212,HIGH
27.129646106789014,29.347534,HIGH
29.84620266171931,27.876087,HIGH
28.503806370315445,28.436333,HIGH
26.9436871981922,28.08832,HIGH
22.003297567710852,27.2436,HIGH
21.01351865481533,23.66026,MEDIUM
22.977921186691194,22.029865,MEDIUM
18.849423421139917,22.579472,MEDIUM
17.69462171137713,20.469961,MEDIUM
19.018363137172237,18.540125,MEDIUM
19.835611169547057,18.148144,MEDIUM
18.239115788552155,18.953201,MEDIUM
22.39475205674298,18.66978,MEDIUM
17.862516116625272,20.138094,MEDIUM
20.459817192098257,19.528843,MEDIUM
20.499635320223078,19.846148,MEDIUM
22.06411894500507,19.83829,MEDIUM
21.320734064603435,20.954504,MEDIUM
22.20413269009981,21.216114,MEDIUM
21.183954170972882,21.720081,MEDIUM
21.87360530774234,21.560307,MEDIUM
23.339222532231005,21.724068,MEDIUM
22.507055945621197,22.184486,MEDIUM
23.804686555382617,22.41657,MEDIUM
23.306320019825513,23.004704,MEDIUM
24.213650081256148,23.100128,MEDIUM
23.899903226607307,23.518465,MEDIUM
22.749274494556474,23.441502,MEDIUM
24.496542631625488,22.958792,MEDIUM
21.89079152666168,23.32404,MEDIUM
22.509280564155922,22.605656,MEDIUM
20.438095872445533,22.261059,MEDIUM
21.648205863637884,21.249199,MEDIUM
21.769204999699145,21.085968,MEDIUM
33.63093155552475,20.971622,MEDIUM
32.13372812721022,30.523888,HIGH
31.319512215319715,30.763878,HIGH
30.596220181917992,30.87534,HIGH
27.930199825187493,30.189474,HIGH
30.01211301425611,29.005577,HIGH
29.335010248141742,28.67642,HIGH
28.78344755641541,27.40001,HIGH
29.244632001366316,27.362196,HIGH
33.65795246264971,27.760109,HIGH
29.300648600401793,30.420713,HIGH
33.53813685011448,29.682291,HIGH
30.90774428924949,31.077866,HIGH
31.18579711856688,30.95781,HIGH
33.321293349245664,31.135668,HIGH
35.26385800533545,31.7243,HIGH
32.36497614487454,33.024136,HIGH
31.41336677622705,32.49313,HIGH
31.413060386787258,32.02597,HIGH
32.46140371620651,31.332882,HIGH
31.940046262375034,31.142687,HIGH
33.5097557828569,30.895409,HIGH
33.72408670219942,31.872654,HIGH
32.00308679054482,32.559498,HIGH
35.22145269567784,32.049774,HIGH
31.621818588158785,32.99985,HIGH
31.601101196077714,31.905737,HIGH
31.69500031550561,30.858444,HIGH
28.865083387346537,29.926336,HIGH
30.895036498331805,28.597925,HIGH
15.415076133304263,28.423523,HIGH
13.325105956145984,15.0497,MEDIUM
16.145963656864343,13.485533,MEDIUM
15.037148011934999,14.477524,MEDIUM
13.842986768723803,14.933264,MEDIUM
15.350539597377123,14.286909,MEDIUM
13.35950430160536,15.161787,MEDIUM
14.165991263083935,15.274023,MEDIUM
13.72388254463591,15.112032,MEDIUM
14.79631428751783,14.806225,MEDIUM
16.902753694478847,15.060396,MEDIUM
13.51766682708463,15.841709,MEDIUM
12.289806009952905,15.368813,MEDIUM
13.458010328694863,14.650457,MEDIUM
16.3384127478753,14.4250145,MEDIUM
15.27985391539477,15.518156,MEDIUM
16.224153469901545,15.722294,MEDIUM
20.596537945396122,16.280354,MEDIUM
17.46147568952193,18.044834,MEDIUM
16.43911636044863,18.337725,MEDIUM
16.060236927170276,18.142653,MEDIUM
16.429188720068034,17.536797,MEDIUM
13.363430143287479,17.129953,MEDIUM
14.872834085427218,15.607439,MEDIUM
18.047786176178562,15.501461,MEDIUM
14.521254551787042,16.426992,MEDIUM
15.541971411419992,16.007801,MEDIUM
14.293284123606359,16.154816,MEDIUM
15.404372472484464,15.698198,MEDIUM
14.449887069542267,15.857998,MEDIUM
9.63679889788577,15.436821,MEDIUM
8.930081459039478,12.893063,MEDIUM
11.086381186342795,11.112946,MEDIUM
10.93498775697249,10.6880245,MEDIUM
7.336457367086609,10.782068,MEDIUM
10.902032808975038,10.54509,MEDIUM
8.054954558319599,10.580452,MEDIUM
11.189420898795612,10.199875,MEDIUM
8.700505957629568,10.457699,MEDIUM
11.848280127024525,10.337908,MEDIUM
9.99805071241773,10.648197,MEDIUM
10.3366319065475,10.617203,MEDIUM
9.904336098548615,10.799377,MEDIUM
11.12551502322,10.671762,MEDIUM
9.547351733885602,10.940865,MEDIUM
10.064551926227587,10.82608,MEDIUM
15.087107005555186,10.854469,MEDIUM
15.39569485876929,12.9209175,MEDIUM
11.203375961366019,13.861649,MEDIUM
14.127198148394077,13.588139,MEDIUM
14.085162792770776,13.829571,MEDIUM
14.047398787566864,14.14389,MEDIUM
12.004529560712415,14.250191,MEDIUM
13.209406906856291,13.84165,MEDIUM
13.01824677506944,13.826374,MEDIUM
12.620255503316692,13.741079,MEDIUM
12.89588520680826,13.553858,MEDIUM
9.978201887340633,13.355391,MEDIUM
9.721910685257622,12.426498,MEDIUM
7.8430563600085,11.565964,MEDIUM
16.760408989120364,10.561892,MEDIUM
17.577482521348664,16.533987,MEDIUM
16.589338431659577,16.272848,MEDIUM
15.616662178098988,16.499945,MEDIUM
19.07998116644901,16.345812,MEDIUM
17.481040683139156,17.285955,MEDIUM
16.07079311307711,17.677023,MEDIUM
19.19941526352219,17.374376,MEDIUM
14.456541234697454,18.10961,MEDIUM
17.046409166140997,16.959797,MEDIUM
17.596408569439767,16.743263,MEDIUM
18.070558057088554,16.88873,MEDIUM
17.530344897497724,17.684568,MEDIUM
20.85433145290359,17.755955,MEDIUM
20.26599132159508,19.032608,MEDIUM
17.239401418509942,19.621382,MEDIUM
19.700215252419405,18.895851,MEDIUM
22.16631402578247,19.030775,MEDIUM
18.57330357227241,20.12684,MEDIUM
22.29920280590136,19.74123,MEDIUM
23.246780504491646,20.658333,MEDIUM
21.077700883024832,21.808699,MEDIUM
23.039498758956647,21.815199,MEDIUM
19.61616279924059,22.181768,MEDIUM
19.10591809302307,21.30286,MEDIUM
16.935816059363326,20.135555,MEDIUM
18.067888239069124,18.197334,MEDIUM
19.169092912478582,17.828651,MEDIUM
20.008085152031054,18.299654,MEDIUM
16.599643891088157,19.006145,MEDIUM
16.783918434673808,18.163956,MEDIUM
16.856931925962215,16.928143,MEDIUM
16.333228932617185,16.324896,MEDIUM
16.35585212201701,16.197647,MEDIUM
17.14598906278961,16.100504,MEDIUM
17.056634288323693,16.36658,MEDIUM
14.987667140011169,16.63772,MEDIUM
17.21420658392733,16.155596,MEDIUM
17.608561634244218,16.474636,MEDIUM
18.017557714878826,16.767004,MEDIUM
18.59839877197277,17.327452,MEDIUM
17.537828945068984,17.738422,MEDIUM
19.53119660092047,17.854218,MEDIUM
18.048008892535375,18.499851,MEDIUM
17.71816020300531,18.371235,MEDIUM
18.87666117499234,17.968475,MEDIUM
18.819635267897898,18.16796,MEDIUM
20.535176218435964,18.483055,MEDIUM
17.67684775597348,19.163435,MEDIUM
19.849862392329268,18.586979,MEDIUM
21.86791402835758,18.818508,MEDIUM
20.736353890323986,19.832527,MEDIUM
17.721184923624556,20.280628,MEDIUM
18.184797407338706,19.257704,MEDIUM
17.240328780465216,18.060223,MEDIUM
18.097654469961007,17.720184,MEDIUM
18.72305245781512,17.467356,MEDIUM
20.234224825563416,17.649546,MEDIUM
15.91490731544496,18.61538,MEDIUM
19.3848763712639,17.76538,MEDIUM
38.640302946485534,18.18615,MEDIUM
33.911138339283674,35.921658,HIGH
34.84484671737975,34.18397,HIGH
33.97188476790159,34.33998,HIGH
35.758196990391454,33.714825,HIGH
34.78620555442047,34.243954,HIGH
35.529357865196744,34.323208,HIGH
35.408379078144684,31.934212,HIGH
33.52254408099102,33.42469,HIGH
36.79464962425673,32.56899,HIGH
36.646960288127474,33.803345,HIGH
34.474476436436575,34.721474,HIGH
37.99667680923641,35.35154,HIGH
36.47165197149612,36.37492,HIGH
36.866924029196035,36.502506,HIGH
36.28426992942794,36.49335,HIGH
36.162650682093194,35.980305,HIGH
36.85330041712752,35.688488,HIGH
40.06242059601402,35.88946,HIGH
36.901149317765935,37.316288,HIGH
37.67095445541329,37.430004,HIGH
39.747684427123176,37.732605,HIGH
39.683127020409835,38.458633,HIGH
37.13844648658869,38.59952,HIGH
34.638100275494395,37.430256,HIGH
34.503744282574935,35.037785,HIGH
32.93049337477626,33.66094,HIGH
33.7198512797875,31.107939,HIGH
35.18620422038131,29.99254,HIGH
32.857295176463985,31.078661,HIGH
15.78344619771781,31.7487,HIGH
12.046502961927755,14.014299,MEDIUM
12.918281669871309,12.886887,MEDIUM
10.248424886250902,13.991959,MEDIUM
10.21124303724861,12.291256,MEDIUM
9.892808656998932,10.636654,MEDIUM
12.100790315057862,10.4045925,MEDIUM
10.37059193304541,11.423397,MEDIUM
11.26171113477664,11.141602,MEDIUM
13.339391499962108,11.2063465,MEDIUM
12.959835540791573,11.8336315,MEDIUM
13.525068470335514,12.363703,MEDIUM
14.695299413819951,13.051847,MEDIUM
13.1796639235847,13.724651,MEDIUM
13.899410594576498,13.88686,MEDIUM
15.284437438478506,14.168486,MEDIUM
15.469426508851981,14.770575,MEDIUM
15.284623050078865,15.266323,MEDIUM
13.435553035077433,15.470093,MEDIUM
12.26119466278253,15.117025,MEDIUM
15.385482966058042,14.354967,MEDIUM
16.10758121860824,14.790983,MEDIUM
15.639758536437165,15.404396,MEDIUM
13.34373709221349,15.735287,MEDIUM
11.717172648624764,15.199326,MEDIUM
14.308071198859745,14.170904,MEDIUM
13.339468886665067,14.15395,MEDIUM
13.022944770520018,13.824728,MEDIUM
15.164461949905764,13.728157,MEDIUM
13.206340973250013,14.316664,MEDIUM
40.25995328076553,14.120638,MEDIUM
37.44973611706159,37.86227,HIGH
39.880197123163484,35.855396,HIGH
37.794115366167816,37.34303,HIGH
37.972670111261124,37.11079,HIGH
37.68061445858573,36.894096,HIGH
33.52598314519895,37.069637,HIGH
38.6052374743767,32.359882,HIGH
38.033322802211366,34.834145,HIGH
39.550132172040925,34.990482,HIGH
37.68744231338707,36.26425,HIGH
38.360504906062616,37.402683,HIGH
40.41943321831149,38.059162,HIGH
37.894868239537935,38.968456,HIGH
38.6101393246451,39.22601,HIGH
39.611680324289296,39.581394,HIGH
39.70148881274141,39.218403,HIGH
39.38173227493603,39.00711,HIGH
40.91377834264051,38.694668,HIGH
40.11971847355988,38.58387,HIGH
38.18567254112082,38.830067,HIGH
41.68315570986423,38.161045,HIGH
42.52294909499813,38.913982,HIGH
40.332772115917635,39.10821,HIGH
37.37056205138157,39.15334,HIGH
38.778005203773596,39.368835,HIGH
38.53476303816379,38.755085,HIGH
37.29770355972866,37.476727,HIGH
37.580066675450176,34.989075,HIGH
37.32107513660047,34.098415,HIGH
20.65543004895941,33.881542,HIGH
19.925466597160423,20.081684,MEDIUM
16.25731472133666,20.2126,MEDIUM
18.312201508443685,18.703518,MEDIUM
17.348152880071012,17.777367,MEDIUM
14.267133835146028,16.951696,MEDIUM
16.200831011634193,15.789455,MEDIUM
17.236195081028775,16.312948,MEDIUM
15.80009879496157,16.57419,MEDIUM
16.23757866126034,16.480436,MEDIUM
17.153609000764398,16.51045,MEDIUM
20.02639080144254,16.833977,MEDIUM
18.098470240541825,18.28704,MEDIUM
17.98400669432213,18.474697,MEDIUM
19.32351668978857,18.582653,MEDIUM
19.98765563317033,18.94668,MEDIUM
17.91225437141641,19.460802,MEDIUM
21.16087890665682,18.976692,MEDIUM
20.44810901496612,19.743893,MEDIUM
19.281139371233863,20.02061,MEDIUM
19.67049988678092,20.043972,MEDIUM
18.951589684667546,19.840122,MEDIUM
17.24142350242125,19.318117,MEDIUM
20.723072285288218,18.463818,MEDIUM
20.726321236929003,19.196499,MEDIUM
20.548317566725146,19.724434,MEDIUM
19.507986081810365,20.17366,MEDIUM
16.264191341588823,19.918354,MEDIUM
16.57541562192113,18.6233,MEDIUM
17.09928940902865,17.4525,MEDIUM
29.40685823784856,16.698875,MEDIUM
26.21634561361654,27.13528,HIGH
24.55044978024793,26.144484,HIGH
26.01501569920272,25.131191,HIGH
28.93764602370925,24.915134,MEDIUM
24.997944742110207,26.180641,HIGH
23.110031237442925,25.306362,HIGH
25.856037172949755,23.876286,MEDIUM
25.084420262173158,24.393585,MEDIUM
26.207933048269823,24.24441,MEDIUM
25.584178841752436,24.634062,MEDIUM
26.324992508626273,24.910946,MEDIUM
25.44736424241068,25.287714,HIGH
25.357700293972115,25.143557,HIGH
25.329363457694193,25.09244,HIGH
29.894502784659807,24.943092,MEDIUM
27.82904936841007,26.949568,HIGH
30.32039184890368,27.127264,HIGH
29.317742983310524,28.488125,HIGH
27.423346582892815,28.647243,HIGH
28.49272821899724,28.067951,HIGH
29.194864451179466,27.536608,HIGH
27.562061165418477,27.784567,HIGH
28.894928338859746,27.335428,HIGH
25.363394490351165,27.52336,HIGH
26.040687938643508,26.211565,HIGH
25.882821300917055,25.536694,HIGH
28.14103214087493,24.981487,MEDIUM
25.550024801537184,25.619015,HIGH
28.032872396912143,25.3093,HIGH
15.124569961209804,26.036865,HIGH
17.423119545772238,14.589664,MEDIUM
16.732123039320896,15.35891,MEDIUM
17.51203382225659,16.02496,MEDIUM
14.722683976666788,16.062277,MEDIUM
16.718856436485005,15.61598,MEDIUM
15.47296587724362,16.0316,MEDIUM
19.053504513393875,16.13503,MEDIUM
12.986913841862371,16.970606,MEDIUM
17.484992458160765,15.743994,MEDIUM
17.274099844012433,16.24777,MEDIUM
16.035093324587983,16.642853,MEDIUM
17.904445983241203,16.45061,MEDIUM
14.738368844837385,16.97564,MEDIUM
18.429166652845975,16.450375,MEDIUM
18.261471216746674,17.126915,MEDIUM
17.610240906226494,17.470295,MEDIUM
18.466624673644368,17.72684,MEDIUM
14.503220896518492,17.96214,MEDIUM
17.819625302409158,16.903461,MEDIUM
17.380491407085618,16.831593,MEDIUM
19.975232154770246,16.868206,MEDIUM
18.405392792944895,18.090717,MEDIUM
17.881181515903986,18.357412,MEDIUM
15.756864826187758,18.358845,MEDIUM
15.205111236001674,17.440039,MEDIUM
17.099125494778338,16.171644,MEDIUM
15.239206964254064,16.24198,MEDIUM
16.620321488947383,15.853111,MEDIUM
16.18242076677093,16.187208,MEDIUM
0.0,16.174906,MEDIUM
0.0,0.82898366,LOW
0.0,0.13501465,LOW
0.0,-0.022567391,LOW
0.0,0.12404418,LOW
0.0,0.24881124,LOW
0.0,0.6141442,LOW
0.0,0.7411494,LOW
0.0,0.7766417,LOW
0.0,0.8716794,LOW
0.0,0.7776207,LOW
0.0,0.7605394,LOW
0.0,0.7560682,LOW
0.0,0.73539877,LOW
0.0,0.68283856,LOW
0.0,0.72110736,LOW
0.0,0.71747303,LOW
0.0,0.77897,LOW
0.0,0.86614406,LOW
0.0,0.87976193,LOW
0.0,0.8993015,LOW
0.0,0.8812293,LOW
0.0,0.9294164,LOW
0.0,0.9175447,LOW
0.0,0.89748716,LOW
0.0,0.81564677,LOW
0.0,0.8135978,LOW
0.0,0.83484936,LOW
0.0,0.83708596,LOW
0.0,0.8120184,LOW
20.321665154628256,0.8078754,LOW
21.651134828975366,21.713263,MEDIUM
19.349409322544318,20.289984,MEDIUM
18.893654878733155,19.789452,MEDIUM
20.012817673174045,19.914978,MEDIUM
20.69908662101867,19.751076,MEDIUM
17.437855291118048,20.108322,MEDIUM
19.04801187265904,18.944563,MEDIUM
18.398228261679577,18.997337,MEDIUM
19.58154732844666,18.714699,MEDIUM
17.23887841518325,19.11938,MEDIUM
18.566124501785662,18.496996,MEDIUM
19.215137749746898,18.708351,MEDIUM
18.626934719547577,18.906746,MEDIUM
20.213764730727128,19.016867,MEDIUM
20.169417207998332,19.632692,MEDIUM
20.32857638904018,19.981604,MEDIUM
21.316724386785488,20.316086,MEDIUM
21.65242400759538,20.892056,MEDIUM
24.14371625506293,21.420687,MEDIUM
22.174239634243996,22.815392,MEDIUM
20.1407184596705,22.652927,MEDIUM
21.344967459040078,21.839705,MEDIUM
22.15182333726124,21.464844,MEDIUM
21.444112413090174,21.441853,MEDIUM
19.388514886538708,21.389778,MEDIUM
18.705735803065494,20.655989,MEDIUM
18.351588563823825,19.731329,MEDIUM
18.061732120092664,18.69566,MEDIUM
20.19191752152298,18.34941,MEDIUM
22.86172323279403,18.994705,MEDIUM
24.231856206972324,19.111008,MEDIUM
21.22704814984551,20.08024,MEDIUM
19.81527375355346,20.214718,MEDIUM
20.161821833047362,19.841928,MEDIUM
21.703654019793838,19.597721,MEDIUM
21.138894972626847,20.095242,MEDIUM
19.088900416158303,20.285076,MEDIUM
20.226755969216253,19.94762,MEDIUM
18.944027281206587,19.711302,MEDIUM
21.114008777581248,19.180515,MEDIUM
22.405714283312975,19.455795,MEDIUM
22.206150817829467,20.551798,MEDIUM
23.122033386844677,21.337353,MEDIUM
22.578275343765263,22.062996,MEDIUM
21.222413383373564,22.31681,MEDIUM
24.23529369769843,21.917912,MEDIUM
23.482236714780424,22.546738,MEDIUM
24.083977622678194,22.825111,MEDIUM
26.108680522156547,23.338547,MEDIUM
22.15042644561105,24.320831,MEDIUM
23.016829136491378,23.61025,MEDIUM
23.985691924228387,22.757517,MEDIUM
25.76324353080925,22.813341,MEDIUM
21.6260527511337,23.722038,MEDIUM
20.50510030430912,22.843456,MEDIUM
22.975862074631827,21.267298,MEDIUM
21.49121030125378,21.411385,MEDIUM
20.032918586860855,21.190666,MEDIUM
22.928991327384693,20.41895,MEDIUM
21.31633085251402,20.986422,MEDIUM
22.29528393362924,21.67879,MEDIUM
20.955460154109332,22.260323,MEDIUM
22.631404907526303,22.046436,MEDIUM
19.66998317987869,22.028992,MEDIUM
20.739240661063484,21.13168,MEDIUM
23.911281958203038,20.540989,MEDIUM
20.5182066731999,21.53165,MEDIUM
22.662864056906727,21.293568,MEDIUM
21.178998234185926,21.659895,MEDIUM
24.736819783615722,21.4212,MEDIUM
21.200322575794402,22.70684,MEDIUM
24.990917569852343,22.208952,MEDIUM
24.541092166527672,23.345692,MEDIUM
25.58142980765568,23.613338,MEDIUM
23.874902175659148,24.448225,MEDIUM
24.09713946348123,24.02134,MEDIUM
24.59011924282816,24.160904,MEDIUM
23.303509379298784,24.113762,MEDIUM
22.452421312420093,23.844395,MEDIUM
23.312466406720944,22.981678,MEDIUM
26.926661500554566,22.739975,MEDIUM
22.71478270293732,24.318497,MEDIUM
21.24879736228631,23.624363,MEDIUM
21.31031700679156,22.529867,MEDIUM
20.147077953097288,21.629515,MEDIUM
24.05997478837952,20.688387,MEDIUM
22.282629748188167,21.726128,MEDIUM
22.506694144707897,21.61932,MEDIUM
22.19614365544268,21.994118,MEDIUM
0.0,21.775713,MEDIUM
0.0,0.82125974,LOW
0.0,0.17432642,LOW
0.0,0.23158824,LOW
0.0,0.28664124,LOW
0.0,0.30390036,LOW
0.0,0.62435365,LOW
0.0,0.7814168,LOW
0.0,0.77279615,LOW
0.0,0.7590451,LOW
0.0,0.8039316,LOW
0.0,0.8303392,LOW
0.0,0.8341762,LOW
0.0,0.7953037,LOW
0.0,0.87050915,LOW
0.0,0.8843403,LOW
0.0,0.9682691,LOW
0.0,0.90603256,LOW
0.0,0.92300797,LOW
0.0,1.0082035,LOW
0.0,1.0377555,LOW
0.0,1.0775534,LOW
0.0,1.0548389,LOW
0.0,1.0288466,LOW
0.0,0.9926863,LOW
0.0,0.98242486,LOW
0.0,0.980724,LOW
0.0,0.9687656,LOW
0.0,0.91649735,LOW
0.0,0.89551127,LOW
30.88084135444447,0.8899958,LOW
31.267226459401247,32.806725,HIGH
29.63886311446608,29.119904,HIGH
29.604905891349702,30.083775,HIGH
29.034262025583054,29.571,HIGH
29.22447694213086,28.73211,HIGH
29.59387591984148,28.352064,HIGH
29.652324679322543,28.111462,HIGH
31.62266638861037,28.112465,HIGH
31.411061403147016,29.271814,HIGH
31.037844591701266,29.970934,HIGH
29.898561450613627,30.319603,HIGH
30.435251312382906,29.878685,HIGH
33.16073213346077,29.869207,HIGH
32.3871665819765,30.84945,HIGH
33.413945360312475,31.21563,HIGH
32.07830996120621,32.00568,HIGH
31.670692885904145,32.057182,HIGH
32.539948804992704,31.716171,HIGH
32.858244060074355,31.389404,HIGH
30.00856349293039,31.280865,HIGH
32.48555323946471,30.248007,HIGH
35.175151701732396,30.704872,HIGH
34.599554670348866,32.177086,HIGH
33.21002302667053,33.10667,HIGH
33.42189272917179,33.090034,HIGH
29.98343150094305,33.06276,HIGH
31.02357535462503,31.159128,HIGH
32.519312102563,29.799707,HIGH
31.846495443923992,29.444649,HIGH
12.722021769986561,29.577616,HIGH
14.64890108473558,10.521738,MEDIUM
14.541078919136066,12.075243,MEDIUM
15.709496463003513,13.959492,MEDIUM
15.17026537358514,14.541807,MEDIUM
15.422124465887187,14.300125,MEDIUM
14.028840518967815,15.236807,MEDIUM
12.935383824115661,14.974234,MEDIUM
13.516386834156261,14.413546,MEDIUM
12.729338980640144,14.120697,MEDIUM
13.388824119556153,13.730501,MEDIUM
15.902833328627338,13.587379,MEDIUM
15.641161657594584,14.301495,MEDIUM
16.65520759203236,14.915913,MEDIUM
17.843727361816274,15.784851,MEDIUM
15.964028582927904,16.473572,MEDIUM
16.12360502296022,16.54795,MEDIUM
17.957255489785574,16.435879,MEDIUM
17.076742396894613,16.919167,MEDIUM
15.935754795206252,17.014492,MEDIUM
16.333452474554193,16.624056,MEDIUM
18.175340464956772,16.429665,MEDIUM
16.81651425974113,16.964413,MEDIUM
14.957975998360737,16.830484,MEDIUM
15.904081653521166,16.223175,MEDIUM
15.446800704368405,16.05341,MEDIUM
16.65530099608755,15.9134445,MEDIUM
12.726046095245737,16.188265,MEDIUM
16.189356705760616,14.992796,MEDIUM
14.337518320986717,15.436209,MEDIUM
5.060947562536217,15.121067,MEDIUM
3.218905233366364,5.805719,LOW
2.761202675889166,3.4298282,LOW
7.182967749638015,2.2658072,LOW
1.4068038779002343,3.5645103,LOW
3.9336407965713125,3.259934,LOW
3.916210518421332,4.1659408,LOW
6.9744634085194095,4.068763,LOW
3.192071877730873,4.954484,LOW
5.8072619222998,4.9559164,LOW
4.587215267802046,4.990426,LOW
2.746596133719491,5.0207005,LOW
3.678845006317376,4.873538,LOW
4.745713121472262,4.613798,LOW
4.031770569922914,4.6493397,LOW
5.603092227710086,4.5820894,LOW
6.558355014425459,4.871073,LOW
6.17158256628011,5.172439,LOW
6.974957107844482,5.725818,LOW
5.437420212248835,6.2711124,LOW
7.586259353436615,6.3584905,LOW
5.2545501256192395,6.889829,LOW
3.1537934229246627,6.8799043,LOW
5.436905264467294,5.945467,LOW
4.490394988187132,5.841659,LOW
3.4487979279093057,5.6237454,LOW
3.0760952525491483,5.1672354,LOW
9.873137777834485,4.514776,LOW
3.8400852181800644,6.987372,LOW
5.586105849861427,5.910609,LOW
7.363492866536052,6.098703,LOW
7.560505939084547,6.1965303,LOW
8.969012098998743,6.706495,LOW
6.955443230362066,7.3507714,LOW
6.028427461310522,7.405864,LOW
6.218380133115111,7.1885796,LOW
5.931953810387823,7.256536,LOW
7.698070469058509,7.1938653,LOW
5.354492424387679,7.410023,LOW
6.620541497606158,7.041287,LOW
4.315502631381264,6.802233,LOW
6.922499323764534,6.407986,LOW
7.31623917111656,6.7235017,LOW
7.919313214067215,6.9544444,LOW
8.549427618279594,7.211188,LOW
8.451877717868758,7.4237103,LOW
9.704697878581385,7.8524156,LOW
7.407978975407382,8.472309,LOW
9.683837718419973,8.739763,LOW
10.757574899839451,9.1420765,LOW
10.463242364673354,9.673124,LOW
9.956740394880939,9.983316,LOW
9.553804309930786,10.098291,MEDIUM
8.61778961906207,10.175552,MEDIUM
7.92091162141757,10.020544,MEDIUM
5.458599339934356,9.720278,LOW
8.588377043460962,8.539337,LOW
6.758661505788835,8.473503,LOW
7.771346834722036,8.290808,LOW
4.99462861095008,8.173854,LOW
3.286370190070506,7.3686852,LOW
2.781731509575792,5.9157715,LOW
0.0,4.853963,LOW
0.0,3.254124,LOW
0.9229671701151698,2.2564182,LOW
0.0,2.045518,LOW
0.0,1.6425298,LOW
0.3811056429512316,1.4087304,LOW
1.2824213425060869,1.2580955,LOW
3.0494767684303934,1.296134,LOW
2.328361307100862,1.484307,LOW
1.6460347386010552,1.5527419,LOW
5.525422598188516,1.6131123,LOW
1.3456678641822757,2.5485144,LOW
5.107291407234288,2.7168036,LOW
2.8866791488894155,3.5667446,LOW
4.3464230944597935,3.5166926,LOW
3.643410814835881,3.8884625,LOW
2.2514224790392525,4.0210853,LOW
2.5344001485249645,3.6894956,LOW
4.833630138434856,3.4691317,LOW
2.0333759463929573,3.8316002,LOW
1.935924049059583,3.5092428,LOW
3.7048415872256824,3.1013103,LOW
1.3876655988619309,3.0528667,LOW
2.4858402670848854,2.8904376,LOW
0.2925981812870413,2.7790718,LOW
2.552411145080457,2.1968951,LOW
3.4035293488538123,2.2901158,LOW
0.0,2.4498093,LOW
0.0,1.9816103,LOW
0.0,1.5970546,LOW
0.0,1.455986,LOW
0.0,1.4061865,LOW
0.0,1.2464644,LOW
0.0,1.0245644,LOW
0.0,0.96114266,LOW
0.0,0.98548985,LOW
0.0,0.9665984,LOW
0.0,0.90620124,LOW
0.0,0.9026253,LOW
0.0,0.92222095,LOW
0.0,0.9164213,LOW
0.0,0.91209805,LOW
0.0,0.93027663,LOW
4.3231669773147505,0.9576664,LOW
0.0,1.3081213,LOW
1.4513117366768,1.3257263,LOW
1.3238485928595356,1.3935237,LOW
0.0,1.4583074,LOW
0.0,1.5124795,LOW
2.2358201865220035,1.4963329,LOW
0.0,1.4780021,LOW
0.0,1.4211543,LOW
1.2517504917460753,1.2946974,LOW
0.0,1.2767222,LOW
0.0,1.2750821,LOW
0.0,1.2344706,LOW
0.0,1.0822439,LOW
0.0,1.0452392,LOW
3.443866998921088,1.0544689,LOW
4.501830691857068,1.4625677,LOW
3.3107559403355538,1.5552316,LOW
2.987936095130747,1.8327312,LOW
2.362047344043761,2.021064,LOW
2.155138411731585,2.276423,LOW
2.551599947612411,2.9346743,LOW
1.257230965594447,3.1311448,LOW
1.8518524933438698,2.5703373,LOW
0.5594540826962451,2.3559642,LOW
3.850360735633041,2.0146713,LOW
3.767624717972394,2.347937,LOW
3.933451782561125,2.598665,LOW
3.008157104788575,2.863946,LOW
4.2315020790733815,2.872354,LOW
2.943922176878072,3.3647108,LOW
6.8939668954826026,3.7187595,LOW
4.1802040188591025,4.888136,LOW
7.353718704560192,4.9662247,LOW
6.254976775549871,5.7841883,LOW
4.275701161674844,6.1233444,LOW
6.354818334223836,6.087165,LOW
3.981541274164547,6.3339767,LOW
4.351269872799232,6.0450783,LOW
6.185746651506992,5.7130504,LOW
4.063810654105742,5.8911014,LOW
3.8460887037569798,5.544033,LOW
1.5577195541887612,5.1843424,LOW
1.3875484073108417,4.2638974,LOW
4.167598713852303,3.5107207,LOW
0.0,3.660729,LOW
0.0,2.4256055,LOW
0.0,1.6298171,LOW
0.0,1.3219682,LOW
0.0,1.1755494,LOW
0.0,1.0615959,LOW
0.0,0.8920455,LOW
0.0,0.81971085,LOW
0.0,0.8338531,LOW
0.0,0.86779475,LOW
0.0,0.8967836,LOW
0.0,0.83280396,LOW
0.0,0.8095162,LOW
0.0,0.8021045,LOW
0.0,0.8815708,LOW
0.035115132822582495,0.8474015,LOW
0.0,0.91922736,LOW
0.0,0.95815575,LOW
0.0,1.0371313,LOW
1.327975727960606,1.020397,LOW
0.0,1.1575154,LOW
0.0,1.1651661,LOW
1.9389973794798596,1.0888238,LOW
0.0,1.2466733,LOW
0.0,1.2218587,LOW
0.0,1.1319928,LOW
0.0,0.98622596,LOW
0.0,0.972631,LOW
0.0,0.97435737,LOW
0.0,0.88296115,LOW
28.92353462594246,0.8457079,LOW
30.28911689770223,31.040945,HIGH
26.535001462798256,27.92616,HIGH
28.867638875525884,27.771904,HIGH
24.82192898718536,27.862682,HIGH
28.950243525824003,26.46083,HIGH
27.20419628266913,27.18983,HIGH
29.289816346288006,26.013653,HIGH
27.924010821056715,27.270546,HIGH
28.438950763042417,27.40534,HIGH
26.693850603682026,27.771568,HIGH
28.853741261873424,27.196522,HIGH
27.655853352320275,27.187212,HIGH
28.99069743092056,26.806845,HIGH
29.893864677983576,27.509863,HIGH
29.69693760023452,28.516716,HIGH
30.90836885319694,29.322098,HIGH
29.123596856142026,29.858501,HIGH
33.25251105662198,29.78116,HIGH
31.320975362461095,30.753183,HIGH
30.999027336298262,30.312931,HIGH
30.377836187822638,30.11473,HIGH
29.762336135440442,29.792969,HIGH
28.405914080852206,29.59991,HIGH
31.01686158626804,28.338625,HIGH
28.27322182692195,28.516193,HIGH
28.189955283510702,27.448534,HIGH
26.976661756103198,26.593925,HIGH
25.889022151639594,25.635834,HIGH
27.80832928422307,25.26302,HIGH
35.544538507453886,25.660484,HIGH
35.655571814436996,31.906689,HIGH
38.79702398253801,34.18205,HIGH
38.2747210063482,36.337337,HIGH
36.64068919903843,36.842953,HIGH
36.22342529242357,36.679806,HIGH
36.380351170698454,36.400368,HIGH
36.320718104105026,34.717823,HIGH
35.09912561998891,34.938717,HIGH
36.2184969397432,34.152794,HIGH
35.80295659679929,34.35176,HIGH
36.620829503509114,34.861526,HIGH
39.65344482927733,34.61732,HIGH
36.15345349858852,35.52975,HIGH
37.681305883147836,35.775356,HIGH
36.45988131430119,37.030125,HIGH
39.98956992425352,36.945263,HIGH
38.90459379870079,38.09145,HIGH
39.53005388520282,38.05186,HIGH
40.048985993690806,37.535564,HIGH
38.982285000501456,38.527935,HIGH
37.38808665645221,38.447216,HIGH
38.19940804149474,38.1002,HIGH
34.819617838470194,36.884815,HIGH
36.33172023759074,35.157997,HIGH
38.683749382411435,34.34982,HIGH
37.57845491320136,33.293068,HIGH
36.39980399220609,33.741955,HIGH
34.67030520599922,34.671677,HIGH
36.95906790761677,34.011326,HIGH
11.5303546188797,34.682934,HIGH
13.189119261770182,9.487774,LOW
10.977949733427431,11.802362,MEDIUM
10.001126760412385,11.739641,MEDIUM
9.196562858023853,10.859201,MEDIUM
10.873659713542743,10.215559,MEDIUM
8.40413331472789,10.493782,MEDIUM
11.748050380399686,10.581362,MEDIUM
9.817426351272522,10.849503,MEDIUM
12.242932034901044,10.662199,MEDIUM
12.157565801165774,11.069544,MEDIUM
12.530560453907677,11.285271,MEDIUM
10.714418765879957,11.931574,MEDIUM
9.393208334387786,11.610918,MEDIUM
15.785294418503096,11.158474,MEDIUM
11.267383440257062,14.041563,MEDIUM
11.81429989829378,13.164,MEDIUM
14.646099431407292,13.036055,MEDIUM
17.481367495463573,13.454945,MEDIUM
15.146703420654685,15.364782,MEDIUM
13.07356362709043,15.544647,MEDIUM
14.20349949912353,15.1577,MEDIUM
12.381923445353046,15.031181,MEDIUM
8.809117778610954,14.201935,MEDIUM
12.589291855293503,11.617302,MEDIUM
11.075366885695061,12.10022,MEDIUM
9.53131144133263,11.708609,MEDIUM
10.498964251522027,11.185186,MEDIUM
11.516885976246245,11.062029,MEDIUM
12.180838602019938,11.135641,MEDIUM
1.9093521321322202,11.490389,MEDIUM
0.0,2.7364721,LOW
0.0,1.488906,LOW
0.0,0.940539,LOW
0.0,0.9129354,LOW
0.0,1.0838516,LOW
0.25303428625169655,1.2629615,LOW
0.0,1.1886014,LOW
0.33632639327428127,1.147866,LOW
0.27246519550352755,1.1611148,LOW
2.019094141943506,1.1895137,LOW
1.3122550752995927,1.31718,LOW
2.8322168535703973,1.419375,LOW
3.2863097348982286,1.5551018,LOW
0.5210579301962919,1.8729322,LOW
0.9768283880285091,1.8982762,LOW
0.0,1.9372072,LOW
4.992395309861482,1.7031649,LOW
4.308617882271937,2.4888158,LOW
3.188407070722332,2.9233403,LOW
2.8389375817708773,2.8041205,LOW
1.0316347119617157,2.5511642,LOW
4.084221218046787,2.4491367,LOW
2.2921920444397212,3.2452908,LOW
0.0,3.2974632,LOW
0.0,2.4270868,LOW
0.0,1.8352411,LOW
1.4666034109078678,1.6801914,LOW
0.7826269570076081,1.6981149,LOW
0.9408989574883082,1.5680901,LOW
6.832955858313797,1.4576081,LOW
5.82109752482938,4.358901,LOW
2.6429883277300483,4.489832,LOW
2.223104555134565,4.762668,LOW
4.565160578566692,3.879227,LOW
6.424442570022698,4.2009935,LOW
6.112078023049884,5.0227284,LOW
3.696666760277214,5.44222,LOW
3.9917801950689906,4.907878,LOW
5.3018859031163785,4.6598854,LOW
4.522597435530285,5.1709046,LOW
4.125353332937687,5.3935695,LOW
5.730946201405029,5.13036,LOW
5.345483192859904,5.1022024,LOW
6.284189890757581,5.3077173,LOW
7.606635147443203,5.738185,LOW
9.720680634140779,6.2554507,LOW
8.964061620898342,7.0899653,LOW
10.02972350924374,7.7185187,LOW
7.408335411586004,8.622477,LOW
8.638300987272642,8.866277,LOW
7.363270497278094,9.114712,LOW
7.63761297625323,8.998217,LOW
10.436931915205744,8.815653,LOW
3.3589077677719708,9.313053,LOW
7.850474720911098,7.223511,LOW
5.711709756630388,7.64733,LOW
7.664996421976062,7.5259733,LOW
4.937377409378282,7.5351853,LOW
5.315037233371934,7.2379937,LOW
30.727142835449598,6.6591616,LOW
29.12846545429963,31.124453,HIGH
30.60651042542205,28.837318,HIGH
29.1871936366352,29.61059,HIGH
26.135831621136056,28.928186,HIGH
26.06814871720999,27.549137,HIGH
28.92763498164653,26.293648,HIGH
27.39475857110375,25.777227,HIGH
28.104830487137328,26.02632,HIGH
28.46518936624437,26.732851,HIGH
28.056211693291935,27.400885,HIGH
30.543842321183075,27.493843,HIGH
30.628190273226473,28.466263,HIGH
30.73524622098813,29.406666,HIGH
29.079224309714384,29.915798,HIGH
31.0010084789875,29.4002,HIGH
31.347968075902674,29.755814,HIGH
31.551508106970818,30.112719,HIGH
31.314972821887494,30.505754,HIGH
29.980284284186997,30.801281,HIGH
32.0767400145634,30.446468,HIGH
31.30165983098003,30.707191,HIGH
30.347811559878235,30.260548,HIGH
30.972641675036858,29.719683,HIGH
30.930664025300807,29.62262,HIGH
28.175046276297383,29.496899,HIGH
28.06185737992435,28.278713,HIGH
29.96266049601119,27.463804,HIGH
27.92732958493412,27.820484,HIGH
25.290198197186623,27.176285,HIGH
18.394271708292024,25.056221,HIGH
18.31466742729643,17.922167,MEDIUM
16.025782944170015,16.67371,MEDIUM
18.19370907861233,16.419752,MEDIUM
16.527943495044674,16.504738,MEDIUM
15.826371788724632,16.041702,MEDIUM
15.288732463436636,16.078947,MEDIUM
17.721906922193078,15.93615,MEDIUM
16.996221334515454,16.507875,MEDIUM
17.55397769107993,16.571642,MEDIUM
17.72570689375832,16.863085,MEDIUM
16.550988059108214,17.282738,MEDIUM
19.025052538066436,17.043417,MEDIUM
18.512757441742338,17.710611,MEDIUM
20.71160890605102,18.03196,MEDIUM
19.087569378482463,19.021864,MEDIUM
19.32537516722801,19.047663,MEDIUM
19.45855482265355,19.099598,MEDIUM
17.99156268304603,19.051392,MEDIUM
21.70739723018147,18.494524,MEDIUM
22.887858432413907,19.558212,MEDIUM
21.782135501822427,20.915634,MEDIUM
20.30455777030314,21.454762,MEDIUM
18.198904784035207,21.102535,MEDIUM
17.96809920313503,19.80973,MEDIUM
18.386428969481372,18.132902,MEDIUM
18.93806694885874,17.56293,MEDIUM
16.39660510518555,17.83278,MEDIUM
16.67125042782787,17.265202,MEDIUM
17.11876335021535,16.779362,MEDIUM
37.19077404242932,16.796001,MEDIUM
34.0433956352559,35.659904,HIGH
31.547544564471885,33.6327,HIGH
33.49635854909546,32.377525,HIGH
33.23696026204792,32.6205,HIGH
33.044606041102924,32.73351,HIGH
35.10240192046034,33.016415,HIGH
33.68089581807095,32.04878,HIGH
35.10229943790429,33.058643,HIGH
33.80361038613471,33.757286,HIGH
33.7948340742941,33.04267,HIGH
34.827155242882455,32.77517,HIGH
36.33685064080012,33.16884,HIGH
38.63561234016799,33.849506,HIGH
35.762613020038444,35.544533,HIGH
33.854426490512964,35.791714,HIGH
37.34053987759104,35.431515,HIGH
34.29800548980167,35.796566,HIGH
35.4984829595939,34.758366,HIGH
37.63383059228417,34.61498,HIGH
36.06514681475399,35.306126,HIGH
37.501396544391234,35.62344,HIGH
33.266057623257886,36.366665,HIGH
36.25030964837454,34.327217,HIGH
34.7029233259914,35.05875,HIGH
35.042332880427324,33.31872,HIGH
34.86046243973985,32.74078,HIGH
34.90678470748705,32.935608,HIGH
34.94193640916947,33.15084,HIGH
33.322247788369644,34.028366,HIGH
18.540019965643726,32.9993,HIGH
17.060259569159097,16.617235,MEDIUM
20.66755104163452,17.0422,MEDIUM
21.46525556080142,18.327251,MEDIUM
17.869010643450753,20.390142,MEDIUM
18.990075071027036,19.222666,MEDIUM
18.192613216217463,18.24054,MEDIUM
18.99805859272921,18.392536,MEDIUM
18.439567049127557,18.47678,MEDIUM
20.216002335651876,18.141947,MEDIUM
20.88557515310505,18.909092,MEDIUM
19.362397469251274,19.637144,MEDIUM
20.906065120209306,19.60902,MEDIUM
20.130771579068643,19.958275,MEDIUM
22.65342171009464,20.12265,MEDIUM
21.596962037570634,20.99387,MEDIUM
21.843600333418593,21.22203,MEDIUM
21.638531466206285,21.536175,MEDIUM
23.10621272449861,21.558395,MEDIUM
22.999750750129024,21.962938,MEDIUM
24.705000270184314,22.075056,MEDIUM
21.09368833971301,23.108953,MEDIUM
22.558627240296957,22.470127,MEDIUM
21.523678297818567,22.276882,MEDIUM
24.060829102426666,21.69651,MEDIUM
22.91832505636733,22.318998,MEDIUM
19.73061079193087,22.219421,MEDIUM
17.974791366152214,21.233055,MEDIUM
18.948435536891544,19.16736,MEDIUM
20.548817827786916,18.39739,MEDIUM
24.399815719333127,18.869709,MEDIUM
23.677463648238216,22.170261,MEDIUM
26.41429642128245,23.232912,MEDIUM
23.501168329156197,24.63829,MEDIUM
24.722417855504077,24.296953,MEDIUM
21.37492065831966,24.574656,MEDIUM
24.531527229484446,22.945583,MEDIUM
23.109713102473627,22.991892,MEDIUM
23.447883416904908,22.597185,MEDIUM
23.552739518910073,22.759703,MEDIUM
24.12074675893359,22.84385,MEDIUM
23.230803100061628,23.334784,MEDIUM
24.222812491292284,23.174854,MEDIUM
25.572927497299872,23.387327,MEDIUM
27.222956443028696,24.01042,MEDIUM
24.173574477538498,25.477257,HIGH
26.462230112753797,25.038067,HIGH
31.021495894435525,25.538525,HIGH
28.408397912153237,27.734985,HIGH
26.824993211217958,27.83041,HIGH
26.712532723599764,27.440563,HIGH
25.724779741189572,27.000906,HIGH
27.30445793890173,26.307907,HIGH
25.335728650632504,25.908947,HIGH
25.475576642190056,25.065002,HIGH
28.296669737051502,24.753454,MEDIUM
24.437702487404405,25.512928,HIGH
22.528512230424834,24.845495,MEDIUM
26.09559231874908,23.591381,MEDIUM
23.00048458142895,23.745758,MEDIUM
34.286883751767185,23.329857,MEDIUM
38.601690565247374,31.20828,HIGH
36.889852059060956,35.901844,HIGH
34.15439755987201,35.852856,HIGH
34.28420473515042,35.17146,HIGH
34.02904758406399,34.845745,HIGH
30.3329950017145,34.123062,HIGH
35.809928290128106,30.34078,HIGH
34.25419741569028,30.552698,HIGH
33.016677647011456,31.250477,HIGH
35.836702028986856,31.989815,HIGH
35.621220883729045,33.91384,HIGH
36.60199022670267,34.853374,HIGH
39.05734535987322,35.53181,HIGH
36.302963964062734,37.18423,HIGH
36.54431274863173,37.32614,HIGH
38.5670693116628,37.271748,HIGH
37.59738185929124,37.904377,HIGH
36.792115044474016,38.01867,HIGH
35.55671039699655,37.152027,HIGH
37.26484914075455,35.694042,HIGH
38.31170113604818,36.257473,HIGH
38.12536499140541,35.545654,HIGH
35.59823739166556,35.870487,HIGH
40.170759088417554,35.39728,HIGH
35.78407894149686,36.207836,HIGH
33.84133536272394,35.509956,HIGH
37.844680294438035,33.936054,HIGH
33.69205446743628,33.984936,HIGH
34.78806907056938,32.51752,HIGH
22.985312358307528,32.70796,HIGH
20.676770169060344,22.530552,MEDIUM
21.434570787741492,21.120739,MEDIUM
21.897127030950987,20.900608,MEDIUM
20.941036988008833,20.145214,MEDIUM
19.45189342991983,19.790665,MEDIUM
22.196644555369744,19.38528,MEDIUM
24.295602115095424,20.690018,MEDIUM
18.702474192670056,22.192184,MEDIUM
20.229889738201365,21.068459,MEDIUM
22.330726990857613,20.247366,MEDIUM
21.162181060284524,20.71284,MEDIUM
22.309097116839247,20.948238,MEDIUM
21.422510124341954,21.565506,MEDIUM
22.695740786360606,21.643059,MEDIUM
22.77549049692036,22.026318,MEDIUM
25.3422247316974,22.079622,MEDIUM
26.698097406999562,23.456686,MEDIUM
23.103515925722064,24.852072,MEDIUM
22.62438623328603,24.239223,MEDIUM
21.212553786555745,23.57178,MEDIUM
24.94131148194947,22.310198,MEDIUM
22.72460456273964,23.012653,MEDIUM
25.81606314246697,22.303518,MEDIUM
23.45746956774425,23.836426,MEDIUM
22.95368167168486,23.49088,MEDIUM
22.726517198334193,23.292973,MEDIUM
21.36390072486106,22.663036,MEDIUM
22.432096997635764,21.846798,MEDIUM
18.901385856310284,21.667229,MEDIUM
7.439389567617736,20.47567,MEDIUM
4.776238714926745,4.988503,LOW
4.5556832378262175,5.0164213,LOW
4.372498894964741,3.993277,LOW
4.179134830885946,3.5005345,LOW
2.0989686142706034,3.2208729,LOW
3.8641271908389268,3.8371646,LOW
2.431836752152325,4.2657347,LOW
3.4847522541438245,3.7786634,LOW
5.901031659297356,3.6359644,LOW
3.052832932102662,4.0565968,LOW
5.795958778826446,3.8962803,LOW
3.1990879917510497,4.4836063,LOW
4.935677450463762,4.3842087,LOW
4.159117824859612,4.7290735,LOW
6.183466483093371,4.864705,LOW
5.16589096380897,5.2115645,LOW
5.661972872999456,5.3257523,LOW
8.69132832718357,5.541722,LOW
6.011679372867745,6.3262906,LOW
6.697262591441918,6.699757,LOW
7.352487040663995,6.8818555,LOW
5.177366090060682,7.1515403,LOW
5.495200161797888,7.104141,LOW
5.9218869230024005,6.8378954,LOW
5.041308578437418,6.672846,LOW
4.735846007687114,6.348952,LOW
4.203983949684524,6.013751,LOW
3.0343351906389415,5.575175,LOW
2.8747582126994846,4.9428153,LOW
14.704452905747049,4.3418922,LOW
13.944038689425668,15.185904,MEDIUM
16.119599253734002,14.484133,MEDIUM
15.112541752197693,14.180819,MEDIUM
13.436245228940376,14.031008,MEDIUM
13.459379306031073,14.060488,MEDIUM
14.668064739654625,14.261742,MEDIUM
13.574320104517517,14.68679,MEDIUM
14.508394872934156,14.420076,MEDIUM
15.495197921346026,14.62315,MEDIUM
16.19071587083419,15.036539,MEDIUM
15.282564492172735,15.749815,MEDIUM
15.291131806902143,15.811365,MEDIUM
15.541599236941778,15.928101,MEDIUM
16.78383010931762,15.999393,MEDIUM
14.914120686469662,16.386717,MEDIUM
15.408955806739533,16.05944,MEDIUM
15.757707379375399,16.05805,MEDIUM
19.748103117995136,16.129782,MEDIUM
15.867223587071834,17.39401,MEDIUM
19.37351029817058,16.991467,MEDIUM
19.081005862220415,18.124956,MEDIUM
17.736768716415437,18.469513,MEDIUM
16.07783127166578,18.426329,MEDIUM
14.740312862990177,17.60585,MEDIUM
16.589290647922166,16.27788,MEDIUM
14.770687074574635,16.27351,MEDIUM
13.511692585557755,15.751427,MEDIUM
14.131676934233944,15.076366,MEDIUM
12.899820851958745,14.781897,MEDIUM
35.84889241841894,14.288277,MEDIUM
37.535294785325334,35.195408,HIGH
35.28314007675992,34.81257,HIGH
34.42116020214887,34.760006,HIGH
33.235577507135766,34.315334,HIGH
32.669292886205916,33.587513,HIGH
34.72653456581194,33.327126,HIGH
34.1392059011362,31.198614,HIGH
32.196164421792474,31.618837,HIGH
34.22465948632163,32.09616,HIGH
32.79810177082657,33.28127,HIGH
35.38307353269363,33.12774,HIGH
32.77535847965914,33.89793,HIGH
36.589937678889086,32.867233,HIGH
35.020949633571014,33.93175,HIGH
35.643439271449836,34.034916,HIGH
35.52838463446738,34.5244,HIGH
36.840847448647,34.730618,HIGH
37.00361580951825,35.18545,HIGH
38.39609670149116,36.36947,HIGH
35.88074783483267,36.836643,HIGH
37.50980711333362,36.813923,HIGH
37.08117450937581,37.264446,HIGH
36.04150415284063,36.98795,HIGH
34.469441263330054,35.86863,HIGH
36.265493249121626,34.549473,HIGH
34.22346255629469,33.943096,HIGH
36.12748962351562,32.737507,HIGH
30.62980060443028,32.425667,HIGH
33.59985172544488,30.478153,HIGH
26.832057003015827,30.909796,HIGH
25.630644859844423,25.851654,HIGH
27.496996894388438,23.340263,MEDIUM
25.407310230976652,23.66603,MEDIUM
25.513518485733236,23.840828,MEDIUM
25.771666530250876,23.516945,MEDIUM
26.73721830046522,24.07727,MEDIUM
24.945342764326767,25.28545,HIGH
22.26112593606518,24.866629,MEDIUM
23.883097378020167,22.826815,MEDIUM
26.03467077493608,22.828026,MEDIUM
25.444595772683392,23.759714,MEDIUM
26.226448221244343,24.19133,MEDIUM
25.678268611223725,24.92327,MEDIUM
27.47893062130663,25.36063,HIGH
26.945310168405776,25.924896,HIGH
26.703252660815135,26.146416,HIGH
26.537157704461553,26.389597,HIGH
29.406220861428707,26.27501,HIGH
27.626719242772015,27.257624,HIGH
27.27668903855802,26.946487,HIGH
29.614610029787535,26.767397,HIGH
26.747093570713602,27.486578,HIGH
26.505963828312986,26.907757,HIGH
28.782171757320253,26.236109,HIGH
25.593682730555656,26.642609,HIGH
25.781976737412386,25.941956,HIGH
24.084636000692566,25.050863,HIGH
24.966348578952,24.076305,MEDIUM
24.375770943979383,23.816395,MEDIUM
1.8470992644166362,23.497602,MEDIUM
0.750094445958922,2.4497178,LOW
5.702575402255841,1.265858,LOW
1.5098870325690923,1.5977437,LOW
2.388037485128642,1.6809989,LOW
1.0559036393244394,1.6536663,LOW
1.350051642831315,2.12856,LOW
1.821845715754721,2.221665,LOW
2.0538366472555234,2.2794528,LOW
3.3416295852913365,2.0943632,LOW
0.481835511518506,2.208102,LOW
0.39573607017510426,1.912892,LOW
4.135806181777349,1.724832,LOW
3.955207750393133,2.3057323,LOW
2.7194850318632335,2.6872337,LOW
5.911250706152109,2.7996373,LOW
5.391751823389486,3.2805963,LOW
3.820882925773436,3.9664907,LOW
7.200309132191728,4.636465,LOW
6.668011203322013,5.428805,LOW
4.912151834037901,6.0207677,LOW
5.397383887598083,6.12055,LOW
3.167009168494462,6.1080174,LOW
2.8835444459624533,5.391908,LOW
0.5297045018975428,4.752593,LOW
1.4247235582600455,3.5728526,LOW
5.236432574846283,2.8637605,LOW
0.08544860695350831,3.5427208,LOW
1.1614022445013656,2.662754,LOW
1.817151274064706,2.095955,LOW
0.0,1.9146023,LOW
0.0,1.6856751,LOW
0.0,1.477503,LOW
0.0,1.1863521,LOW
0.0,1.0663348,LOW
0.0,0.96877766,LOW
0.0,0.86433613,LOW
0.0,0.7932552,LOW
0.0,0.78426516,LOW
0.0,0.826733,LOW
0.0,0.825657,LOW
0.0,0.836566,LOW
0.0,0.8526963,LOW
0.0,0.8924905,LOW
0.0,0.90016615,LOW
0.0,0.93746126,LOW
0.0,0.9365746,LOW
0.0,0.9668685,LOW
0.0,0.9657799,LOW
0.0,0.9508209,LOW
0.0,0.9856287,LOW
0.5521202213153771,0.9759077,LOW
0.0,0.9864347,LOW
0.0,1.0545881,LOW
0.0,1.0372146,LOW
0.0,0.9825314,LOW
0.0,1.0353699,LOW
0.0,1.0963978,LOW
0.0,1.0613213,LOW
0.0,0.96464014,LOW
3.725859234790482,0.9033537,LOW
1.2650356201398374,1.2238396,LOW
0.6891705176982992,1.2908952,LOW
1.4929783090245579,1.2323093,LOW
0.7727394130734275,1.2702861,LOW
0.6336160758514868,1.3627139,LOW
0.0,1.5599153,LOW
0.770199066574758,1.4920442,LOW
3.2948085090712027,1.4380751,LOW
1.240010645622558,1.5960051,LOW
2.719578138453196,1.5975716,LOW
0.7091378316521784,1.6452705,LOW
0.1960667463661938,1.6019858,LOW
2.6941715759861022,1.6508017,LOW
2.327316907706571,1.9806429,LOW
4.309213232749245,1.9991512,LOW
5.20303308561194,2.3656874,LOW
2.6224486499851754,2.814352,LOW
4.575276171667884,2.8560266,LOW
3.80646793083452,3.5818596,LOW
2.5739660175958505,3.912604,LOW
4.935615169531534,3.9717064,LOW
2.9494455356361975,4.17599,LOW
4.465119300659541,3.8759751,LOW
2.5865702194631393,4.020462,LOW
5.042920359821624,3.767465,LOW
1.720276389005278,3.980454,LOW
0.5965705572628739,3.71914,LOW
0.0,3.0061252,LOW
1.9494730856147555,2.247467,LOW
29.739626952113277,2.1482482,LOW
26.838837463790124,31.598269,HIGH
24.774715428401613,27.059978,HIGH
27.161122669747677,25.75462,HIGH
24.950320148161307,26.39224,HIGH
25.6653089619683,25.77978,HIGH
25.19175207374144,26.020393,HIGH
21.576876863074784,24.262293,MEDIUM
27.48597993116929,23.500546,MEDIUM
24.38879345752487,25.426823,HIGH
26.92303592683134,24.519184,MEDIUM
26.367581928743903,25.532967,HIGH
24.125304333219663,25.68521,HIGH
29.961827103913393,25.14154,HIGH
29.0050002376601,27.267143,HIGH
25.255424295842328,27.45736,HIGH
30.17213561292502,26.625973,HIGH
27.390574347548068,28.3738,HIGH
28.053208506077745,27.708698,HIGH
31.253297689559652,27.897831,HIGH
29.492534746882377,29.417328,HIGH
24.052683657350798,29.320282,HIGH
25.983199581090048,26.962372,HIGH
24.655973619388675,26.239899,HIGH
27.862183330073343,24.880085,MEDIUM
27.000526239421156,25.179733,HIGH
26.687002889732973,25.145767,HIGH
26.370295506756012,25.534191,HIGH
25.874684291617783,25.70393,HIGH
24.561105093591568,25.333126,HIGH
30.483363625108755,24.794258,MEDIUM
28.238287776402732,25.838453,HIGH
26.054683019857897,24.825684,MEDIUM
26.765851684339935,24.146122,MEDIUM
24.40972488969564,24.036932,MEDIUM
24.997201208009436,23.758522,MEDIUM
26.52492148748843,23.803032,MEDIUM
27.499578114359583,24.292122,MEDIUM
25.396636660200016,25.366852,HIGH
26.827512520073654,25.21557,HIGH
26.713259326745465,25.494225,HIGH
29.3934947658763,25.611637,HIGH
26.988687538172652,27.128574,HIGH
29.038986926632102,26.866808,HIGH
30.204797977961388,27.820736,HIGH
28.49588348128132,28.614979,HIGH
29.12991072920595,28.73442,HIGH
29.537566689388782,28.814297,HIGH
29.442971108656348,29.135372,HIGH
29.922229293741044,29.372414,HIGH
29.148640535532845,29.369791,HIGH
30.976189486843996,29.065018,HIGH
27.63798974073278,29.326805,HIGH
27.724936197222082,28.01429,HIGH
27.80889137930922,27.03881,HIGH
27.674531614293354,26.333069,HIGH
27.90884183240364,26.156858,HIGH
25.606189408624488,25.989723,HIGH
26.61473807036702,25.396503,HIGH
28.152909592896922,25.275887,HIGH
32.27631086195874,25.502827,HIGH
26.01607476036125,28.887281,HIGH
24.80172765715863,28.229973,HIGH
30.24944181081549,26.48846,HIGH
23.837092107944134,28.109468,HIGH
28.601838948187655,25.734426,HIGH
27.465151544325405,26.696579,HIGH
28.63862563153829,25.993553,HIGH
27.583034851817352,27.340595,HIGH
30.056401035712632,26.857069,HIGH
27.945990169782675,28.03159,HIGH
27.91039367729163,27.769474,HIGH
26.615451469178858,27.460554,HIGH
28.53324703660428,27.036201,HIGH
28.651049084416094,27.5666,HIGH
30.467243710728177,27.738728,HIGH
30.313000548610574,28.690145,HIGH
28.207857775505616,29.329863,HIGH
31.20106315303866,28.990723,HIGH
29.291408272650614,29.413235,HIGH
28.865845343062958,28.846386,HIGH
29.697604972949755,28.863356,HIGH
29.98822287729293,28.973814,HIGH
28.903901661839818,29.263992,HIGH
29.427143499593527,28.78558,HIGH
27.573109406790948,28.366732,HIGH
29.01955561497509,27.114983,HIGH
28.51463060617725,26.532608,HIGH
26.438636422661503,26.116161,HIGH
25.595566291374844,25.611996,HIGH
13.954775858961314,25.250572,HIGH
8.754369403600162,12.9121685,MEDIUM
10.59687497953214,9.456963,LOW
8.863892504522132,10.125313,MEDIUM
8.535425712668879,9.203999,LOW
8.514632125367257,8.3731785,LOW
7.78691056201807,9.499586,LOW
9.506364655317928,9.70182,LOW
9.281603309185096,9.629297,LOW
10.085527233822988,9.674944,LOW
9.933806599169555,9.819351,LOW
10.442372506559167,10.058395,MEDIUM
11.222538275874427,10.366869,MEDIUM
12.430936137485238,10.643009,MEDIUM
10.209539508985655,11.337313,MEDIUM
10.233648428115448,11.241295,MEDIUM
11.514445610184467,11.149834,MEDIUM
11.427301297524112,11.617023,MEDIUM
10.930188192496558,11.845463,MEDIUM
13.112628668520271,11.7876,MEDIUM
12.286840941412855,12.4098625,MEDIUM
9.398177650487437,12.356367,MEDIUM
14.746184009668905,11.671982,MEDIUM
9.266278642590802,13.404331,MEDIUM
9.597250175062609,12.160925,MEDIUM
10.227917091458362,11.175959,MEDIUM
9.96436409540493,11.003017,MEDIUM
8.718258745428287,10.838533,MEDIUM
11.1711567923599,10.624582,MEDIUM
9.154091568982157,10.78812,MEDIUM
9.320252483255967,10.449005,MEDIUM
8.127307701823113,10.200933,MEDIUM
5.894850836045604,9.682913,LOW
8.304746515906178,8.806234,LOW
6.164763486684269,8.665148,LOW
8.615371640231015,8.335176,LOW
6.693420799836874,8.332414,LOW
4.8530727211721505,8.060177,LOW
3.9160868370507718,7.3412304,LOW
7.806876746292822,6.443769,LOW
7.988866516311273,6.946598,LOW
10.004541242016316,7.2202706,LOW
10.121549475370145,7.8569202,LOW
9.008559787816377,8.145208,LOW
7.427218880288519,8.700539,LOW
6.730994079936671,9.000519,LOW
8.428920442626385,8.89837,LOW
9.58912842505586,9.105525,LOW
8.934597690229483,9.367809,LOW
8.783011268731048,9.28982,LOW
12.350047408679204,9.137694,LOW
9.29991841026703,10.101923,MEDIUM
9.404964451950004,10.131857,MEDIUM
9.98998346899544,10.242922,MEDIUM
7.008445568118221,10.290064,MEDIUM
7.8861371952770565,9.852396,LOW
7.370543073235893,9.413039,LOW
4.5354947673609445,9.053307,LOW
6.6771593050544435,7.7865796,LOW
6.3045151448305745,7.660665,LOW
38.42082907013306,7.3132386,LOW
35.68012533763037,37.067127,HIGH
35.897570157997905,34.83614,HIGH
34.4774042134179,35.236847,HIGH
34.70538786571182,34.620625,HIGH
37.628211228175516,33.88823,HIGH
33.09083985765593,34.974434,HIGH
35.4428369627812,32.672054,HIGH
35.4696832184516,34.02223,HIGH
33.03068142891338,33.850216,HIGH
37.74478125067369,33.335567,HIGH
34.55750079289372,34.34946,HIGH
35.5174046623414,33.80201,HIGH
38.10519524934621,34.320705,HIGH
35.77140794297553,35.356136,HIGH
39.225388598562944,35.84269,HIGH
39.41981981371464,37.17876,HIGH
38.71575479537805,38.26588,HIGH
38.44400932527861,38.667274,HIGH
40.79214855966409,38.815525,HIGH
39.9164185057733,39.541813,HIGH
39.752858281253,39.60457,HIGH
39.47834790238088,39.277782,HIGH
37.66943634921043,38.472183,HIGH
35.43851908063012,37.12923,HIGH
38.09997340555462,34.426746,HIGH
39.29917670759322,33.222023,HIGH
36.03197355154175,34.863873,HIGH
39.56252703025202,34.940567,HIGH
34.20154833935337,36.59261,HIGH
10.437566103693085,35.09499,HIGH
8.772506627080768,7.4893866,LOW
12.592955021443187,9.052592,LOW
10.022269176641554,11.003925,MEDIUM
6.134166439819833,9.857613,LOW
8.03107834199189,7.5812106,LOW
7.324641474893063,7.359123,LOW
10.294942756935813,8.680588,LOW
10.1836980737893,9.2996,LOW
9.216745306994447,9.659752,LOW
10.59340022809683,9.430464,LOW
8.4231318292146,9.651049,LOW
10.858536042615908,9.804693,LOW
10.442084480631868,10.23752,MEDIUM
12.527284355463884,10.456287,MEDIUM
11.000535160937773,10.8997135,MEDIUM
12.32104327970258,10.976419,MEDIUM
13.356908168616258,11.433125,MEDIUM
12.363707718435506,12.0600395,MEDIUM
13.00792716748938,12.434227,MEDIUM
12.21062381131454,12.631353,MEDIUM
15.680269946974747,12.658611,MEDIUM
11.201812288048384,13.76329,MEDIUM
8.708586004801802,13.246838,MEDIUM
11.227977108076699,11.510729,MEDIUM
11.427592877099691,10.988274,MEDIUM
10.124298969656392,10.933096,MEDIUM
9.983645666320719,10.895746,MEDIUM
8.92778434700654,10.807285,MEDIUM
8.210572632355515,10.360611,MEDIUM
2.4631584230675925,9.970438,LOW
3.511379266284523,5.3150983,LOW
0.0,3.5768924,LOW
2.4721086006575854,1.812627,LOW
2.2352211132885973,1.9188861,LOW
0.07353879748077219,2.3640976,LOW
1.6334064834721254,2.1317627,LOW
0.0,1.7759618,LOW
2.8002871085694876,1.5530192,LOW
3.165825472847029,1.8198988,LOW
0.6879309129379747,1.9918914,LOW
2.7729216480030168,1.717695,LOW
2.340978958255878,1.9623845,LOW
4.43089931075107,2.075554,LOW
3.5168457440086804,2.8738875,LOW
4.460027980630763,2.975128,LOW
4.970700061731302,3.2367518,LOW
6.188792248109871,3.7924347,LOW
4.537992252298223,4.7197638,LOW
2.750358642737832,5.045826,LOW
4.990384236883665,4.7224655,LOW
3.782564885339312,4.75653,LOW
3.819813513831008,4.7435875,LOW
0.533244406830657,4.590589,LOW
2.5967923009435303,3.5695798,LOW
3.3509849241974097,3.1609094,LOW
6.054853139276371,3.2208064,LOW
1.1373867866626322,3.8694563,LOW
2.0180051224985007,3.2457614,LOW
2.4508123842003844,2.5709295,LOW
23.072354890866805,2.7175016,LOW
24.49826357296279,23.512154,MEDIUM
21.87952415716437,22.589521,MEDIUM
21.987337074076954,22.10646,MEDIUM
22.440953714406895,21.732996,MEDIUM
23.632139242648428,21.963392,MEDIUM
24.135623433121662,22.406897,MEDIUM
21.50414329048355,22.877079,MEDIUM
20.9314104079605,22.542244,MEDIUM
24.58480865460075,21.694036,MEDIUM
25.256476956038334,22.375555,MEDIUM
23.211220868020085,23.482279,MEDIUM
25.069093336786086,23.524628,MEDIUM
24.55623812934132,24.105848,MEDIUM
22.178772070665794,24.40407,MEDIUM
26.65870442613992,23.680258,MEDIUM
27.2334311647776,24.40736,MEDIUM
27.20010927397616,25.356491,HIGH
25.69039446762218,26.301573,HIGH
25.629501027074248,25.903687,HIGH
26.320723863777943,25.58995,HIGH
23.84811696271821,25.440033,HIGH
27.159272733863595,24.537273,MEDIUM
23.646856057476175,25.02446,HIGH
25.655396957607582,24.322248,MEDIUM
26.23103934983651,24.51436,MEDIUM
23.39575136655005,24.760971,MEDIUM
25.354927531402957,24.281662,MEDIUM
24.573802201242387,24.17501,MEDIUM
23.17793257414787,24.029854,MEDIUM
15.614198730283146,23.387627,MEDIUM
16.678791665853606,14.984667,MEDIUM
17.97645759399639,14.59219,MEDIUM
15.076256288695221,16.089733,MEDIUM
20.180483440906777,15.700872,MEDIUM
15.620203295684178,17.681759,MEDIUM
15.73641062852944,17.020199,MEDIUM
15.462953647309792,16.525547,MEDIUM
16.06414501131345,16.039368,MEDIUM
14.68108108464414,16.076778,MEDIUM
16.662650800289093,15.640661,MEDIUM
15.16602538559697,16.046822,MEDIUM
14.429896442891465,15.931242,MEDIUM
18.31414201787824,15.649963,MEDIUM
17.53760293698214,16.548939,MEDIUM
21.19494001814386,16.839535,MEDIUM
17.348704421321244,18.810545,MEDIUM
19.90257990664427,18.534285,MEDIUM
17.72455607731518,19.123714,MEDIUM
19.728418940222873,18.484627,MEDIUM
16.736542618529782,18.820328,MEDIUM
20.00745884937227,18.0065,MEDIUM
18.040890631345803,18.585024,MEDIUM
17.89965305624485,18.34124,MEDIUM
18.86953907850129,18.141136,MEDIUM
17.590214306648548,18.23315,MEDIUM
19.00494554767473,18.007557,MEDIUM
18.095980706155494,18.252533,MEDIUM
16.62557752492222,18.022593,MEDIUM
14.59808724163916,17.46693,MEDIUM
15.77230272623764,16.159584,MEDIUM
13.39503984421989,16.224497,MEDIUM
11.097203770978878,15.556316,MEDIUM
11.627500312217618,13.131271,MEDIUM
12.892202990936147,12.670071,MEDIUM
11.79950936476133,12.695873,MEDIUM
9.885561962463091,12.505283,MEDIUM
13.182917162528021,11.831797,MEDIUM
14.367881074345261,12.361013,MEDIUM
12.2110042845023,13.143198,MEDIUM
12.25226969651445,13.091007,MEDIUM
12.620723195881421,13.023407,MEDIUM
13.221695327259477,13.1036,MEDIUM
14.352610777193341,13.357298,MEDIUM
13.227060883698648,13.794899,MEDIUM
11.393455270864543,13.807419,MEDIUM
12.569738218081818,13.468067,MEDIUM
16.931685792357293,13.302738,MEDIUM
14.572928480540202,15.024174,MEDIUM
16.127160526725927,15.009872,MEDIUM
16.226120224714606,15.824993,MEDIUM
19.233968867135726,16.011845,MEDIUM
15.022892266148009,17.369741,MEDIUM
13.569287341627994,16.67447,MEDIUM
13.586362409882433,15.805708,MEDIUM
11.964943487226181,15.035067,MEDIUM
12.621431443061592,13.855988,MEDIUM
14.06771130012144,13.329067,MEDIUM
13.640462656717919,13.603907,MEDIUM
12.273974412235388,13.758808,MEDIUM
0.0,13.521273,MEDIUM
0.0,0.6386342,LOW
0.0,-0.02248013,LOW
0.0,0.16343474,LOW
0.0,0.45082092,LOW
0.0,0.7002833,LOW
0.0,0.90587676,LOW
0.0,0.93411255,LOW
0.27600179793552293,0.9483168,LOW
0.0,0.9940789,LOW
0.0,0.9854442,LOW
0.0,0.9834788,LOW
0.0,0.93449473,LOW
0.0,0.8997257,LOW
0.0,0.93260086,LOW
0.4894065526323903,0.8422376,LOW
0.0,0.9636687,LOW
1.1311325354151816,0.9829762,LOW
0.703284292299351,1.0853968,LOW
0.0,1.1630195,LOW
0.0,1.225315,LOW
0.0,1.2630372,LOW
1.5643337381006859,1.2088959,LOW
0.3365108920863147,1.3578856,LOW
0.0,1.3473247,LOW
0.0,1.236555,LOW
0.0,1.2024878,LOW
1.495028969837783,1.1325345,LOW
0.0,1.3118641,LOW
0.0,1.2255648,LOW
8.181669542746903,1.1027935,LOW
10.507632745315616,6.209094,LOW
6.620036128439403,7.6921372,LOW
8.16940481256887,6.7336574,LOW
7.811388026924594,6.5869136,LOW
4.84162639670814,6.673718,LOW
7.5739335154033665,6.89554,LOW
4.944000707713944,7.8545628,LOW
6.699890309647196,7.180059,LOW
6.353508579558312,7.0205474,LOW
6.887237145558144,7.011929,LOW
7.2748194314568915,6.9607573,LOW
8.415360484569044,7.0369086,LOW
6.704640186515704,7.4655957,LOW
5.733906667433326,7.499928,LOW
6.893118511590064,7.385656,LOW
10.111834133939276,7.435181,LOW
7.364350609191742,8.25588,LOW
7.794110592859103,8.256727,LOW
8.988272762110594,8.18892,LOW
10.920518191394159,8.351751,LOW
9.497954729021927,9.30821,LOW
8.65311386273026,9.589767,LOW
10.350684968846176,9.518593,LOW
7.425111591651968,9.732145,LOW
5.9856994135874135,9.588158,LOW
8.907368662500163,8.578968,LOW
6.705078171613705,8.659216,LOW
9.662651394618113,8.405142,LOW
8.510014352665808,8.808569,LOW
20.199629441257343,8.704075,LOW
18.368861355693426,21.290844,MEDIUM
18.532873587648456,19.415588,MEDIUM
16.612809826185607,19.364786,MEDIUM
16.30827637594741,18.419764,MEDIUM
16.39509565879144,17.70831,MEDIUM
15.796231680540624,17.096596,MEDIUM
17.277266925308595,16.343071,MEDIUM
18.13556389667172,16.66086,MEDIUM
19.84248913404088,17.426273,MEDIUM
16.698241903330974,18.410427,MEDIUM
19.232043522709223,18.115463,MEDIUM
18.30613809025774,18.700214,MEDIUM
19.581379777351113,18.689274,MEDIUM
22.28106141604086,19.179039,MEDIUM
17.69205826855022,20.236183,MEDIUM
21.295202733827544,19.594746,MEDIUM
19.77409667182804,20.35468,MEDIUM
22.313283495882104,19.889284,MEDIUM
21.27733470578304,21.143675,MEDIUM
20.782670463096803,21.24638,MEDIUM
22.155798572219133,20.981522,MEDIUM
19.682235496321894,21.283756,MEDIUM
23.341742975907287,20.65749,MEDIUM
19.85881124983988,21.760548,MEDIUM
19.294053656141244,20.864561,MEDIUM
17.71007386313886,20.102621,MEDIUM
17.84837623969577,18.683321,MEDIUM
19.24759018897094,18.235876,MEDIUM
18.70272204126209,18.447582,MEDIUM
20.044708228793603,18.333641,MEDIUM
16.315235602291153,17.931633,MEDIUM
18.21811161272703,17.103853,MEDIUM
19.422336856781293,17.134068,MEDIUM
19.02215941177316,17.666586,MEDIUM
16.14349808115311,18.12358,MEDIUM
16.298739518599124,17.519539,MEDIUM
16.782582604987518,17.035738,MEDIUM
19.264670008633566,16.679205,MEDIUM
17.727561383393155,17.466959,MEDIUM
19.276827108248032,17.578363,MEDIUM
18.60899438904882,18.335117,MEDIUM
16.040156432458332,18.572966,MEDIUM
17.6237395723433,17.685877,MEDIUM
19.987664866912482,17.335442,MEDIUM
19.18086177468993,18.406824,MEDIUM
19.455745503171407,18.672329,MEDIUM
21.988564473421285,19.013279,MEDIUM
21.22236023466527,20.103205,MEDIUM
22.00654562900546,20.595482,MEDIUM
19.60862643740132,21.259848,MEDIUM
21.03459061576168,20.753052,MEDIUM
22.76914620075047,20.532248,MEDIUM
20.690191683063375,21.16306,MEDIUM
21.170830234892723,21.149837,MEDIUM
20.584965541594954,20.850624,MEDIUM
18.747708571780358,20.52667,MEDIUM
20.204815543367847,19.77086,MEDIUM
19.930646324825794,19.209728,MEDIUM
18.60311180822568,19.366291,MEDIUM
26.480240898866015,18.94706,MEDIUM
26.184693711927565,25.510958,HIGH
24.007533046910794,25.771114,HIGH
23.643462940930913,25.341421,HIGH
24.530755562515147,24.893387,MEDIUM
24.680792675103056,24.818657,MEDIUM
24.97534385561147,24.468952,MEDIUM
25.152635556980883,23.785196,MEDIUM
25.88532233565647,24.33411,MEDIUM
24.666246426818354,24.967617,MEDIUM
25.570209138750926,24.673134,MEDIUM
24.29346142348826,24.722557,MEDIUM
26.51805655718777,24.371422,MEDIUM
29.44847146279883,24.945065,MEDIUM
25.089207204057235,26.662624,HIGH
27.695692722472373,26.038412,HIGH
26.260703109540252,26.779942,HIGH
25.334889653001227,26.480259,HIGH
28.66164019721782,25.929462,HIGH
26.91323071429361,26.47929,HIGH
27.152939962967242,26.245102,HIGH
26.85306630939121,26.471148,HIGH
28.28101219216619,26.127354,HIGH
23.720760982317366,26.61395,HIGH
26.287915731216316,25.165709,HIGH
27.518146930459704,24.949783,MEDIUM
25.6598197330921,25.350311,HIGH
26.069054877922746,25.291437,HIGH
22.796506837521523,25.385025,HIGH
23.192986174177175,24.249775,MEDIUM
24.347692926173778,23.46591,MEDIUM
19.652887415452767,22.064072,MEDIUM
23.263989389280372,20.102026,MEDIUM
21.740766923948808,20.969185,MEDIUM
22.976887076563443,20.827236,MEDIUM
23.083771514166887,21.583466,MEDIUM
23.14433157544407,22.021666,MEDIUM
22.262130976456184,22.503675,MEDIUM
20.220779160076127,22.25788,MEDIUM
24.579477535950947,21.457155,MEDIUM
20.22602456330494,22.260283,MEDIUM
22.3670237307302,21.525225,MEDIUM
21.32903595030557,21.42516,MEDIUM
24.602570446480364,21.296782,MEDIUM
22.527594391102667,22.663944,MEDIUM
22.775099707016455,22.56239,MEDIUM
22.751891936172484,22.847382,MEDIUM
23.252907189349358,22.606485,MEDIUM
24.178485202983133,22.700342,MEDIUM
23.78288044226059,22.968838,MEDIUM
23.3514876581253,23.145214,MEDIUM
25.717398191211014,23.101242,MEDIUM
23.768107117761787,23.84016,MEDIUM
24.705693891549767,23.709064,MEDIUM
25.266895114594657,23.769361,MEDIUM
23.621510266296752,24.075064,MEDIUM
26.781990341621928,23.761566,MEDIUM
25.279416639347012,24.59112,MEDIUM
22.082718690824134,24.663837,MEDIUM
21.557544916111308,23.446114,MEDIUM
0.0,22.041132,MEDIUM
0.0,2.022001,LOW
0.0,0.5748452,LOW
0.0,0.37927926,LOW
0.47754769149258536,0.36723232,LOW
0.0,0.4245684,LOW
0.0,0.882619,LOW
0.8638829918964444,1.0126008,LOW
0.0,1.097348,LOW
0.0,1.0716922,LOW
0.0,1.0724568,LOW
0.34119900643391965,0.98923767,LOW
0.0,1.0879172,LOW
0.0,1.0859445,LOW
0.0,1.0203713,LOW
0.0,0.969579,LOW
1.515429349454358,0.9854876,LOW
1.2612788219563562,1.1834236,LOW
1.140417555727879,1.2742823,LOW
0.76739342467223,1.3150206,LOW
3.8517982892525957,1.3284774,LOW
2.1079523459463747,1.7410431,LOW
2.530585989835039,2.0119557,LOW
0.0,2.2232313,LOW
0.0,1.7774097,LOW
0.0,1.6821563,LOW
0.10183580468781628,1.6008456,LOW
0.0,1.4830085,LOW
0.0,1.2652379,LOW
0.0,1.0922294,LOW
39.91432940592331,1.0245154,LOW
38.72297661623812,38.312946,HIGH
35.47993950328088,35.953476,HIGH
36.31479768577004,36.69599,HIGH
38.34697589550865,35.869877,HIGH
35.53169286983418,36.094196,HIGH
34.71979744867583,35.964115,HIGH
36.987295889706125,32.636578,HIGH
35.4419166917443,32.84057,HIGH
38.76259826583488,33.01919,HIGH
37.43761330454376,34.43719,HIGH
37.42595551353244,35.190144,HIGH
37.86529628575916,36.957577,HIGH
35.382940808774315,37.391422,HIGH
39.12278470793953,36.29034,HIGH
37.81950618796203,36.9364,HIGH
41.41865053658337,37.139805,HIGH
38.700321287750114,39.06431,HIGH
38.43013945884947,39.594902,HIGH
41.52436736098897,39.76639,HIGH
39.396983126113085,40.368298,HIGH
40.87957452134547,39.55117,HIGH
37.53604157398003,39.789196,HIGH
37.32512275005488,38.28711,HIGH
38.293178318126984,37.68134,HIGH
36.451312290634476,36.115658,HIGH
37.36565230584331,34.3547,HIGH
38.950256400965806,34.155697,HIGH
34.497488651880815,34.65407,HIGH
38.248651885941364,33.848957,HIGH
29.92342591869357,34.787083,HIGH
26.542696720616537,30.442274,HIGH
26.328383397498218,27.173513,HIGH
27.814913315840066,25.10997,HIGH
26.24223299877133,24.77185,MEDIUM
26.919175859943444,24.540092,MEDIUM
26.256932384202457,24.562107,MEDIUM
25.240756102332625,25.33038,HIGH
23.403261983455714,25.096481,HIGH
26.453776954660274,23.919065,MEDIUM
28.846171390868353,24.549774,MEDIUM
28.2177149177708,26.085293,HIGH
25.920231547000398,26.71983,HIGH
27.783917493939104,26.3554,HIGH
28.237703688860442,27.103512,HIGH
28.98435397439345,27.286818,HIGH
27.994504837216873,27.802372,HIGH
29.478850735962116,27.888624,HIGH
27.965348831754135,28.464691,HIGH
32.460103269815725,27.999588,HIGH
30.7478148557151,29.857811,HIGH
29.78762406704937,29.687805,HIGH
29.711926586871293,29.25257,HIGH
29.371284817671608,29.152237,HIGH
27.917621058969026,28.569689,HIGH
28.79933229658173,27.606495,HIGH
25.2766797054274,27.067036,HIGH
26.063619120390783,26.004486,HIGH
25.968767615365373,25.006824,HIGH
26.093964784561372,24.483719,MEDIUM
35.58665831856023,24.460453,MEDIUM
34.74434969694542,31.691175,HIGH
33.029694820029164,33.172585,HIGH
30.389247826430477,33.23811,HIGH
34.267350385641095,32.011322,HIGH
33.523424842947044,32.69719,HIGH
33.138677433698625,32.554188,HIGH
32.497245464694515,30.567415,HIGH
30.450504731398148,30.858768,HIGH
34.646666336393395,30.79924,HIGH
33.00768378964705,31.873108,HIGH
31.38299604233386,30.949934,HIGH
33.04033854514676,30.501968,HIGH
34.61986604456365,31.345089,HIGH
34.44588449756567,32.195583,HIGH
35.950663281738414,33.311607,HIGH
38.97871777356944,34.4188,HIGH
35.79092981329995,37.062054,HIGH
35.41942019779184,37.324757,HIGH
37.288291997636236,36.864132,HIGH
38.191964986109454,36.681656,HIGH
34.1956569178587,36.663193,HIGH
34.75060966372853,34.844475,HIGH
36.73194152581324,32.475544,HIGH
33.98202548430105,33.596287,HIGH
34.070587199869095,32.710205,HIGH
36.807319606991584,31.282146,HIGH
33.585131507116095,32.82609,HIGH
32.54283449980346,33.14207,HIGH
34.97870253409754,31.03319,HIGH
18.89666976709949,31.15393,HIGH
20.337222485279945,18.273012,MEDIUM
20.312277275912646,18.669937,MEDIUM
20.047002819600863,18.880337,MEDIUM
19.66187304112914,18.933361,MEDIUM
16.801331134444595,18.78102,MEDIUM
18.324025406692854,17.597351,MEDIUM
19.321574600733143,17.943663,MEDIUM
18.54368788576955,18.299587,MEDIUM
20.663354163051356,18.497921,MEDIUM
20.322907824109592,19.270409,MEDIUM
20.743044986762143,19.694397,MEDIUM
16.073539751800574,20.000088,MEDIUM
20.167998288853905,18.51064,MEDIUM
20.440003205780556,18.82058,MEDIUM
19.56025805952232,19.25665,MEDIUM
20.70109689697465,19.42802,MEDIUM
21.336985595295673,19.633997,MEDIUM
19.794561289815338,20.372988,MEDIUM
19.30776200078723,20.247494,MEDIUM
22.242778024406473,19.610765,MEDIUM
21.0907929045989,20.570065,MEDIUM
20.412593830472094,20.85368,MEDIUM
21.679671157903403,20.643078,MEDIUM
19.76030480935203,20.847214,MEDIUM
18.766119160121438,20.469486,MEDIUM
16.306061675566024,19.43391,MEDIUM
16.923491179444788,17.651924,MEDIUM
20.252696000188962,17.013363,MEDIUM
19.399653304519905,18.20528,MEDIUM
17.21602873444682,18.563477,MEDIUM
16.681831771890337,17.718746,MEDIUM
18.46808725723315,16.84721,MEDIUM
21.407621411339626,17.208372,MEDIUM
18.790806295910265,18.927345,MEDIUM
20.4503566429072,18.950516,MEDIUM
15.74643763600366,19.579205,MEDIUM
18.20956913107826,18.245829,MEDIUM
15.817382031554253,17.552418,MEDIUM
19.068826498483553,16.706429,MEDIUM
18.850797548243328,17.455791,MEDIUM
17.330192416372366,17.993872,MEDIUM
18.483725955502003,17.948559,MEDIUM
20.867432054722357,17.966843,MEDIUM
18.839313723055728,18.958115,MEDIUM
22.925962167607803,19.075306,MEDIUM
21.662277501040748,20.606081,MEDIUM
20.16567145828999,21.062939,MEDIUM
23.144838957814553,20.955696,MEDIUM
19.929953871567584,21.397053,MEDIUM
21.7760289334942,21.004595,MEDIUM
21.05696707282315,20.948719,MEDIUM
20.54089242246977,20.809341,MEDIUM
18.64488753544038,20.629498,MEDIUM
18.781155790680934,19.636215,MEDIUM
19.063807324712933,18.572842,MEDIUM
20.923882920450414,18.398235,MEDIUM
17.995541751384543,19.04772,MEDIUM
19.92660402844446,18.641455,MEDIUM
19.45929008506622,18.948818,MEDIUM
0.0,18.959118,MEDIUM
0.0,0.54854286,LOW
0.0,0.21630895,LOW
0.0,0.13852096,LOW
0.0,0.25693953,LOW
0.0,0.3053167,LOW
0.0,0.7086618,LOW
0.0,0.8634069,LOW
0.0,0.84373546,LOW
0.0,0.8640257,LOW
0.0,0.86347103,LOW
0.0,0.8063983,LOW
0.0,0.829427,LOW
0.0,0.833465,LOW
0.0,0.8032192,LOW
0.0,0.8217118,LOW
0.0,0.88667643,LOW
0.0,0.86168826,LOW
0.0,0.88862145,LOW
0.0,0.93028975,LOW
0.9880514175248454,0.9603679,LOW
0.0,1.0310743,LOW
0.0,1.0489383,LOW
0.5641599904718131,1.0429525,LOW
0.0,1.1051292,LOW
0.0,1.1237677,LOW
0.0,1.1212935,LOW
0.0,0.9973043,LOW
0.0,0.982834,LOW
0.0,1.0061703,LOW
17.01366333741435,0.9754671,LOW
17.81300070748741,18.517715,MEDIUM
18.171421978427325,16.517092,MEDIUM
17.311223725598268,16.80528,MEDIUM
15.163372550383302,17.449562,MEDIUM
16.413508537078556,16.46405,MEDIUM
15.289142353224761,16.723566,MEDIUM
16.493907482755727,16.24153,MEDIUM
17.71397661835274,16.293016,MEDIUM
17.762004724531586,16.863274,MEDIUM
15.109840259210372,17.433899,MEDIUM
15.619623530334092,16.703648,MEDIUM
17.599905786695828,16.41176,MEDIUM
18.352789909869497,17.000048,MEDIUM
18.63406191260973,17.61932,MEDIUM
18.5924931189181,18.17215,MEDIUM
17.930347707723314,18.516787,MEDIUM
19.08902993301412,18.635738,MEDIUM
23.1227947750639,18.834408,MEDIUM
21.796659362409294,20.655998,MEDIUM
21.272614286039353,21.27903,MEDIUM
19.259670685340488,21.529055,MEDIUM
17.518356604075198,20.756126,MEDIUM
18.27252664700799,19.371899,MEDIUM
18.272019856694776,18.175325,MEDIUM
19.35406906470535,17.80394,MEDIUM
17.264309583434223,18.39218,MEDIUM
15.519504154449027,18.051016,MEDIUM
18.202985558416813,17.124958,MEDIUM
19.524723322476895,17.490967,MEDIUM
28.875683355392226,18.330406,MEDIUM
27.037674784976943,26.486395,HIGH
29.456579376565795,26.197569,HIGH
28.071305524813823,27.581459,HIGH
25.53999452329468,27.238636,HIGH
25.346495112968945,26.879625,HIGH
28.640100678486107,26.00327,HIGH
27.670575514067558,25.939117,HIGH
25.7071560816035,26.31784,HIGH
28.471329750907156,25.94049,HIGH
26.863587821703284,27.08543,HIGH
30.372288181516005,26.754139,HIGH
29.18774427149366,28.168474,HIGH
29.415404118839966,28.00979,HIGH
30.04480325826571,28.439768,HIGH
30.430225551326757,28.63322,HIGH
29.72795584464977,29.231281,HIGH
30.234606100663328,29.812794,HIGH
31.23857186968862,29.757536,HIGH
30.282991568070784,30.307858,HIGH
32.55238474673942,29.98821,HIGH
30.434204574765324,30.629183,HIGH
33.36372413117198,29.768417,HIGH
31.098294501352306,30.905075,HIGH
31.72527484131106,30.754656,HIGH
30.47811363035637,30.45982,HIGH
28.717374517192916,30.092068,HIGH
27.870588079314857,28.025566,HIGH
27.872715900906748,27.436111,HIGH
26.246567876059316,26.138937,HIGH
13.089819693217462,25.21423,HIGH
15.790995206709132,11.565659,MEDIUM
13.156313006666224,13.246414,MEDIUM
14.253825820656399,13.365038,MEDIUM
12.83391830105823,13.634933,MEDIUM
13.399195274401087,13.43594,MEDIUM
12.433588202370377,13.687401,MEDIUM
15.54725582624862,13.482254,MEDIUM
14.094652459397466,14.370153,MEDIUM
14.009922021637067,14.231766,MEDIUM
14.542514196439537,14.4932785,MEDIUM
14.89466813428502,14.661133,MEDIUM
14.822344220375413,14.939369,MEDIUM
14.233619053815303,15.159803,MEDIUM
16.142131912343398,15.101835,MEDIUM
16.754303038793672,15.674828,MEDIUM
16.304854919508,16.191446,MEDIUM
18.3365297757831,16.319048,MEDIUM
18.589294216667277,16.936054,MEDIUM
16.694275540770832,17.858532,MEDIUM
18.235677114659904,17.625559,MEDIUM
13.514467452790964,17.861336,MEDIUM
17.151894234186084,16.195707,MEDIUM
16.317110621085448,16.427841,MEDIUM
15.06043330229466,16.177914,MEDIUM
15.762394326260734,15.976669,MEDIUM
10.876233106559829,15.862883,MEDIUM
14.317434715033997,14.282501,MEDIUM
15.056866630978998,14.317236,MEDIUM
12.805905437427135,14.256716,MEDIUM
24.874505703062823,14.075121,MEDIUM
24.38813827551069,23.783949,MEDIUM
25.766067307351058,23.421444,MEDIUM
22.45716556185637,24.569317,MEDIUM
21.36795576419907,23.786442,MEDIUM
20.88965599192087,23.138885,MEDIUM
19.192718374110832,21.871777,MEDIUM
23.416040465949365,19.907738,MEDIUM
21.851221917067093,21.231533,MEDIUM
22.678235943805735,21.315971,MEDIUM
21.38717486500058,22.154316,MEDIUM
22.85024729806473,21.88272,MEDIUM
23.026419006338543,22.500427,MEDIUM
26.9913460573397,22.527458,MEDIUM
25.01183820420868,24.499456,MEDIUM
24.145042529941712,24.540192,MEDIUM
23.3834943072057,24.405212,MEDIUM
24.213908234470647,23.949015,MEDIUM
24.614234985042277,24.026918,MEDIUM
23.97162541155566,23.962742,MEDIUM
23.444169088879214,23.583183,MEDIUM
26.075553085086742,23.434914,MEDIUM
24.572170340246807,24.559736,MEDIUM
23.851187479519037,24.376514,MEDIUM
22.081854589231348,23.845495,MEDIUM
25.564799108172974,22.900585,MEDIUM
25.135359140431255,23.456097,MEDIUM
22.613174405924298,23.707357,MEDIUM
21.59591954738155,23.07658,MEDIUM
23.48872892821916,22.347174,MEDIUM
35.49775767401488,22.473192,MEDIUM
32.039498070719915,32.719845,HIGH
29.658653302422472,32.621387,HIGH
28.54332755507723,31.796206,HIGH
31.413487492770535,30.2429,HIGH
32.051048919287105,30.689632,HIGH
27.08715845197257,30.692799,HIGH
30.637049590426038,26.865604,HIGH
28.902036099129322,28.927197,HIGH
28.758701447329567,28.576506,HIGH
30.61850635916299,28.041904,HIGH
29.171567548190062,28.036755,HIGH
27.601579165707975,27.799326,HIGH
32.285214662444325,27.930906,HIGH
32.04548224585304,29.773039,HIGH
31.158634707077248,30.862682,HIGH
33.91446575014604,31.123138,HIGH
33.930559571451596,32.382305,HIGH
31.892875882557277,33.45247,HIGH
32.395412379633584,32.993725,HIGH
30.204300202928238,32.167778,HIGH
33.90211078669391,30.940565,HIGH
30.95816262030764,31.541872,HIGH
32.034276018851244,30.237698,HIGH
30.773559771703194,30.659107,HIGH
32.46614102051232,30.848583,HIGH
31.043451507246083,31.060349,HIGH
32.53417637253924,30.324415,HIGH
30.55307837360105,29.783323,HIGH
28.944560933521636,29.158113,HIGH
6.008500643762497,28.010715,HIGH
8.077021506399188,5.6558623,LOW
7.1293537761595385,7.230126,LOW
8.076853904156074,5.666813,LOW
7.970398189772702,5.8292675,LOW
5.960549878963704,6.930076,LOW
7.092707494769087,7.9439616,LOW
7.766320061576778,7.7776904,LOW
4.788936528923962,8.046495,LOW
7.357385826074623,7.41833,LOW
6.600264936945818,7.3974967,LOW
5.569477094883972,7.2794547,LOW
9.933721454719501,7.0416512,LOW
8.639226668187687,7.959284,LOW
9.2298991107324,8.04014,LOW
6.645253291933512,8.655363,LOW
6.584455064619419,8.494759,LOW
11.841884418266915,8.454668,LOW
10.281288098687464,10.174219,MEDIUM
11.78205990079044,10.176918,MEDIUM
10.734656651077486,10.576904,MEDIUM
12.61344417155156,10.586645,MEDIUM
10.329356967631165,11.304142,MEDIUM
7.324298252418467,11.224722,MEDIUM
10.183114102599445,10.535248,MEDIUM
9.506866173570158,10.44519,MEDIUM
8.946341118169228,10.369654,MEDIUM
6.528567028935948,10.184103,MEDIUM
4.331239220493597,9.417028,LOW
11.2050465692546,7.593268,LOW
16.14020018534329,9.750586,LOW
14.909241722911288,11.910883,MEDIUM
16.907083466756873,12.410305,MEDIUM
15.87059647012073,14.248716,MEDIUM
12.750878003199063,14.521297,MEDIUM
14.06195907183476,14.290033,MEDIUM
14.927231435592725,14.5798645,MEDIUM
16.4537574664065,14.726599,MEDIUM
13.517071779609775,15.283152,MEDIUM
16.74409890832974,14.812178,MEDIUM
16.32536560292327,15.679438,MEDIUM
16.77774173446753,15.873907,MEDIUM
15.34582809012225,16.34856,MEDIUM
15.761112126468683,16.02448,MEDIUM
16.917402834078466,16.073648,MEDIUM
15.66728870114515,16.316816,MEDIUM
16.107718538622606,16.19346,MEDIUM
15.058094809329615,16.179708,MEDIUM
17.93510276209292,15.934769,MEDIUM
16.95122024869942,16.587358,MEDIUM
18.25225198584945,16.701944,MEDIUM
17.698537773907585,17.25103,MEDIUM
16.54565177782661,17.447634,MEDIUM
17.43461184475281,17.26205,MEDIUM
17.59302531071522,17.050005,MEDIUM
16.222498771337467,17.195698,MEDIUM
14.738833928418602,16.745468,MEDIUM
15.959070018757767,16.008173,MEDIUM
17.455454852222708,15.889828,MEDIUM
16.52286705958853,16.320251,MEDIUM
2.743581214214375,16.389486,MEDIUM
2.543601394768789,3.080916,LOW
3.457650323469461,2.400712,LOW
3.5315133879823604,2.080855,LOW
3.422735590363984,1.9598819,LOW
2.628410712754502,2.1864758,LOW
1.329480462744046,3.4838023,LOW
4.6642076871643745,2.7805378,LOW
3.5535575948896474,3.2832747,LOW
0.4807056656336073,3.4857376,LOW
6.074107817064821,2.8930063,LOW
5.164495199415374,3.4984407,LOW
5.648415633151777,4.166074,LOW
3.571179136584572,4.9523926,LOW
4.474427667642858,4.6446853,LOW
4.751059070331301,4.619816,LOW
5.534360461109016,4.977065,LOW
4.691575260066378,5.430214,LOW
6.967480775443297,5.3248777,LOW
7.128913676971761,5.6332836,LOW
5.222638258966407,6.0704107,LOW
8.236550807588051,6.2317257,LOW
3.7367334221759974,6.7484837,LOW
4.170867419360952,6.2360244,LOW
6.785690586845472,5.745848,LOW
3.9030997383572466,6.180606,LOW
5.269370043792808,5.8121595,LOW
4.4755474615151964,5.6430454,LOW
4.380981987823084,5.3656654,LOW
7.081044782199586,5.129776,LOW
39.186230372976055,5.714938,LOW
41.90571044699505,38.18956,HIGH
36.67387096210905,37.225887,HIGH
38.04533575827352,37.01002,HIGH
40.19552866782413,37.213017,HIGH
37.897185939649404,37.377476,HIGH
37.843299403901845,37.389572,HIGH
37.49712423326978,35.61742,HIGH
36.63920669539228,34.28479,HIGH
35.99155656194066,35.693966,HIGH
39.117737588385594,33.561565,HIGH
39.61988029768634,35.134037,HIGH
37.6214381815649,37.565662,HIGH
39.94306623547651,38.076057,HIGH
38.715210884108,39.05251,HIGH
40.58114513936869,39.174774,HIGH
42.878382402890196,39.492207,HIGH
40.92101192659746,40.746937,HIGH
40.614640408959296,41.220768,HIGH
41.429109175442484,41.184605,HIGH
40.80091205897246,40.723072,HIGH
43.313121613863046,40.035767,HIGH
39.57281826202426,39.745975,HIGH
39.16537191380997,37.628044,HIGH
39.23753436972024,38.181927,HIGH
37.636244653249435,37.621834,HIGH
39.468142932496306,35.398,HIGH
37.27071775248768,35.76312,HIGH
38.83899245466233,34.55292,HIGH
37.97030792880988,36.481117,HIGH
25.523945843701185,36.254887,HIGH
26.76380135437679,26.23207,HIGH
25.465340173105,26.94936,HIGH
25.111144668358516,25.385113,HIGH
23.532169502196744,24.130459,MEDIUM
24.908105619705616,22.88137,MEDIUM
28.423668199871233,23.13807,MEDIUM
25.18690393682317,25.367167,HIGH
25.28674655837223,24.986876,MEDIUM
24.168522224629264,24.944496,MEDIUM
25.975331081450566,24.473186,MEDIUM
26.42823771897573,24.684942,MEDIUM
26.792301751162704,24.886581,MEDIUM
25.213809341322833,25.594494,HIGH
26.048890061335317,25.398844,HIGH
26.566313294717567,25.624798,HIGH
31.95170100387598,25.813948,HIGH
28.466602229672358,28.729197,HIGH
28.192768987877106,28.520657,HIGH
30.670456763989034,28.2519,HIGH
29.6129759935838,28.870333,HIGH
28.235283860701784,28.703074,HIGH
26.275814544695226,28.122173,HIGH
26.834414655364814,26.802017,HIGH
25.169897174857915,26.41084,HIGH
26.610486574574026,25.029884,HIGH
26.906907045703992,24.639668,MEDIUM
25.03349241662511,24.870289,MEDIUM
27.130197742636426,24.576117,MEDIUM
26.784727955539626,25.231735,HIGH
10.286430325035147,25.714943,HIGH
6.7732620906248115,8.30003,LOW
10.102610178905415,7.210898,LOW
7.721611842484775,8.432285,LOW
7.635187702800131,7.7986436,LOW
8.273275497431166,7.505937,LOW
10.603700554360564,8.904364,LOW
3.2330315869407524,9.659725,LOW
10.223397823131462,7.011968,LOW
11.000284142708493,9.062136,LOW
10.181313844766825,9.731058,LOW
10.035169047372465,9.983877,LOW
7.733655411698448,10.241726,MEDIUM
6.886795513918756,9.940582,LOW
10.311706487129669,9.346769,LOW
10.69525712057928,10.017441,MEDIUM
10.239734372566035,10.284933,MEDIUM
9.194133752238187,10.410246,MEDIUM
9.658798368659426,10.260475,MEDIUM
12.07732981960324,10.281502,MEDIUM
9.005448692946418,10.843647,MEDIUM
9.556842329428891,10.72134,MEDIUM
9.870618830907555,10.575703,MEDIUM
10.058384314346196,10.46748,MEDIUM
10.455594662528657,10.567987,MEDIUM
6.983295671710259,10.661055,MEDIUM
9.490359410403865,10.118275,MEDIUM
8.420735156664179,10.001028,MEDIUM
8.398458464618669,9.820133,LOW
10.419053722678239,9.618036,LOW
17.594929011530986,9.940552,LOW
20.485311223929838,17.150126,MEDIUM
18.311876664975323,18.67768,MEDIUM
17.177760351609628,18.736242,MEDIUM
19.083844655742197,18.322601,MEDIUM
17.16036617486074,18.679525,MEDIUM
16.41634212806121,18.21118,MEDIUM
16.355339755438976,17.405184,MEDIUM
15.952685551283881,16.964144,MEDIUM
18.34439118845213,16.610558,MEDIUM
17.54296970996161,17.304945,MEDIUM
14.24271546173059,17.44019,MEDIUM
17.97650043114862,16.407877,MEDIUM
16.46877574442822,17.232647,MEDIUM
17.735282755115037,17.145544,MEDIUM
18.269204023253415,17.476227,MEDIUM
22.657504465232638,17.812557,MEDIUM
19.874323549249254,20.001308,MEDIUM
22.078455162821086,20.026117,MEDIUM
19.43918261010525,20.915215,MEDIUM
18.675989832751974,20.586292,MEDIUM
19.752698572063498,19.982315,MEDIUM
18.169950235960286,19.429966,MEDIUM
17.668455311869167,18.83585,MEDIUM
15.065818275696662,18.291317,MEDIUM
18.79089943857437,17.02724,MEDIUM
14.936709219724014,17.613274,MEDIUM
19.149614591828872,16.55509,MEDIUM
17.25579495773485,17.717457,MEDIUM
20.149456677945864,17.575075,MEDIUM
6.006344317167187,18.7711,MEDIUM
6.46159680450724,4.246766,LOW
7.383046310785314,5.3018136,LOW
5.755486193404609,5.8328238,LOW
5.6168284928657854,5.94314,LOW
5.808896296288227,5.997062,LOW
7.017590083148962,6.9092135,LOW
6.669198151402023,6.7533636,LOW
5.043879839684669,6.8055077,LOW
7.025579511618481,6.580711,LOW
6.6578061676787605,6.6095347,LOW
7.315114145201466,6.879437,LOW
5.839320116096152,7.1183605,LOW
5.438867522577208,7.0006814,LOW
4.887234352305578,6.8011203,LOW
8.032389803451558,6.5209107,LOW
7.8751433844914995,7.0126114,LOW
7.876946807273887,7.230403,LOW
9.229800667906893,7.379676,LOW
8.968840451190045,7.6726775,LOW
9.466571835010825,8.251638,LOW
5.641160368405291,9.017515,LOW
11.971888209897203,8.698368,LOW
8.146011060812565,10.250603,MEDIUM
6.012873463915298,9.779491,LOW
8.040350092141422,8.772336,LOW
9.485777975736749,8.587946,LOW
7.264987763221924,8.91982,LOW
5.119437261941206,8.661507,LOW
6.651693888575846,7.9931273,LOW
22.492475992153345,7.538967,LOW
18.598506479348828,22.272078,MEDIUM
17.483229446962206,19.568836,MEDIUM
20.477295396627095,18.708963,MEDIUM
19.808496633075748,18.735416,MEDIUM
18.47980547494802,19.104895,MEDIUM
17.549338731622093,18.87414,MEDIUM
18.282565725228746,18.022297,MEDIUM
17.164812787588332,18.061262,MEDIUM
20.458184529567966,17.627808,MEDIUM
18.303853318127853,18.619484,MEDIUM
18.712351911529076,18.622257,MEDIUM
20.54798459477961,18.705532,MEDIUM
21.915457671778583,19.211056,MEDIUM
21.79126857844576,20.21368,MEDIUM
22.54885965601245,20.826683,MEDIUM
21.777674489841857,21.657799,MEDIUM
20.67630067431432,21.809635,MEDIUM
24.829015826582324,21.28823,MEDIUM
20.190487090719802,22.46741,MEDIUM
20.40483806606318,21.65569,MEDIUM
21.00667155047575,20.94645,MEDIUM
21.74713898228506,20.596373,MEDIUM
21.4636206045137,20.864388,MEDIUM
18.6605497589707,20.836887,MEDIUM
22.52495279328995,19.93495,MEDIUM
22.488213947633017,20.630526,MEDIUM
20.854352832563443,21.120441,MEDIUM
21.071250433751757,21.211676,MEDIUM
20.044428855166423,20.965452,MEDIUM
37.70967639842013,20.473434,MEDIUM
34.75199249865534,35.152306,HIGH
34.94921138084361,34.95593,HIGH
34.74201958007448,34.792168,HIGH
38.033973054394764,34.416355,HIGH
35.54103255653759,35.592064,HIGH
33.29387614315147,35.484436,HIGH
32.07580608429682,31.952917,HIGH
35.18057269811427,31.964466,HIGH
34.65384704631735,32.9901,HIGH
35.70830661549761,32.524754,HIGH
31.884974831517923,32.730682,HIGH
37.13663452651363,33.140736,HIGH
36.114235521691626,34.933575,HIGH
32.659821050223144,35.21558,HIGH
37.87151056991401,34.443905,HIGH
38.14617145309567,36.09087,HIGH
38.76770878695877,36.64432,HIGH
36.74901560025803,37.738964,HIGH
37.67708322086531,37.575962,HIGH
36.20045259152719,37.760082,HIGH
38.64895936240559,36.824196,HIGH
35.39250910928623,36.311005,HIGH
38.49020066787505,35.29108,HIGH
36.40693071808661,36.664547,HIGH
38.39477955360167,36.643047,HIGH
34.5321018173828,36.426296,HIGH
37.02493958445263,35.138294,HIGH
35.522773507889234,33.907326,HIGH
35.30535246462175,32.832344,HIGH
34.00216114480154,32.31551,HIGH
31.5391292982959,30.894796,HIGH
34.44738996142157,27.792973,HIGH
32.66869591925421,28.47073,HIGH
29.720677100487094,27.848852,HIGH
28.81713593928151,27.075327,HIGH
31.616642589216365,26.999851,HIGH
30.59817564426437,28.863667,HIGH
30.55296210342469,28.90195,HIGH
30.764027421148764,29.019848,HIGH
30.550537230864936,29.694393,HIGH
32.56202829646085,29.789583,HIGH
34.546683775015076,30.467045,HIGH
31.89688098823013,32.02757,HIGH
34.805697736544325,32.22293,HIGH
32.708340004339426,33.199276,HIGH
34.9738412620434,32.88805,HIGH
34.79884181053132,33.5867,HIGH
35.286854171336714,33.47646,HIGH
32.71403308780033,33.84124,HIGH
34.28231735858721,33.06622,HIGH
32.252107749147406,33.2908,HIGH
33.01162944418347,32.05428,HIGH
33.53912666652467,31.43046,HIGH
36.69581739972841,31.650566,HIGH
34.50695640903708,33.165714,HIGH
33.58398235612726,33.215168,HIGH
30.61231770776252,32.902203,HIGH
34.47699082854388,31.731123,HIGH
31.30323727312884,32.20054,HIGH
0.0,30.690336,HIGH
0.0,1.9027472,LOW
0.0,0.7012564,LOW
0.0,0.49717057,LOW
0.0,0.4957199,LOW
0.0,0.44050896,LOW
0.0,0.70094335,LOW
0.0,0.93913054,LOW
0.0,0.9409151,LOW
0.0,0.9106982,LOW
0.0,0.8931265,LOW
0.46027978752816345,0.89247036,LOW
0.687113698105394,0.98905694,LOW
0.0,1.0515525,LOW
0.2641362376334442,1.0284667,LOW
1.9979888716505148,1.0480733,LOW
0.0,1.2135512,LOW
0.0,1.291146,LOW
0.0,1.2502427,LOW
2.080187204432759,1.1702238,LOW
1.436802494871145,1.3351068,LOW
2.7483006871385154,1.404137,LOW
0.0,1.410247,LOW
1.0198863718184192,1.42561,LOW
0.0,1.5079391,LOW
0.0,1.5098121,LOW
1.112026702447313,1.4129602,LOW
0.0,1.4011754,LOW
0.0,1.2570199,LOW
0.0,1.1050843,LOW
24.92585676151576,0.9790802,LOW
26.637779251841,26.596619,HIGH
24.298110432239746,24.60051,MEDIUM
27.20461655791599,24.351406,MEDIUM
24.757260512942942,24.753593,MEDIUM
24.053195809773637,24.471127,MEDIUM
27.06077569332126,24.122091,MEDIUM
24.623869454512615,24.657446,MEDIUM
23.13884729060632,24.550404,MEDIUM
26.518766113458174,23.73901,MEDIUM
27.67143521870825,24.450325,MEDIUM
26.06449346659177,25.529087,HIGH
21.754701523479664,25.585686,HIGH
27.788805208998724,23.164358,MEDIUM
25.766105776767628,25.42498,HIGH
24.103133686568746,25.023724,HIGH
27.085378682168866,24.533482,MEDIUM
23.94748818376621,25.215809,HIGH
27.54131203040621,24.830727,MEDIUM
28.64058500729801,25.599876,HIGH
27.607501175043414,26.381035,HIGH
27.383685824258663,26.920853,HIGH
28.951887213575848,26.840508,HIGH
27.31060074581707,27.414165,HIGH
26.9559874243378,26.848534,HIGH
25.58416222808631,26.401058,HIGH
25.985241444334417,25.83735,HIGH
25.01387637378455,25.30078,HIGH
23.416240579364022,24.568943,MEDIUM
23.228788039446442,23.55295,MEDIUM
9.51144248603492,22.685854,MEDIUM
8.785961396133523,7.898854,LOW
5.538321231490214,7.811325,LOW
5.532183593078723,6.1898355,LOW
4.98727831561027,5.13463,LOW
9.83651577455403,4.083429,LOW
8.758627506604084,5.9758544,LOW
7.187686628045524,8.127644,LOW
5.11419962570759,7.893167,LOW
9.719164811400383,7.207136,LOW
7.622697697840671,8.3611765,LOW
9.734880832507415,8.45476,LOW
8.68178224836602,8.898858,LOW
7.909303984910637,8.833866,LOW
9.076228715425113,8.776106,LOW
10.05097596197379,8.985737,LOW
10.723610987390789,9.597481,LOW
12.252647637118592,10.007933,MEDIUM
11.156115274593077,10.560532,MEDIUM
8.382228285545716,10.661997,MEDIUM
11.45345858887148,10.512648,MEDIUM
10.40401196117217,10.752514,MEDIUM
11.832231168117474,10.76976,MEDIUM
9.416184146973984,11.022469,MEDIUM
9.58967633449032,10.760891,MEDIUM
9.3858133301972,10.490593,MEDIUM
9.968547044243165,10.336475,MEDIUM
10.691346811036839,10.359173,MEDIUM
8.246084880123426,10.438112,MEDIUM
8.398598502205195,10.093002,MEDIUM
